fold,index,actual,predicted,residual
1,0,-0.949854837,0.1913645128800909,-1.1412193498800909
1,1,-0.768671275,0.1913645128800909,-0.9600357878800909
1,2,-1.63684252,0.10970761842800662,-1.7465501384280067
1,3,-1.659490466,0.10970761842800662,-1.7691980844280066
1,4,-1.040446621,0.10970761842800662,-1.1501542394280067
1,5,1.171502733,0.24658139824455078,0.9249213347554492
1,6,-0.421402773,0.24658139824455078,-0.6679841712445508
1,7,0.73364245,0.24658139824455078,0.48706105175544917
1,12,-1.38771512,0.18885527541618943,-1.5765703954161894
1,13,-1.583997313,0.18885527541618943,-1.7728525884161894
1,14,-1.05554525,0.18885527541618943,-1.2444005254161894
1,28,-0.746023329,0.24658139824455078,-0.9926047272445508
1,29,-1.176334294,0.24658139824455078,-1.4229156922445507
1,30,0.258035592,0.24658139824455078,0.011454193755449205
1,33,1.224347939,0.06166142557283961,1.1626865134271605
1,34,0.73364245,0.06166142557283961,0.6719810244271603
1,35,-1.312221967,0.06166142557283961,-1.3738833925728395
1,36,0.582656148,0.06166142557283961,0.5209947224271604
1,37,1.141305472,0.31777178582678006,0.8235336861732199
1,38,0.960121907,0.3237603751419149,0.6363615318580851
1,39,1.111108212,0.3237603751419149,0.7873478368580851
1,40,0.235387646,0.3237603751419149,-0.08837272914191491
1,41,-0.625234284,0.3237603751419149,-0.9489946591419149
1,43,-0.549741132,0.32797470545778673,-0.8777158374577867
1,44,-0.00619044,0.32797470545778673,-0.33416514545778675
1,45,1.141305472,0.32797470545778673,0.8133307665422133
1,47,0.575106831,0.1944390365019806,0.38066779449801946
1,48,-1.214080869,0.1944390365019806,-1.4085199055019806
1,49,-0.013739754,0.1944390365019806,-0.2081787905019806
1,50,0.591397232,-0.148924227350951,0.7403214593509511
1,51,0.446443697,-0.148924227350951,0.595367924350951
1,52,0.376102158,-0.148924227350951,0.525026385350951
1,53,0.27087172,-0.148924227350951,0.419795947350951
1,54,0.005130584,-0.148924227350951,0.154054811350951
1,55,-0.90163303,-0.15580704441088503,-0.745825985589115
1,56,-0.618139991,-0.1999521225323379,-0.41818786846766215
1,57,0.156406218,-0.1760520695259019,0.3324582875259019
1,58,1.287129138,-0.22529152159247665,1.5124206595924767
1,59,1.188358405,-0.1737904953620836,1.3621489003620837
1,60,0.016347511,-0.2151226481376103,0.23147015913761032
1,61,0.284563878,-0.154110419234009,0.43867429723400897
1,62,1.542183615,-0.18895391515921978,1.7311375301592196
1,63,0.369067536,-0.11490164410486571,0.48396918010486567
1,64,-0.267808716,-0.0890131190945818,-0.17879559690541819
1,65,-0.000693688,-0.0890131190945818,0.0883194310945818
1,66,-0.018177875,-0.19909462409550227,0.18091674909550226
1,67,1.006942447,-0.19700872702030667,1.2039511740203066
1,68,0.126303201,-0.1582185705419547,0.2845217715419547
1,69,0.558413746,-0.14160670223459448,0.7000204482345945
1,70,0.090284279,-0.22008938386506852,0.3103736628650685
1,71,1.114244624,-0.223194775039177,1.3374393990391769
1,72,2.652444137,-0.223194775039177,2.875638912039177
1,73,0.70502409,-0.19757288399050088,0.9025969739905009
1,74,0.046852111,-0.2636864914398288,0.3105386024398288
1,75,1.545845426,-0.19757288399050088,1.743418309990501
1,76,-0.487038893,-0.36703120633965064,-0.12000768666034933
1,77,-0.36090019,-0.25041084974933936,-0.11048934025066065
1,78,-0.739247226,-0.24393334879648473,-0.4953138772035153
1,79,-0.454068115,-0.25525693053369225,-0.19881118446630774
1,80,-0.186220187,-0.20130216496688552,0.015081977966885513
1,81,-0.221497938,-0.20949726646962705,-0.012000671530372958
1,82,-0.304309722,-0.2217581171372412,-0.08255160486275881
1,83,-0.78918011,-0.1985293547603986,-0.5906507552396014
1,84,-0.655217637,-0.23009544851905106,-0.42512218848094896
1,85,-0.487731463,-0.05653175747970105,-0.4311997055202989
1,86,-0.155007835,-0.25717693778336026,0.10216910278336025
1,87,-0.528237606,-0.21681292046662426,-0.31142468553337577
1,88,0.115357729,-0.1947814883234802,0.3101392173234802
1,89,0.012113926,-0.2076212020488185,0.2197351280488185
1,90,-0.349214715,-0.21273588904179191,-0.1364788259582081
1,91,-0.275348065,-0.184641664275808,-0.09070640072419198
1,92,-1.277147572,-0.0723692425682467,-1.2047783294317533
1,93,0.675300121,-0.46699332601165555,1.1422934470116557
1,94,0.378946877,-0.46699332601165555,0.8459402030116556
1,95,-0.285687998,-0.24827376969963205,-0.03741422830036795
1,96,-0.330279959,-0.15400122385555426,-0.17627873514444575
1,97,-0.765396581,-0.24125679028552396,-0.524139790714476
1,98,0.408566264,-0.22950488617834036,0.6380711501783404
1,99,-0.207761799,-0.1934615391151619,-0.014300259884838101
1,100,-0.607636547,-0.2999991439488934,-0.30763740305110665
1,101,0.211808996,-0.21284193087102923,0.42465092687102923
1,102,-0.684204406,-0.1986152360366896,-0.48558916996331036
1,103,-0.504564287,-0.18953372410837382,-0.3150305628916262
1,104,-1.277147572,-0.2195145662644318,-1.0576330057355683
1,105,-0.404286285,-0.22127282473403326,-0.18301346026596677
1,106,0.54877782,-0.2547766580715986,0.8035544780715986
1,107,-0.020086967,-0.247596426121477,0.227509459121477
1,108,-1.204487396,-0.21923702335625933,-0.9852503726437407
1,109,-0.145214886,-0.2636864914398288,0.11847160543982882
1,110,-0.38725356,-0.2574684050219732,-0.12978515497802678
1,111,-1.10774729,-0.1650708042753417,-0.9426764857246583
1,112,-0.298817894,-0.2478525507148344,-0.05096534328516558
1,113,-0.438385076,-0.24114616854075255,-0.19723890745924744
1,114,-0.938193003,-0.18036115436639677,-0.7578318486336032
1,115,-0.183629976,-0.16437935637353698,-0.019250619626463017
1,116,0.011010023,-0.1940186201389736,0.20502864313897362
1,117,-0.264970109,-0.21239196885525227,-0.05257814014474774
1,118,-0.217982887,-0.23067443095364448,0.012691543953644496
1,119,0.197131989,-0.26317202270402923,0.46030401170402924
1,120,0.167705626,-0.16556943337883495,0.33327505937883495
1,121,0.051876036,-0.37498006709617154,0.42685610309617156
1,122,-0.37612334,-0.19450265066085898,-0.181620689339141
1,123,-1.277147572,-0.1882254328563662,-1.088922139143634
1,124,-0.425367698,-0.2255175865372233,-0.1998501114627767
1,125,0.337564472,-0.24721863873946348,0.5847831107394634
1,126,-0.426489373,-0.19558997650804705,-0.23089939649195296
1,127,-0.390211644,-0.18591458851126294,-0.20429705548873708
1,128,-0.091430542,-0.1974375956057124,0.10600705360571239
1,129,-0.591290225,-0.1633678151193474,-0.42792240988065255
1,130,-0.047160642,-0.1954606566164731,0.1483000146164731
1,131,-0.196664844,-0.22441048665587407,0.027745642655874064
1,132,0.145177858,-0.18454837293671028,0.3297262309367103
1,133,-0.205617641,-0.1890613490623704,-0.016556291937629586
1,134,-0.46195385,-0.18798696465938636,-0.27396688534061364
1,135,-0.677990531,-0.2524377574463263,-0.42555277355367366
1,136,-0.077265066,-0.2506381299594627,0.17337306395946273
1,137,-0.530447184,-0.21837762918057876,-0.3120695548194212
1,138,2.369891543,-0.29284077606554865,2.6627323190655487
1,139,-1.277147572,-0.23302117222602026,-1.0441263997739798
1,140,-1.277147572,-0.2196153371993557,-1.0575322348006444
1,141,0.97949762,-0.26458511342483376,1.2440827334248337
1,142,-0.747541331,-0.17084197028628784,-0.5766993607137121
1,143,0.067714876,-0.22312452659247303,0.29083940259247304
1,144,0.105695004,-0.18627708010696792,0.2919720841069679
1,145,-0.904072277,-0.15481066455437623,-0.7492616124456238
1,146,-1.229021459,-0.25928853953546843,-0.9697329194645314
1,147,0.689252154,-0.24190696109783777,0.9311591150978378
1,148,-1.15673203,-0.24106013258411957,-0.9156718974158804
1,149,-0.704354176,-0.25626264465926085,-0.4480915313407392
1,150,-1.277147572,-0.2532056987942124,-1.0239418732057877
1,151,-0.85227916,-0.10645943099888691,-0.7458197290011132
1,152,-0.239810845,-0.27124055663438684,0.03142971163438685
1,153,-0.303727285,-0.24165018957698772,-0.06207709542301229
1,154,-0.760997653,-0.22228522999703004,-0.53871242300297
1,155,-1.085197261,-0.19717019501419053,-0.8880270659858095
1,156,-0.502786152,-0.20582191276565187,-0.2969642392343481
1,157,-0.575650182,-0.21689558952464869,-0.35875459247535124
1,158,-1.110277235,-0.2079836181653911,-0.902293616834609
1,159,-0.073563604,-0.21947489001433992,0.14591128601433992
1,160,-0.742272899,-0.23939387628809208,-0.502879022711908
1,161,-1.277147572,-0.22134170341142498,-1.0558058685885752
1,162,-0.199999698,-0.22228522999703004,0.02228553199703004
1,163,-0.91934152,-0.271495246956604,-0.647846273043396
1,164,0.411723217,-0.17743864840152337,0.5891618654015234
1,165,-0.610072025,-0.04402267216753345,-0.5660493528324666
1,166,-0.308736391,-0.1090736749738483,-0.1996627160261517
1,167,0.347943924,-0.1805888477035422,0.5285327717035422
1,168,-0.327149126,-0.08807430654464812,-0.2390748194553519
1,169,-0.2176814,-0.09321084253045915,-0.12447055746954085
1,170,-0.510237207,-0.11702045306098488,-0.3932167539390151
1,171,-1.077235272,-0.0984938942534541,-0.9787413777465459
1,172,-0.15891686,-0.06815093727610781,-0.09076592272389218
1,173,-0.321005101,-0.1453598208744954,-0.17564528012550462
1,174,-0.056201453,-0.29371497332458313,0.23751352032458312
1,175,-0.390601801,-0.24046160787471843,-0.1501401931252816
1,176,-1.271661851,-0.19290737200969968,-1.0787544789903003
1,177,0.465810856,-0.21811992960956697,0.683930785609567
1,178,-0.087216451,-0.25295859840537044,0.16574214740537044
1,179,-0.176297969,-0.24958596770278108,0.07328799870278108
1,180,3.667275901,-0.21826823363262737,3.885544134632627
1,181,0.037508757,-0.26102136252961194,0.29853011952961195
1,182,-1.196686151,-0.21209051479928356,-0.9845956362007164
1,183,-0.851248177,-0.22302962961807318,-0.6282185473819268
1,184,-0.49715314,-0.20096924879728179,-0.2961838912027182
1,185,-1.277147572,-0.1675370620172764,-1.1096105099827236
1,186,-0.590206323,-0.11231512113220883,-0.47789120186779116
1,187,-0.627775958,-0.12541096486326658,-0.5023649931367333
1,188,0.633589447,-0.38799809220444864,1.0215875392044487
1,189,-0.58590166,-0.4017594849889629,-0.18414217501103708
1,190,-0.174250424,-0.25683351051619285,0.08258308651619287
1,191,0.141973353,-0.25530445146348424,0.39727780446348426
1,192,-0.082480441,-0.27407708813741394,0.19159664713741392
1,193,0.332979664,-0.22268011954378533,0.5556597835437853
1,194,-0.219671821,-0.2363658188890102,0.016693997889010215
1,195,-0.223818465,-0.16426091877150725,-0.05955754622849274
1,196,-0.576141635,-0.14715698564895172,-0.4289846493510483
1,197,0.003546701,-0.16276540461834205,0.16631210561834206
1,198,0.157650232,-0.2293014641054464,0.38695169610544644
1,199,-0.463432675,-0.2356372805256713,-0.22779539447432873
1,200,-0.161281642,-0.02066674342476883,-0.14061489857523118
1,201,-0.60167678,-0.08097448555815681,-0.5207022944418432
1,202,-1.166544229,-0.11011130552702829,-1.056432923472972
1,203,-0.391445478,-0.20588789086846526,-0.18555758713153475
1,204,-0.144095072,-0.14642624033656182,0.0023311683365618285
1,205,0.332979664,-0.1503103647513183,0.4832900287513183
1,206,3.9498073,-0.15681714990773488,4.106624449907734
1,207,4.544497192,-0.154110419234009,4.698607611234008
1,208,3.544862966,-0.154110419234009,3.698973385234009
1,209,3.499412855,-0.14160670223459448,3.6410195572345945
1,210,-1.277147572,-0.14789283762528485,-1.1292547343747152
1,211,-0.625662708,-0.12354444323725888,-0.5021182647627411
1,212,-0.821102469,-0.17896675528254577,-0.6421357137174541
1,213,1.23249433,-0.14376970896019717,1.3762640389601972
1,214,0.637522117,-0.1455628880178962,0.7830850050178962
1,215,0.577993191,-0.14376970896019717,0.7217628999601972
1,216,1.047297859,-0.14376970896019717,1.1910675679601972
1,217,0.971590362,-0.14376970896019717,1.1153600709601972
1,218,-0.24324496,-0.14376970896019717,-0.09947525103980284
1,219,2.530006353,-0.23142065110165488,2.761427004101655
1,220,0.215103573,-0.1545648723284493,0.3696684453284493
1,221,0.96781453,-0.14376970896019717,1.111584238960197
1,222,1.051037576,-0.030080032734498836,1.0811176087344987
1,223,-0.430371765,-0.33423545678099287,-0.09613630821900715
1,224,0.381225272,-0.3470052496223441,0.7282305216223441
1,225,2.108306373,-0.2586605380203424,2.3669669110203424
1,226,4.232203163,-0.2599801870511498,4.49218335005115
1,227,-0.228968636,-0.2657633340294964,0.03679469802949642
1,228,0.094442296,-0.18907678012864784,0.28351907612864785
1,229,0.253797513,-0.16668758711200954,0.4204851001120095
1,230,-0.239143442,-0.19684822899521492,-0.04229521300478509
1,231,-0.508712053,-0.1907262786870882,-0.3179857743129118
1,232,-0.264997398,-0.13796672653458036,-0.12703067146541963
1,233,0.278405409,-0.17804217883894255,0.45644758783894257
1,234,-1.277147572,-0.17176085842327501,-1.105386713576725
1,235,-0.014827248,-0.17804217883894255,0.16321493083894256
1,236,0.17251956,-0.17804217883894255,0.35056173883894254
1,237,0.025668436,-0.17804217883894255,0.20371061483894254
1,238,3.127629079,-0.14639072771794057,3.2740198067179405
1,239,-0.475928013,-0.14639072771794057,-0.3295372852820594
1,240,0.094442296,-0.19591676369749048,0.2903590596974905
1,241,-1.274536357,-0.287670386390813,-0.9868659706091869
1,242,0.683293383,-0.14639072771794057,0.8296841107179406
1,243,-0.644078055,-0.1999507233287697,-0.4441273316712303
1,244,-0.019086309,-0.1999507233287697,0.1808644143287697
1,245,-0.623961895,-0.1999507233287697,-0.42401117167123026
1,246,4.181623819,-0.1737904953620836,4.355414314362084
1,247,0.269245569,-0.18229143033310558,0.4515369993331056
1,248,1.33779135,-0.1985809485950738,1.5363722985950738
1,249,3.251894519,-0.1985809485950738,3.4504754675950737
1,250,0.163830825,-0.1751385360605901,0.3389693610605901
1,251,-0.064464423,-0.1751385360605901,0.11067411306059009
1,252,0.941203039,-0.1985809485950738,1.1397839875950737
1,253,-0.907542644,-0.2868101315165426,-0.6207325124834573
1,254,0.948515253,-0.30962686366281317,1.258142116662813
1,255,-0.417551294,-0.20085764270853865,-0.21669365129146137
1,256,0.001559327,-0.3121861936828793,0.3137455206828793
1,257,0.264574285,-0.1338899500936647,0.3984642350936647
1,258,-0.536699207,-0.2138337196807389,-0.32286548731926107
1,259,-0.030409242,-0.17844077610672238,0.14803153410672237
1,260,0.728358835,-0.17844077610672238,0.9067996111067224
1,261,-0.036391527,-0.11965657826341716,0.08326505126341716
1,262,-0.211252794,-0.09244808302813325,-0.11880471097186675
1,263,-0.322176188,-0.24187552422868341,-0.08030066377131656
1,264,0.161324292,-0.19811863906557467,0.3594429310655747
1,265,0.588315186,-0.04501978579013242,0.6333349717901324
1,266,1.952133334,-0.030080032734498836,1.9822133667344988
1,267,0.302695801,-0.030080032734498836,0.3327758337344988
1,268,-0.209864423,-0.030080032734498836,-0.17978439026550116
1,269,-0.309027931,-0.1525319501084945,-0.1564959808915055
1,270,-0.383287769,-0.155955083194252,-0.227332685805748
1,271,-0.103089831,-0.2609659818496498,0.1578761508496498
1,272,0.56762071,-0.07791653910493213,0.6455372491049322
1,273,0.99766394,-0.07791653910493213,1.0755804791049322
1,274,-0.163444604,-0.0574267995563302,-0.10601780444366979
1,275,-0.20950472,-0.0574267995563302,-0.1520779204436698
1,276,0.530174434,-0.21329470486219962,0.7434691388621996
1,277,0.573889203,-0.3401304243708402,0.9140196273708402
1,278,0.379157774,-0.329566734181743,0.708724508181743
1,279,0.07668945,-0.33934655647437495,0.41603600647437494
1,280,0.110987832,-0.33325112359972725,0.44423895559972726
1,281,0.026122039,-0.3283799954647682,0.3545020344647682
1,282,-0.321997124,-0.3283799954647682,0.006382871464768181
1,283,0.044200887,-0.3283799954647682,0.3725808824647682
1,284,-0.153561899,-0.2955969875025306,0.1420350885025306
1,285,-0.161640301,-0.27508492100949494,0.11344462000949496
1,286,1.428267232,-0.2820571574896497,1.7103243894896498
1,287,-0.108629032,-0.33411512987789527,0.22548609787789525
1,288,-0.355674629,-0.33411512987789527,-0.021559499122104753
1,289,-0.306936889,-0.3264271273194176,0.019490238319417597
1,290,-0.902994601,-0.15580704441088503,-0.747187556589115
1,291,-0.778464033,-0.1999521225323379,-0.5785119104676621
1,292,-0.515221916,-0.1760520695259019,-0.3391698464740981
1,293,2.269460919,-0.22529152159247665,2.494752440592477
1,294,1.600501004,-0.1737904953620836,1.7742914993620837
1,295,-0.101306532,-0.2151226481376103,0.11381611613761031
1,296,0.475829079,-0.154110419234009,0.629939498234009
1,297,4.207604886,-0.18895391515921978,4.3965588011592205
1,298,-0.011999566,-0.11490164410486571,0.10290207810486571
1,299,-0.457811661,-0.0890131190945818,-0.36879854190541816
1,300,-0.582243433,-0.0890131190945818,-0.4932303139054182
1,301,-0.222358772,-0.19909462409550227,-0.02326414790449774
1,302,2.708800522,-0.1768424104076574,2.8856429324076576
1,303,0.888044856,-0.19700872702030667,1.0850535830203067
1,304,0.235026805,-0.1582185705419547,0.3932453755419547
1,305,0.479320366,-0.14160670223459448,0.6209270682345944
1,306,-0.121789896,-0.22008938386506852,0.09829948786506852
1,307,-0.108692245,-0.223194775039177,0.114502530039177
1,308,0.151539555,-0.223194775039177,0.374734330039177
1,309,0.697394955,-0.19757288399050088,0.8949678389905009
1,310,0.34809963,-0.2636864914398288,0.6117861214398288
1,311,1.126211799,-0.19757288399050088,1.323784682990501
1,312,-0.040025417,-0.36703120633965064,0.32700578933965063
1,313,-1.124315988,-0.25041084974933936,-0.8739051382506606
1,314,-0.483010456,-0.24393334879648473,-0.23907710720351524
1,315,-0.731561868,-0.25525693053369225,-0.47630493746630775
1,316,-0.32314694,-0.20130216496688552,-0.12184477503311447
1,317,-0.104525426,-0.20949726646962705,0.10497184046962704
1,318,-0.554219878,-0.2217581171372412,-0.33246176086275886
1,319,-0.477819305,-0.1985293547603986,-0.27928995023960146
1,320,-0.517664772,-0.23009544851905106,-0.287569323480949
1,321,-0.476467961,-0.05653175747970105,-0.4199362035202989
1,322,-0.22887532,-0.25717693778336026,0.028301617783360267
1,323,-0.493404239,-0.21681292046662426,-0.27659131853337576
1,324,-0.342227681,-0.1947814883234802,-0.14744619267651982
1,325,-0.284933659,-0.2076212020488185,-0.0773124569511815
1,326,-0.093256814,-0.21273588904179191,0.11947907504179192
1,327,-0.487664094,-0.184641664275808,-0.303022429724192
1,328,-0.549691926,-0.0723692425682467,-0.4773226834317533
1,329,0.008903547,-0.46699332601165555,0.47589687301165556
1,330,0.557472179,-0.46699332601165555,1.0244655050116556
1,331,-0.196283751,-0.24827376969963205,0.051990018699632046
1,332,-0.446255152,-0.15400122385555426,-0.29225392814444573
1,333,-0.767050658,-0.24125679028552396,-0.5257938677144761
1,334,0.250567532,-0.22950488617834036,0.48007241817834034
1,335,-0.178327242,-0.1934615391151619,0.015134297115161899
1,336,-0.431661245,-0.2999991439488934,-0.13166210105110665
1,337,0.247230132,-0.21284193087102923,0.4600720628710292
1,338,-1.086068161,-0.1986152360366896,-0.8874529249633104
1,339,-0.726722416,-0.18953372410837382,-0.5371886918916262
1,340,-1.277147572,-0.2195145662644318,-1.0576330057355683
1,341,-0.646462248,-0.22127282473403326,-0.4251894232659667
1,342,0.18700761,-0.2547766580715986,0.4417842680715986
1,343,-0.284791217,-0.247596426121477,-0.03719479087852298
1,344,-1.100412523,-0.21923702335625933,-0.8811754996437406
1,345,-0.156086334,-0.2636864914398288,0.10760015743982881
1,346,-0.327149508,-0.2574684050219732,-0.06968110297802677
1,347,0.890915802,-0.1650708042753417,1.0559866062753418
1,348,-0.398386516,-0.2478525507148344,-0.15053396528516563
1,349,-1.277147572,-0.24114616854075255,-1.0360014034592475
1,350,-1.277147572,-0.18036115436639677,-1.0967864176336033
1,351,-0.391319346,-0.16437935637353698,-0.22693998962646303
1,352,0.105438058,-0.1940186201389736,0.2994566781389736
1,353,-0.570096209,-0.21239196885525227,-0.3577042401447478
1,354,-0.343864745,-0.23067443095364448,-0.11319031404635554
1,355,-0.121592608,-0.26317202270402923,0.14157941470402924
1,356,0.264843999,-0.16556943337883495,0.43041343237883495
1,357,-0.084846553,-0.37498006709617154,0.29013351409617155
1,358,-0.543078078,-0.19450265066085898,-0.348575427339141
1,359,-0.628210073,-0.1882254328563662,-0.4399846401436338
1,360,-0.165058011,-0.2255175865372233,0.06045957553722331
1,361,0.066935425,-0.24721863873946348,0.3141540637394635
1,362,-0.141581032,-0.19558997650804705,0.05400894450804705
1,363,-0.365336549,-0.18591458851126294,-0.17942196048873707
1,364,-0.247296589,-0.1974375956057124,-0.04985899339428762
1,365,-1.210705916,-0.1633678151193474,-1.0473381008806526
1,366,-0.140592998,-0.1954606566164731,0.05486765861647311
1,367,-0.755327894,-0.22441048665587407,-0.530917407344126
1,368,0.025193532,-0.18454837293671028,0.20974190493671027
1,369,-0.406475288,-0.1890613490623704,-0.21741393893762959
1,370,-0.727015375,-0.18798696465938636,-0.5390284103406137
1,371,-0.654064273,-0.2524377574463263,-0.40162651555367374
1,372,-1.277147572,-0.2506381299594627,-1.0265094420405374
1,373,-0.511221889,-0.21837762918057876,-0.2928442598194212
1,374,0.14955756,-0.29284077606554865,0.4423983360655487
1,375,-1.24795971,-0.23302117222602026,-1.0149385377739797
1,376,-1.277147572,-0.2196153371993557,-1.0575322348006444
1,377,0.838598588,-0.26458511342483376,1.1031837014248338
1,378,-0.451112619,-0.17084197028628784,-0.28027064871371216
1,379,-0.263705825,-0.22312452659247303,-0.04058129840752697
1,380,-0.179994893,-0.18627708010696792,0.006282187106967929
1,381,-0.735675129,-0.15481066455437623,-0.5808644644456238
1,382,-1.277147572,-0.25928853953546843,-1.0178590324645316
1,383,0.796963828,-0.24190696109783777,1.0388707890978377
1,384,0.071910772,-0.24106013258411957,0.3129709045841196
1,385,-0.569072461,-0.25626264465926085,-0.3128098163407391
1,386,0.015122174,-0.2532056987942124,0.2683278727942124
1,387,-0.650636706,-0.10645943099888691,-0.5441772750011131
1,388,-0.401228379,-0.27124055663438684,-0.12998782236561318
1,389,-0.195264314,-0.24165018957698772,0.04638587557698773
1,390,-0.313012346,-0.22228522999703004,-0.09072711600296995
1,391,-0.757114182,-0.19717019501419053,-0.5599439869858095
1,392,-0.705888866,-0.20582191276565187,-0.5000669532343481
1,393,-0.140298309,-0.21689558952464869,0.07659728052464868
1,394,-0.710173111,-0.2079836181653911,-0.5021894928346089
1,395,-0.346069928,-0.21947489001433992,-0.1265950379856601
1,396,-1.086365027,-0.23939387628809208,-0.846971150711908
1,397,-1.277147572,-0.22134170341142498,-1.0558058685885752
1,398,-0.277349745,-0.22228522999703004,-0.05506451500296994
1,399,-1.277147572,-0.271495246956604,-1.0056523250433962
1,400,0.320816715,-0.17743864840152337,0.4982553634015233
1,401,-0.499246216,-0.04402267216753345,-0.45522354383246655
1,402,-0.023638633,-0.1090736749738483,0.0854350419738483
1,403,0.232741766,-0.1805888477035422,0.4133306137035422
1,404,-0.256715452,-0.08807430654464812,-0.1686411454553519
1,405,-0.120846952,-0.09321084253045915,-0.027636109469540843
1,406,1.79964853,-0.11702045306098488,1.9166689830609849
1,407,-0.913530368,-0.0984938942534541,-0.8150364737465459
1,408,-0.294785151,-0.06815093727610781,-0.2266342137238922
1,409,-0.765382895,-0.1453598208744954,-0.6200230741255046
1,410,0.806173982,-0.29371497332458313,1.0998889553245832
1,411,-0.523634944,-0.24046160787471843,-0.28317333612528156
1,412,-1.277147572,-0.19290737200969968,-1.0842401999903004
1,413,0.607836088,-0.21811992960956697,0.8259560176095669
1,414,-0.17337823,-0.25295859840537044,0.07958036840537044
1,415,-0.447740715,-0.24958596770278108,-0.19815474729721894
1,416,1.416640849,-0.21826823363262737,1.6349090826326274
1,417,-0.267228002,-0.26102136252961194,-0.006206639470388076
1,418,-0.992985615,-0.21209051479928356,-0.7808951002007165
1,419,-0.499832332,-0.22302962961807318,-0.27680270238192684
1,420,-1.107176029,-0.20096924879728179,-0.906206780202718
1,421,-1.097195566,-0.1675370620172764,-0.9296585039827235
1,422,-0.652075617,-0.11231512113220883,-0.5397604958677912
1,423,-0.59062916,-0.12541096486326658,-0.4652181951367334
1,424,2.370957328,-0.38799809220444864,2.7589554202044484
1,425,-0.526692379,-0.4017594849889629,-0.12493289401103708
1,426,-0.145025082,-0.25683351051619285,0.11180842851619285
1,427,0.317256325,-0.25530445146348424,0.5725607764634842
1,428,-0.200933417,-0.27407708813741394,0.07314367113741393
1,429,-0.024826388,-0.22268011954378533,0.19785373154378533
1,430,0.829722457,-0.2363658188890102,1.0660882758890102
1,431,-0.268810209,-0.16426091877150725,-0.10454929022849277
1,432,-0.670251025,-0.14715698564895172,-0.5230940393510483
1,433,0.294158143,-0.16276540461834205,0.45692354761834203
1,434,0.2451831,-0.2293014641054464,0.47448456410544637
1,435,-0.714129587,-0.2356372805256713,-0.47849230647432867
1,436,-0.044123119,-0.02066674342476883,-0.023456375575231173
1,437,-0.812808507,-0.08097448555815681,-0.7318340214418432
1,438,-0.800152507,-0.11011130552702829,-0.6900412014729717
1,439,-0.186907485,-0.20588789086846526,0.01898040586846525
1,440,-0.553910775,-0.14642624033656182,-0.40748453466343815
1,441,0.622580554,-0.1503103647513183,0.7728909187513183
1,442,4.289919611,-0.15681714990773488,4.446736760907735
1,443,4.273788993,-0.154110419234009,4.427899412234009
1,444,2.477401975,-0.154110419234009,2.631512394234009
1,445,3.262449649,-0.14160670223459448,3.4040563512345945
1,446,-1.201295349,-0.14789283762528485,-1.0534025113747152
1,447,-0.592212404,-0.12354444323725888,-0.4686679607627411
1,448,-1.277147572,-0.17896675528254577,-1.0981808167174543
1,449,0.832649197,-0.14376970896019717,0.9764189059601971
1,450,3.348577114,-0.1455628880178962,3.494140002017896
1,451,0.789630062,-0.14376970896019717,0.9333997709601971
1,452,1.306978828,-0.14376970896019717,1.4507485369601973
1,453,1.798042273,-0.14376970896019717,1.9418119819601973
1,454,-0.951397358,-0.14376970896019717,-0.8076276490398029
1,455,1.524343548,-0.23142065110165488,1.7557641991016548
1,456,0.284421298,-0.1545648723284493,0.4389861703284493
1,457,0.285732973,-0.14376970896019717,0.42950268196019714
1,458,0.932923026,-0.030080032734498836,0.9630030587344989
1,459,0.305237047,-0.33423545678099287,0.6394725037809929
1,460,0.342332387,-0.3470052496223441,0.689337636622344
1,461,0.397436355,-0.2586605380203424,0.6560968930203424
1,462,4.135997405,-0.2599801870511498,4.39597759205115
1,463,-0.160142173,-0.2657633340294964,0.10562116102949642
1,464,0.146326756,-0.18907678012864784,0.3354035361286478
1,465,0.13660566,-0.16668758711200954,0.30329324711200956
1,466,-0.341011135,-0.19684822899521492,-0.1441629060047851
1,467,-0.305398019,-0.1907262786870882,-0.11467174031291183
1,468,-0.212261682,-0.13796672653458036,-0.07429495546541964
1,469,0.150399358,-0.17804217883894255,0.32844153683894256
1,470,-0.889204225,-0.17176085842327501,-0.7174433665767249
1,471,0.26383055,-0.17804217883894255,0.4418727288389426
1,472,0.132572136,-0.17804217883894255,0.31061431483894253
1,473,-0.041005,-0.17804217883894255,0.13703717883894256
1,474,1.76050571,-0.14639072771794057,1.9068964377179405
1,475,0.601254467,-0.14639072771794057,0.7476451947179406
1,476,0.452248348,-0.19591676369749048,0.6481651116974905
1,477,-0.056652789,-0.287670386390813,0.23101759739081298
1,478,0.818680562,-0.14639072771794057,0.9650712897179405
1,479,-0.611434723,-0.1999507233287697,-0.4114839996712303
1,480,0.749059233,-0.1999507233287697,0.9490099563287697
1,481,-0.613063146,-0.1999507233287697,-0.4131124226712303
1,482,4.064084644,-0.1737904953620836,4.2378751393620835
1,483,0.822586027,-0.18229143033310558,1.0048774573331056
1,484,1.344391196,-0.1985809485950738,1.5429721445950737
1,485,1.419745192,-0.1985809485950738,1.6183261405950737
1,486,1.010909127,-0.1751385360605901,1.18604766306059
1,487,-0.322703082,-0.1751385360605901,-0.14756454593940987
1,488,-0.021647842,-0.1985809485950738,0.1769331065950738
1,489,-0.487996156,-0.2868101315165426,-0.2011860244834574
1,490,2.109176503,-0.30962686366281317,2.418803366662813
1,491,-0.102893753,-0.20085764270853865,0.09796388970853864
1,492,0.10504264,-0.3121861936828793,0.41722883368287933
1,493,0.728788375,-0.1338899500936647,0.8626783250936647
1,494,-0.780548015,-0.2138337196807389,-0.5667142953192612
1,495,-0.234386869,-0.17844077610672238,-0.05594609289327762
1,496,0.323161747,-0.17844077610672238,0.5016025231067224
1,497,-0.088904592,-0.11965657826341716,0.030751986263417158
1,498,-0.095178536,-0.09244808302813325,-0.002730452971866748
1,499,-0.128441833,-0.24187552422868341,0.11343369122868341
1,500,-0.613571392,-0.19811863906557467,-0.4154527529344253
1,501,0.485979315,-0.04501978579013242,0.5309991007901325
1,502,2.208645799,-0.030080032734498836,2.238725831734499
1,503,0.435134539,-0.030080032734498836,0.4652145717344988
1,504,-0.728528525,-0.030080032734498836,-0.6984484922655011
1,505,-0.118008733,-0.1525319501084945,0.034523217108494486
1,506,-0.446675717,-0.155955083194252,-0.29072063380574803
1,507,1.234598701,-0.2609659818496498,1.4955646828496496
1,508,0.715598076,-0.07791653910493213,0.7935146151049322
1,509,0.480249493,-0.07791653910493213,0.5581660321049322
1,510,-0.205147203,-0.0574267995563302,-0.1477204034436698
1,511,0.197354031,-0.0574267995563302,0.2547808305563302
1,512,0.609141919,-0.21329470486219962,0.8224366238621996
1,513,0.864518553,-0.3401304243708402,1.2046489773708402
1,514,-0.292712673,-0.329566734181743,0.036854061181743
1,515,0.216335356,-0.33934655647437495,0.5556819124743749
1,516,0.135435563,-0.33325112359972725,0.46868668659972723
1,517,0.211419322,-0.3283799954647682,0.5397993174647682
1,518,-0.132831648,-0.3283799954647682,0.1955483474647682
1,519,0.075881023,-0.3283799954647682,0.4042610184647682
1,520,-0.301789694,-0.2955969875025306,-0.006192706497469391
1,521,-0.440303811,-0.27508492100949494,-0.16521888999050505
1,522,1.161499193,-0.2820571574896497,1.4435563504896498
1,523,-0.019532344,-0.33411512987789527,0.3145827858778953
1,524,-0.014128303,-0.33411512987789527,0.31998682687789526
1,525,0.402256313,-0.3264271273194176,0.7286834403194176
1,526,-0.555273497,-0.1545648723284493,-0.40070862467155066
1,527,0.176394713,-0.1545648723284493,0.33095958532844927
1,528,-0.374031666,-0.15580704441088503,-0.21822462158911496
1,529,-1.008406566,-0.1999521225323379,-0.8084544434676619
1,530,0.028677913,-0.1760520695259019,0.2047299825259019
1,531,-0.085710255,-0.22529152159247665,0.13958126659247666
1,532,0.836587885,-0.1737904953620836,1.0103783803620836
1,533,-0.803439617,-0.2151226481376103,-0.5883169688623897
1,534,0.51215259,-0.154110419234009,0.666263009234009
1,535,3.006878559,-0.18895391515921978,3.1958324741592197
1,536,0.314424779,-0.11490164410486571,0.4293264231048657
1,537,-0.559776194,-0.0890131190945818,-0.4707630749054182
1,538,0.944900106,-0.0890131190945818,1.0339132250945817
1,539,-0.373272151,-0.19909462409550227,-0.17417752690449773
1,540,3.365712434,-0.1768424104076574,3.5425548444076576
1,541,0.9703095,-0.19700872702030667,1.1673182270203066
1,542,0.197656079,-0.1582185705419547,0.3558746495419547
1,543,0.445039028,-0.14160670223459448,0.5866457302345944
1,544,-0.235745805,-0.22008938386506852,-0.015656421134931486
1,545,2.469535305,-0.223194775039177,2.692730080039177
1,546,2.778658505,-0.223194775039177,3.0018532800391773
1,547,1.031332464,-0.19757288399050088,1.2289053479905008
1,548,0.145471134,-0.2636864914398288,0.4091576254398288
1,549,0.281304056,-0.19757288399050088,0.4788769399905009
1,550,-0.200324502,-0.36703120633965064,0.16670670433965065
1,551,-0.6636094,-0.25041084974933936,-0.41319855025066066
1,552,-0.412536141,-0.24393334879648473,-0.1686027922035153
1,553,-1.031636445,-0.25525693053369225,-0.7763795144663077
1,554,-0.601799484,-0.20130216496688552,-0.40049731903311453
1,555,-0.209971926,-0.20949726646962705,-0.00047465953037295616
1,556,-0.655106813,-0.2217581171372412,-0.43334869586275876
1,557,-0.326548286,-0.1985293547603986,-0.12801893123960142
1,558,-0.313637743,-0.23009544851905106,-0.08354229448094896
1,559,-0.385417925,-0.05653175747970105,-0.3288861675202989
1,560,-0.545883593,-0.25717693778336026,-0.28870665521663974
1,561,0.031333126,-0.21681292046662426,0.24814604646662425
1,562,-0.534813891,-0.1947814883234802,-0.3400324026765198
1,563,-0.274148079,-0.2076212020488185,-0.06652687695118148
1,564,-0.442342244,-0.21273588904179191,-0.22960635495820808
1,565,-0.780778162,-0.184641664275808,-0.5961364977241921
1,566,-0.300057715,-0.0723692425682467,-0.2276884724317533
1,567,-0.278260397,-0.46699332601165555,0.18873292901165556
1,568,0.065694076,-0.46699332601165555,0.5326874020116555
1,569,-0.158840164,-0.24827376969963205,0.08943360569963205
1,570,-0.777217658,-0.15400122385555426,-0.6232164341444457
1,571,-0.865693678,-0.24125679028552396,-0.624436887714476
1,572,0.041807708,-0.22950488617834036,0.27131259417834036
1,573,-0.297964902,-0.1934615391151619,-0.10450336288483808
1,574,-0.452698618,-0.2999991439488934,-0.15269947405110662
1,575,-0.466382237,-0.21284193087102923,-0.2535403061289707
1,576,-0.947375141,-0.1986152360366896,-0.7487599049633104
1,577,-1.151005678,-0.18953372410837382,-0.9614719538916261
1,578,-1.277147572,-0.2195145662644318,-1.0576330057355683
1,579,-1.214327581,-0.22127282473403326,-0.9930547562659668
1,580,-0.272597669,-0.2547766580715986,-0.017821010928401382
1,581,-0.65402303,-0.247596426121477,-0.4064266038785229
1,582,-0.880091448,-0.21923702335625933,-0.6608544246437407
1,583,-0.269886245,-0.2636864914398288,-0.006199753560171217
1,584,-0.055612433,-0.2574684050219732,0.2018559720219732
1,585,0.78950938,-0.1650708042753417,0.9545801842753417
1,586,-0.420748094,-0.2478525507148344,-0.17289554328516563
1,587,-0.958029281,-0.24114616854075255,-0.7168831124592474
1,588,-1.277147572,-0.18036115436639677,-1.0967864176336033
1,589,-0.331617909,-0.16437935637353698,-0.167238552626463
1,590,-0.228039455,-0.1940186201389736,-0.03402083486102639
1,591,-0.800586037,-0.21239196885525227,-0.5881940681447477
1,592,-0.598588753,-0.23067443095364448,-0.36791432204635555
1,593,-0.274407196,-0.26317202270402923,-0.01123517329597079
1,594,0.109577092,-0.16556943337883495,0.27514652537883494
1,595,0.378923375,-0.37498006709617154,0.7539034420961715
1,596,-0.608810192,-0.19450265066085898,-0.414307541339141
1,597,-0.348545481,-0.1882254328563662,-0.1603200481436338
1,598,-0.245495274,-0.2255175865372233,-0.0199776874627767
1,599,-0.168968085,-0.24721863873946348,0.07825055373946349
1,600,-0.073884103,-0.19558997650804705,0.12170587350804704
1,601,-0.555416733,-0.18591458851126294,-0.3695021444887371
1,602,-0.251917165,-0.1974375956057124,-0.05447956939428761
1,603,-0.473907328,-0.1633678151193474,-0.3105395128806526
1,604,-0.136830107,-0.1954606566164731,0.0586305496164731
1,605,-1.250430892,-0.22441048665587407,-1.026020405344126
1,606,0.040404046,-0.18454837293671028,0.22495241893671028
1,607,-0.436855241,-0.1890613490623704,-0.2477938919376296
1,608,-0.83210581,-0.18798696465938636,-0.6441188453406136
1,609,-0.785374926,-0.2524377574463263,-0.5329371685536737
1,610,-1.277147572,-0.2506381299594627,-1.0265094420405374
1,611,0.01784778,-0.21837762918057876,0.23622540918057877
1,612,1.818903993,-0.29284077606554865,2.1117447690655484
1,613,-1.277147572,-0.23302117222602026,-1.0441263997739798
1,614,-1.277147572,-0.2196153371993557,-1.0575322348006444
1,615,0.179954645,-0.26458511342483376,0.44453975842483373
1,616,-0.379448563,-0.17084197028628784,-0.20860659271371218
1,617,-0.348573318,-0.22312452659247303,-0.125448791407527
1,618,-0.245562548,-0.18627708010696792,-0.05928546789303207
1,619,-0.403263723,-0.15481066455437623,-0.2484530584456238
1,620,-1.277147572,-0.25928853953546843,-1.0178590324645316
1,621,0.888885354,-0.24190696109783777,1.1307923150978378
1,622,0.372861484,-0.24106013258411957,0.6139216165841196
1,623,-0.27777399,-0.25626264465926085,-0.021511345340739174
1,624,-0.850704718,-0.2532056987942124,-0.5974990192057876
1,625,-1.083837909,-0.10645943099888691,-0.9773784780011132
1,626,-0.347683824,-0.27124055663438684,-0.07644326736561313
1,627,0.163086033,-0.24165018957698772,0.4047362225769877
1,628,-0.335809464,-0.22228522999703004,-0.11352423400296996
1,629,-0.773324424,-0.19717019501419053,-0.5761542289858095
1,630,-1.16618356,-0.20582191276565187,-0.960361647234348
1,631,-0.03817126,-0.21689558952464869,0.17872432952464867
1,632,-0.286881394,-0.2079836181653911,-0.07889777583460891
1,633,0.034545044,-0.21947489001433992,0.2540199340143399
1,634,-1.277147572,-0.23939387628809208,-1.037753695711908
1,635,-1.124692991,-0.22134170341142498,-0.9033512875885751
1,636,-0.335157326,-0.22228522999703004,-0.11287209600296993
1,637,-1.277147572,-0.271495246956604,-1.0056523250433962
1,638,0.450849685,-0.17743864840152337,0.6282883334015233
1,639,-0.664411124,-0.04402267216753345,-0.6203884518324666
1,640,0.110139605,-0.1090736749738483,0.21921327997384832
1,641,0.006197859,-0.1805888477035422,0.1867867067035422
1,642,-0.309116411,-0.08807430654464812,-0.22104210445535186
1,643,-0.345233628,-0.09321084253045915,-0.2520227854695409
1,644,2.535212968,-0.11702045306098488,2.652233421060985
1,645,-0.43798354,-0.0984938942534541,-0.3394896457465459
1,646,-0.25312253,-0.06815093727610781,-0.1849715927238922
1,647,-0.644354317,-0.1453598208744954,-0.4989944961255046
1,648,2.910175892,-0.29371497332458313,3.203890865324583
1,649,-0.945275445,-0.24046160787471843,-0.7048138371252817
1,650,-0.634476193,-0.19290737200969968,-0.44156882099030037
1,651,0.790755923,-0.21811992960956697,1.008875852609567
1,652,0.064671252,-0.25295859840537044,0.31762985040537045
1,653,-1.154675939,-0.24958596770278108,-0.905089971297219
1,654,3.691088335,-0.21826823363262737,3.909356568632627
1,655,-0.339667007,-0.26102136252961194,-0.07864564447038808
1,656,-0.978194592,-0.21209051479928356,-0.7661040772007165
1,657,-0.164673709,-0.22302962961807318,0.05835592061807318
1,658,-1.277147572,-0.20096924879728179,-1.0761783232027182
1,659,-0.840175362,-0.1675370620172764,-0.6726382999827236
1,660,-0.701070632,-0.11231512113220883,-0.5887555108677911
1,661,-0.385068408,-0.12541096486326658,-0.2596574431367334
1,662,-0.242734407,-0.38799809220444864,0.14526368520444863
1,663,2.736871266,-0.4017594849889629,3.138630750988963
1,664,-0.683855927,-0.25683351051619285,-0.4270224164838071
1,665,-1.202509367,-0.25530445146348424,-0.9472049155365158
1,666,-0.538604816,-0.27407708813741394,-0.26452772786258605
1,667,-0.203729415,-0.22268011954378533,0.018950704543785335
1,668,0.114270655,-0.2363658188890102,0.3506364738890102
1,669,-0.19951276,-0.16426091877150725,-0.03525184122849276
1,670,-0.968418544,-0.14715698564895172,-0.8212615583510483
1,671,0.320322084,-0.16276540461834205,0.48308748861834205
1,672,0.014037801,-0.2293014641054464,0.2433392651054464
1,673,-0.509091184,-0.2356372805256713,-0.2734539034743287
1,674,-0.215476259,-0.02066674342476883,-0.19480951557523118
1,675,-0.98456614,-0.08097448555815681,-0.9035916544418432
1,676,-0.472915591,-0.11011130552702829,-0.3628042854729717
1,677,-0.148784765,-0.20588789086846526,0.05710312586846525
1,678,-0.326760644,-0.14642624033656182,-0.18033440366343817
1,679,-0.489539254,-0.1503103647513183,-0.33922888924868166
1,680,2.716064439,-0.15681714990773488,2.872881588907735
1,681,4.313500646,-0.154110419234009,4.467611065234008
1,682,2.175437157,-0.154110419234009,2.329547576234009
1,683,3.345767656,-0.14160670223459448,3.4873743582345944
1,684,-1.141577,-0.14789283762528485,-0.9936841623747152
1,685,-0.647568281,-0.12354444323725888,-0.5240238377627411
1,686,-1.277147572,-0.17896675528254577,-1.0981808167174543
1,687,0.88008017,-0.14376970896019717,1.0238498789601973
1,688,0.491284154,-0.1455628880178962,0.6368470420178962
1,689,0.596185297,-0.14376970896019717,0.7399550059601971
1,690,0.909417655,-0.14376970896019717,1.0531873639601972
1,691,1.225119488,-0.14376970896019717,1.3688891969601973
1,692,-0.336827815,-0.14376970896019717,-0.1930581060398028
1,693,2.233612688,-0.23142065110165488,2.465033339101655
1,694,0.357369925,-0.1545648723284493,0.5119347973284493
1,695,0.935819436,-0.14376970896019717,1.079589144960197
1,696,-0.818333229,-0.030080032734498836,-0.7882531962655012
1,697,-0.290358559,-0.33423545678099287,0.04387689778099285
1,698,0.47354537,-0.3470052496223441,0.8205506196223441
1,699,1.5387846,-0.2586605380203424,1.7974451380203424
1,700,4.221889374,-0.2599801870511498,4.48186956105115
1,701,0.221315277,-0.2657633340294964,0.48707861102949646
1,702,-0.358238148,-0.18907678012864784,-0.16916136787135214
1,703,0.019397056,-0.16668758711200954,0.18608464311200953
1,704,-0.188632223,-0.19684822899521492,0.008216005995214937
1,705,-0.100862679,-0.1907262786870882,0.0898635996870882
1,706,-0.232457257,-0.13796672653458036,-0.09449053046541964
1,707,0.062593293,-0.17804217883894255,0.24063547183894254
1,708,-0.526926456,-0.17176085842327501,-0.35516559757672495
1,709,0.303979853,-0.17804217883894255,0.48202203183894254
1,710,-0.046599209,-0.17804217883894255,0.13144296983894255
1,711,-0.088687976,-0.17804217883894255,0.08935420283894255
1,712,0.64961134,-0.14639072771794057,0.7960020677179406
1,713,1.06678511,-0.14639072771794057,1.2131758377179407
1,714,0.094442296,-0.19591676369749048,0.2903590596974905
1,715,-0.32461113,-0.287670386390813,-0.03694074360918703
1,716,0.459089278,-0.14639072771794057,0.6054800057179406
1,717,-1.16274601,-0.1999507233287697,-0.9627952866712303
1,718,0.044053233,-0.1999507233287697,0.2440039563287697
1,719,2.327221967,-0.1999507233287697,2.5271726903287695
1,720,4.148872257,-0.1737904953620836,4.322662752362083
1,721,-0.189569663,-0.18229143033310558,-0.007278232666894424
1,722,1.380419397,-0.1985809485950738,1.5790003455950739
1,723,0.548749303,-0.1985809485950738,0.7473302515950738
1,724,1.123904248,-0.1751385360605901,1.2990427840605903
1,725,-0.962945226,-0.1751385360605901,-0.7878066899394098
1,726,-0.652269399,-0.1985809485950738,-0.4536884504049262
1,727,-0.081851233,-0.2868101315165426,0.20495889851654261
1,728,3.462880392,-0.30962686366281317,3.772507255662813
1,729,0.105870597,-0.20085764270853865,0.30672823970853863
1,730,-0.177829158,-0.3121861936828793,0.13435703568287932
1,731,0.675591143,-0.1338899500936647,0.8094810930936647
1,732,-0.940707043,-0.2138337196807389,-0.726873323319261
1,733,-0.310515212,-0.17844077610672238,-0.1320744358932776
1,734,0.085268942,-0.17844077610672238,0.2637097181067224
1,735,-0.132775639,-0.11965657826341716,-0.013119060736582838
1,736,-0.324479827,-0.09244808302813325,-0.23203174397186677
1,737,-0.37630906,-0.24187552422868341,-0.13443353577131656
1,738,-0.634890079,-0.19811863906557467,-0.43677143993442535
1,739,0.473958535,-0.04501978579013242,0.5189783207901324
1,740,1.634007769,-0.030080032734498836,1.6640878017344989
1,741,0.494563011,-0.030080032734498836,0.5246430437344989
1,742,-0.126737036,-0.030080032734498836,-0.09665700326550117
1,743,0.051964611,-0.1525319501084945,0.20449656110849448
1,744,-0.650573177,-0.155955083194252,-0.49461809380574795
1,745,-0.882896451,-0.2609659818496498,-0.6219304691503502
1,746,0.854199236,-0.07791653910493213,0.9321157751049322
1,747,1.0045595,-0.07791653910493213,1.0824760391049322
1,748,-0.391748248,-0.0574267995563302,-0.33432144844366984
1,749,0.245205039,-0.0574267995563302,0.3026318385563302
1,750,0.893689019,-0.21329470486219962,1.1069837238621996
1,751,0.547633192,-0.3401304243708402,0.8877636163708402
1,752,-0.651630148,-0.329566734181743,-0.322063413818257
1,753,-0.196083445,-0.33934655647437495,0.14326311147437495
1,754,0.458438548,-0.33325112359972725,0.7916896715997273
1,755,0.064174122,-0.3283799954647682,0.3925541174647682
1,756,-0.465464023,-0.3283799954647682,-0.1370840275352318
1,757,-0.342571384,-0.3283799954647682,-0.014191388535231775
1,758,-0.509157849,-0.2955969875025306,-0.21356086149746945
1,759,-0.252151009,-0.27508492100949494,0.02293391200949496
1,760,2.440488007,-0.2820571574896497,2.7225451644896497
1,761,0.011790994,-0.33411512987789527,0.34590612387789527
1,762,0.199003655,-0.33411512987789527,0.5331187848778953
1,763,-0.707243293,-0.3264271273194176,-0.3808161656805824
1,764,-0.177759112,-0.15580704441088503,-0.02195206758911497
1,765,-0.922386044,-0.1999521225323379,-0.722433921467662
1,766,-0.727225163,-0.1760520695259019,-0.551173093474098
1,767,-0.680804151,-0.22529152159247665,-0.45551262940752335
1,768,0.523733281,-0.1737904953620836,0.6975237763620836
1,769,-0.711134834,-0.2151226481376103,-0.4960121858623897
1,770,0.506803741,-0.154110419234009,0.6609141602340091
1,771,2.008126856,-0.18895391515921978,2.1970807711592197
1,772,0.866327626,-0.11490164410486571,0.9812292701048657
1,773,-0.673967795,-0.0890131190945818,-0.5849546759054183
1,774,-0.558411063,-0.0890131190945818,-0.46939794390541817
1,775,-1.277147572,-0.19909462409550227,-1.0780529479044978
1,776,0.694956829,-0.19700872702030667,0.8919655560203067
1,777,0.237957409,-0.1582185705419547,0.3961759795419547
1,778,0.503810568,-0.14160670223459448,0.6454172702345945
1,779,-0.749488422,-0.22008938386506852,-0.5293990381349315
1,780,1.745438259,-0.223194775039177,1.9686330340391769
1,781,2.829670627,-0.223194775039177,3.0528654020391772
1,782,0.785534244,-0.19757288399050088,0.9831071279905009
1,783,-0.191229538,-0.2636864914398288,0.0724569534398288
1,784,-0.231738293,-0.19757288399050088,-0.03416540900949913
1,785,-0.20386293,-0.36703120633965064,0.16316827633965064
1,786,-0.582803363,-0.25041084974933936,-0.33239251325066066
1,787,-0.293767604,-0.24393334879648473,-0.04983425520351528
1,788,-0.604461137,-0.25525693053369225,-0.3492042064663078
1,789,-0.852241035,-0.20130216496688552,-0.6509388700331145
1,790,-0.259280426,-0.20949726646962705,-0.04978315953037296
1,791,-0.802708131,-0.2217581171372412,-0.5809500138627588
1,792,-0.50286735,-0.1985293547603986,-0.3043379952396015
1,793,-0.208747048,-0.23009544851905106,0.02134840051905107
1,794,-0.506826504,-0.05653175747970105,-0.4502947465202989
1,795,-0.606703382,-0.25717693778336026,-0.3495264442166397
1,796,-0.187521039,-0.21681292046662426,0.02929188146662426
1,797,-1.046331157,-0.1947814883234802,-0.8515496686765198
1,798,-0.268440893,-0.2076212020488185,-0.060819690951181504
1,799,-0.593351056,-0.21273588904179191,-0.38061516695820813
1,800,-1.15125266,-0.184641664275808,-0.966610995724192
1,801,-0.209609528,-0.0723692425682467,-0.1372402854317533
1,802,-0.472029293,-0.46699332601165555,-0.005035966988344465
1,803,0.195061115,-0.46699332601165555,0.6620544410116556
1,804,-0.231202777,-0.24827376969963205,0.017070992699632054
1,805,-0.99508726,-0.15400122385555426,-0.8410860361444458
1,806,-1.017106662,-0.24125679028552396,-0.7758498717144761
1,807,-0.045367688,-0.22950488617834036,0.18413719817834034
1,808,-0.674505715,-0.1934615391151619,-0.4810441758848381
1,809,-0.389188634,-0.2999991439488934,-0.0891894900511066
1,810,-1.131189043,-0.21284193087102923,-0.9183471121289708
1,811,-0.870221076,-0.1986152360366896,-0.6716058399633104
1,812,-1.277147572,-0.18953372410837382,-1.0876138478916262
1,813,-1.277147572,-0.2195145662644318,-1.0576330057355683
1,814,-1.080548132,-0.22127282473403326,-0.8592753072659669
1,815,-0.452284428,-0.2547766580715986,-0.1975077699284014
1,816,-0.93656882,-0.247596426121477,-0.6889723938785229
1,817,-0.675070011,-0.21923702335625933,-0.45583298764374064
1,818,-0.298489893,-0.2636864914398288,-0.0348034015601712
1,819,-0.190267015,-0.2574684050219732,0.0672013900219732
1,820,0.836548812,-0.1650708042753417,1.0016196162753417
1,821,-0.706745871,-0.2478525507148344,-0.4588933202851656
1,822,-0.534962613,-0.24114616854075255,-0.2938164444592475
1,823,-1.277147572,-0.18036115436639677,-1.0967864176336033
1,824,-0.597560275,-0.16437935637353698,-0.433180918626463
1,825,-0.504047454,-0.1940186201389736,-0.3100288338610263
1,826,-0.120399009,-0.21239196885525227,0.09199295985525227
1,827,-0.918626748,-0.23067443095364448,-0.6879523170463555
1,828,-0.324755606,-0.26317202270402923,-0.061583583295970745
1,829,-0.031728246,-0.16556943337883495,0.13384118737883494
1,830,-0.005247396,-0.37498006709617154,0.36973267109617153
1,831,-0.794336,-0.19450265066085898,-0.599833349339141
1,832,-0.031947915,-0.1882254328563662,0.1562775178563662
1,833,-0.403673762,-0.2255175865372233,-0.17815617546277668
1,834,0.070575589,-0.24721863873946348,0.3177942277394635
1,835,-0.278384067,-0.19558997650804705,-0.08279409049195297
1,836,-0.646706171,-0.18591458851126294,-0.4607915824887371
1,837,-0.358623351,-0.1974375956057124,-0.1611857553942876
1,838,-0.406301919,-0.1633678151193474,-0.24293410388065262
1,839,-0.356699231,-0.1954606566164731,-0.1612385743835269
1,840,-1.017048829,-0.22441048665587407,-0.7926383423441259
1,841,-0.01807485,-0.18454837293671028,0.16647352293671028
1,842,-0.237867958,-0.1890613490623704,-0.048806608937629586
1,843,-1.169077639,-0.18798696465938636,-0.9810906743406136
1,844,-0.380671848,-0.2524377574463263,-0.12823409055367369
1,845,-1.277147572,-0.2506381299594627,-1.0265094420405374
1,846,-0.358371914,-0.21837762918057876,-0.13999428481942125
1,847,2.271613068,-0.29284077606554865,2.564453844065549
1,848,-0.891674942,-0.23302117222602026,-0.6586537697739797
1,849,-1.277147572,-0.2196153371993557,-1.0575322348006444
1,850,0.362037959,-0.26458511342483376,0.6266230724248338
1,851,-0.618048446,-0.17084197028628784,-0.44720647571371214
1,852,-0.41669015,-0.22312452659247303,-0.19356562340752695
1,853,-1.277147572,-0.18627708010696792,-1.090870491893032
1,854,-0.199496283,-0.15481066455437623,-0.04468561844562377
1,855,-1.277147572,-0.25928853953546843,-1.0178590324645316
1,856,0.933471143,-0.24190696109783777,1.1753781040978377
1,857,0.292407797,-0.24106013258411957,0.5334679295841196
1,858,-0.17151223,-0.25626264465926085,0.08475041465926086
1,859,-0.615611316,-0.2532056987942124,-0.36240561720578757
1,860,-1.11869222,-0.10645943099888691,-1.0122327890011131
1,861,-0.525340785,-0.27124055663438684,-0.2541002283656132
1,862,0.134354947,-0.24165018957698772,0.37600513657698775
1,863,-0.099744744,-0.22228522999703004,0.12254048599703005
1,864,-0.476758344,-0.19717019501419053,-0.27958814898580947
1,865,-1.218115746,-0.20582191276565187,-1.0122938332343483
1,866,0.603586921,-0.21689558952464869,0.8204825105246487
1,867,-0.070939556,-0.2079836181653911,0.1370440621653911
1,868,-0.118142934,-0.21947489001433992,0.10133195601433992
1,869,-0.869810464,-0.23939387628809208,-0.6304165877119079
1,870,-0.907484036,-0.22134170341142498,-0.686142332588575
1,871,-0.822655359,-0.22228522999703004,-0.6003701290029699
1,872,-1.241239427,-0.271495246956604,-0.969744180043396
1,873,0.519407089,-0.17743864840152337,0.6968457374015233
1,874,-0.516895471,-0.04402267216753345,-0.4728727988324665
1,875,0.416736962,-0.1090736749738483,0.5258106369738483
1,876,-0.867277614,-0.1805888477035422,-0.6866887662964578
1,877,-0.412027717,-0.08807430654464812,-0.32395341045535186
1,878,-0.231141032,-0.09321084253045915,-0.13793018946954083
1,879,-0.164469581,-0.11702045306098488,-0.04744912793901512
1,880,-0.492340911,-0.0984938942534541,-0.3938470167465459
1,881,-0.180346401,-0.06815093727610781,-0.11219546372389218
1,882,-1.083360345,-0.1453598208744954,-0.9380005241255046
1,883,-0.614708321,-0.29371497332458313,-0.3209933476754168
1,884,-0.674660264,-0.24046160787471843,-0.4341986561252816
1,885,-0.760550748,-0.19290737200969968,-0.5676433759903003
1,886,0.751991173,-0.21811992960956697,0.9701111026095669
1,887,-0.129512991,-0.25295859840537044,0.12344560740537044
1,888,-0.444603692,-0.24958596770278108,-0.19501772429721892
1,889,1.292616899,-0.21826823363262737,1.5108851326326274
1,890,-0.153089565,-0.26102136252961194,0.10793179752961193
1,891,-0.660652359,-0.21209051479928356,-0.44856184420071643
1,892,-0.256319349,-0.22302962961807318,-0.03328971938192679
1,893,-1.277147572,-0.20096924879728179,-1.0761783232027182
1,894,-0.976913593,-0.1675370620172764,-0.8093765309827237
1,895,-0.772494051,-0.11231512113220883,-0.6601789298677911
1,896,-0.542365227,-0.12541096486326658,-0.4169542621367334
1,897,-0.673827661,-0.38799809220444864,-0.2858295687955514
1,898,0.399494808,-0.4017594849889629,0.8012542929889629
1,899,-0.429788315,-0.25683351051619285,-0.17295480448380712
1,900,-0.501901125,-0.25530445146348424,-0.2465966735365157
1,901,-0.560050101,-0.27407708813741394,-0.28597301286258603
1,902,-0.203729415,-0.22268011954378533,0.018950704543785335
1,903,0.102275559,-0.2363658188890102,0.3386413778890102
1,904,-0.267542812,-0.16426091877150725,-0.10328189322849277
1,905,-0.796094247,-0.14715698564895172,-0.6489372613510482
1,906,0.330435359,-0.16276540461834205,0.49320076361834203
1,907,-0.082062678,-0.2293014641054464,0.1472387861054464
1,908,-0.124932978,-0.2356372805256713,0.11070430252567129
1,909,-0.196716094,-0.02066674342476883,-0.1760493505752312
1,910,-1.277147572,-0.08097448555815681,-1.1961730864418432
1,911,0.074150357,-0.11011130552702829,0.1842616625270283
1,912,-0.067983851,-0.20588789086846526,0.13790403986846528
1,913,-0.144095072,-0.14642624033656182,0.0023311683365618285
1,914,-0.430371765,-0.1503103647513183,-0.28006140024868176
1,915,2.382182873,-0.15681714990773488,2.539000022907735
1,916,4.135759959,-0.154110419234009,4.289870378234008
1,917,3.662479672,-0.154110419234009,3.816590091234009
1,918,2.470238006,-0.14160670223459448,2.6118447082345946
1,919,-0.989499033,-0.14789283762528485,-0.8416061953747151
1,920,-0.959392659,-0.12354444323725888,-0.8358482157627412
1,921,-1.003543803,-0.17896675528254577,-0.8245770477174541
1,922,2.437550205,-0.14376970896019717,2.581319913960197
1,923,0.972609728,-0.1455628880178962,1.1181726160178962
1,924,0.307572578,-0.14376970896019717,0.4513422869601972
1,925,1.246287402,-0.14376970896019717,1.3900571109601974
1,926,0.980472748,-0.14376970896019717,1.1242424569601972
1,927,-0.341968677,-0.14376970896019717,-0.19819896803980283
1,928,0.87284312,-0.23142065110165488,1.104263771101655
1,929,0.95357376,-0.14376970896019717,1.0973434689601973
1,930,-0.40867155,-0.030080032734498836,-0.37859151726550117
1,931,-0.224522884,-0.33423545678099287,0.10971257278099286
1,932,0.479062018,-0.3470052496223441,0.8260672676223441
1,933,0.61895286,-0.2586605380203424,0.8776133980203424
1,934,3.990380199,-0.2599801870511498,4.25036038605115
1,935,0.5181943,-0.2657633340294964,0.7839576340294965
1,936,-0.457811661,-0.18907678012864784,-0.2687348808713521
1,937,0.051118227,-0.16668758711200954,0.21780581411200955
1,938,-0.043754925,-0.19684822899521492,0.15309330399521492
1,939,0.247351231,-0.1907262786870882,0.4380775096870882
1,940,-0.253055937,-0.13796672653458036,-0.11508921046541964
1,941,-0.014398053,-0.17804217883894255,0.16364412583894256
1,942,-0.376493664,-0.17176085842327501,-0.204732805576725
1,943,0.231119574,-0.17804217883894255,0.4091617528389425
1,944,-0.020906271,-0.17804217883894255,0.15713590783894255
1,945,0.210955331,-0.17804217883894255,0.38899750983894255
1,946,0.492976958,-0.14639072771794057,0.6393676857179406
1,947,1.418708133,-0.14639072771794057,1.5650988607179406
1,948,-0.144095072,-0.19591676369749048,0.051821691697490485
1,949,0.009758459,-0.287670386390813,0.297428845390813
1,950,0.32082145,-0.14639072771794057,0.46721217771794055
1,951,-0.527989915,-0.1999507233287697,-0.3280391916712303
1,952,0.239283522,-0.1999507233287697,0.4392342453287697
1,953,0.039907746,-0.1999507233287697,0.2398584693287697
1,954,3.877054095,-0.1737904953620836,4.050844590362083
1,955,-0.803578965,-0.18229143033310558,-0.6212875346668945
1,956,1.247639002,-0.1985809485950738,1.446219950595074
1,957,1.856347967,-0.1985809485950738,2.054928915595074
1,958,1.737175056,-0.1751385360605901,1.9123135920605903
1,959,-0.078963392,-0.1751385360605901,0.0961751440605901
1,960,3.683879145,-0.1985809485950738,3.882460093595074
1,961,-0.038364475,-0.2868101315165426,0.2484456565165426
1,962,2.76072715,-0.30962686366281317,3.070354013662813
1,963,-0.196398833,-0.20085764270853865,0.0044588097085386524
1,964,-0.079198668,-0.3121861936828793,0.2329875256828793
1,965,0.484024215,-0.1338899500936647,0.6179141650936647
1,966,-0.632215783,-0.2138337196807389,-0.41838206331926114
1,967,-0.452661096,-0.17844077610672238,-0.2742203198932776
1,968,-0.3612328,-0.17844077610672238,-0.18279202389327764
1,969,-0.083002867,-0.11965657826341716,0.03665371126341717
1,970,-0.602888234,-0.09244808302813325,-0.5104401509718668
1,971,-0.240245049,-0.24187552422868341,0.0016304752286834256
1,972,-0.218936541,-0.19811863906557467,-0.020817901934425342
1,973,0.301558687,-0.04501978579013242,0.34657847279013243
1,974,0.868663474,-0.030080032734498836,0.8987435067344989
1,975,0.785659143,-0.030080032734498836,0.8157391757344988
1,976,0.328981677,-0.030080032734498836,0.3590617097344988
1,977,0.025168301,-0.1525319501084945,0.1777002511084945
1,978,-0.488052248,-0.155955083194252,-0.332097164805748
1,979,-1.077164545,-0.2609659818496498,-0.8161985631503502
1,980,0.861130696,-0.07791653910493213,0.9390472351049322
1,981,0.85308919,-0.07791653910493213,0.9310057291049322
1,982,-0.275984822,-0.0574267995563302,-0.2185580224436698
1,983,0.063912572,-0.0574267995563302,0.1213393715563302
1,984,0.748824614,-0.21329470486219962,0.9621193188621996
1,985,0.46650401,-0.3401304243708402,0.8066344343708403
1,986,-0.800870248,-0.329566734181743,-0.47130351381825697
1,987,-0.222288528,-0.33934655647437495,0.11705802847437494
1,988,0.833089024,-0.33325112359972725,1.1663401475997273
1,989,0.028569528,-0.3283799954647682,0.3569495234647682
1,990,-0.086853636,-0.3283799954647682,0.2415263594647682
1,991,0.633158058,-0.3283799954647682,0.9615380534647682
1,992,-0.858283843,-0.2955969875025306,-0.5626868554974694
1,993,-0.291622533,-0.27508492100949494,-0.016537611990505074
1,994,2.402072584,-0.2820571574896497,2.6841297414896497
1,995,-0.203473351,-0.33411512987789527,0.13064177887789527
1,996,0.149162589,-0.33411512987789527,0.4832777188778953
1,997,-0.322532092,-0.3264271273194176,0.0038950353194175946
1,998,-0.541639691,-0.15580704441088503,-0.385832646589115
1,999,-0.962327367,-0.1999521225323379,-0.7623752444676621
1,1000,-0.290575772,-0.1760520695259019,-0.1145237024740981
1,1001,-0.740438493,-0.22529152159247665,-0.5151469714075233
1,1002,-0.192126033,-0.1737904953620836,-0.0183355376379164
1,1003,-0.506538423,-0.2151226481376103,-0.2914157748623897
1,1004,0.283499101,-0.154110419234009,0.437609520234009
1,1005,-0.422672417,-0.18895391515921978,-0.23371850184078025
1,1006,0.682073485,-0.11490164410486571,0.7969751291048657
1,1007,-1.277147572,-0.0890131190945818,-1.1881344529054183
1,1008,0.032330672,-0.0890131190945818,0.1213437910945818
1,1009,-0.973216276,-0.19909462409550227,-0.7741216519044978
1,1010,0.796521001,-0.19700872702030667,0.9935297280203067
1,1011,-0.025118573,-0.1582185705419547,0.1330999975419547
1,1012,0.166884819,-0.14160670223459448,0.30849152123459445
1,1013,-0.601383295,-0.22008938386506852,-0.3812939111349315
1,1014,-0.558050037,-0.223194775039177,-0.334855261960823
1,1015,0.449757684,-0.223194775039177,0.672952459039177
1,1016,0.619020235,-0.19757288399050088,0.8165931189905009
1,1017,-0.113821633,-0.2636864914398288,0.1498648584398288
1,1018,0.418156707,-0.19757288399050088,0.615729590990501
1,1019,-0.234928892,-0.36703120633965064,0.13210231433965064
1,1020,-0.334727148,-0.25041084974933936,-0.08431629825066062
1,1021,-0.241067251,-0.24393334879648473,0.0028660977964847234
1,1022,-0.64775521,-0.24393334879648473,-0.40382186120351526
1,1023,-0.479860385,-0.25525693053369225,-0.22460345446630775
1,1024,-1.277147572,-0.20130216496688552,-1.0758454070331145
1,1025,-0.464103674,-0.20949726646962705,-0.254606407530373
1,1026,-0.982590377,-0.2217581171372412,-0.7608322598627588
1,1027,-0.468225529,-0.1985293547603986,-0.26969617423960135
1,1028,-0.423391059,-0.23009544851905106,-0.19329561048094895
1,1029,-0.470759386,-0.05653175747970105,-0.41422762852029893
1,1030,-1.048093877,-0.25717693778336026,-0.7909169392166396
1,1031,0.029283488,-0.21681292046662426,0.24609640846662426
1,1032,-1.277147572,-0.1947814883234802,-1.0823660836765199
1,1033,-0.474884418,-0.2076212020488185,-0.26726321595118147
1,1034,-0.418436888,-0.21273588904179191,-0.2057009989582081
1,1035,-1.241767555,-0.184641664275808,-1.057125890724192
1,1036,0.244495611,-0.0723692425682467,0.3168648535682467
1,1037,-0.549823974,-0.46699332601165555,-0.0828306479883445
1,1038,-0.281410629,-0.46699332601165555,0.18558269701165553
1,1039,-0.467338014,-0.24827376969963205,-0.21906424430036797
1,1040,-0.73809645,-0.15400122385555426,-0.5840952261444458
1,1041,-1.010413769,-0.24125679028552396,-0.769156978714476
1,1042,-0.252200458,-0.22950488617834036,-0.022695571821659655
1,1043,-0.66023762,-0.1934615391151619,-0.4667760808848381
1,1044,-0.648452348,-0.2999991439488934,-0.3484532040511066
1,1045,-0.826490891,-0.21284193087102923,-0.6136489601289707
1,1046,-0.290472759,-0.21284193087102923,-0.07763082812897079
1,1047,-0.930018327,-0.1986152360366896,-0.7314030909633104
1,1048,-1.277147572,-0.18953372410837382,-1.0876138478916262
1,1049,-1.277147572,-0.2195145662644318,-1.0576330057355683
1,1050,0.112180805,-0.22127282473403326,0.33345362973403325
1,1051,-0.700502221,-0.2547766580715986,-0.44572556292840143
1,1052,-0.922290247,-0.247596426121477,-0.6746938208785229
1,1053,-0.735281739,-0.21923702335625933,-0.5160447156437407
1,1054,-0.183588804,-0.2636864914398288,0.08009768743982881
1,1055,-0.133396284,-0.2574684050219732,0.12407212102197321
1,1056,0.839601106,-0.1650708042753417,1.0046719102753419
1,1057,-0.634314673,-0.2478525507148344,-0.38646212228516563
1,1058,-0.410565059,-0.24114616854075255,-0.16941889045924746
1,1059,-1.277147572,-0.18036115436639677,-1.0967864176336033
1,1060,-0.818520588,-0.16437935637353698,-0.6541412316264631
1,1061,-0.715947725,-0.1940186201389736,-0.5219291048610264
1,1062,0.02176637,-0.21239196885525227,0.23415833885525228
1,1063,-0.682515532,-0.23067443095364448,-0.45184110104635555
1,1064,-1.277147572,-0.26317202270402923,-1.0139755492959708
1,1065,-0.016792056,-0.16556943337883495,0.14877737737883495
1,1066,-0.250439432,-0.37498006709617154,0.12454063509617153
1,1067,-1.277147572,-0.19450265066085898,-1.0826449213391411
1,1068,-0.26912512,-0.1882254328563662,-0.0808996871436338
1,1069,-0.371072192,-0.2255175865372233,-0.1455546054627767
1,1070,-0.062463637,-0.24721863873946348,0.18475500173946346
1,1071,-0.452096323,-0.19558997650804705,-0.256506346491953
1,1072,-1.093301867,-0.18591458851126294,-0.9073872784887371
1,1073,-0.469811575,-0.1974375956057124,-0.2723739793942876
1,1074,0.107300498,-0.1633678151193474,0.27066831311934736
1,1075,-0.414130728,-0.1954606566164731,-0.2186700713835269
1,1076,-0.572659663,-0.22441048665587407,-0.348249176344126
1,1077,-0.214530971,-0.18454837293671028,-0.029982598063289706
1,1078,-0.538912744,-0.1890613490623704,-0.3498513949376296
1,1079,-1.277147572,-0.18798696465938636,-1.0891606073406137
1,1080,-0.484557133,-0.2524377574463263,-0.23211937555367368
1,1081,-1.277147572,-0.2506381299594627,-1.0265094420405374
1,1082,-0.095318093,-0.21837762918057876,0.12305953618057876
1,1083,-0.392989924,-0.29284077606554865,-0.10014914793445134
1,1084,-1.277147572,-0.23302117222602026,-1.0441263997739798
1,1085,-1.277147572,-0.2196153371993557,-1.0575322348006444
1,1086,0.608053491,-0.26458511342483376,0.8726386044248338
1,1087,-0.478137973,-0.17084197028628784,-0.30729600271371216
1,1088,-0.794173544,-0.18627708010696792,-0.607896463893032
1,1089,-0.241454964,-0.15481066455437623,-0.08664429944562377
1,1090,-1.178465182,-0.25928853953546843,-0.9191766424645316
1,1091,1.315261871,-0.24190696109783777,1.5571688320978376
1,1092,0.678593321,-0.24106013258411957,0.9196534535841197
1,1093,-0.246918203,-0.25626264465926085,0.00934444165926085
1,1094,-0.163688323,-0.2532056987942124,0.0895173757942124
1,1095,-0.816057093,-0.10645943099888691,-0.7095976620011131
1,1096,-0.780260619,-0.27124055663438684,-0.5090200623656131
1,1097,0.107949957,-0.24165018957698772,0.34960014657698774
1,1098,-0.139012115,-0.22228522999703004,0.08327311499703005
1,1099,-0.142631407,-0.19717019501419053,0.05453878801419054
1,1100,-0.857207038,-0.20582191276565187,-0.6513851252343481
1,1101,0.322695841,-0.21689558952464869,0.5395914305246486
1,1102,0.034575183,-0.2079836181653911,0.2425588011653911
1,1103,-0.124910973,-0.21947489001433992,0.09456391701433993
1,1104,-0.332189427,-0.23939387628809208,-0.0927955507119079
1,1105,-0.915802716,-0.22134170341142498,-0.694461012588575
1,1106,-0.357252071,-0.22228522999703004,-0.13496684100296996
1,1107,-0.683574924,-0.271495246956604,-0.412079677043396
1,1108,0.519536633,-0.17743864840152337,0.6969752814015233
1,1109,-0.538242883,-0.04402267216753345,-0.49422021083246653
1,1110,0.537034256,-0.1090736749738483,0.6461079309738483
1,1111,-0.653434797,-0.1805888477035422,-0.47284594929645773
1,1112,-0.598256643,-0.08807430654464812,-0.5101823364553519
1,1113,-0.518764632,-0.09321084253045915,-0.42555378946954087
1,1114,0.210201249,-0.11702045306098488,0.3272217020609849
1,1115,-0.164447367,-0.0984938942534541,-0.06595347274654591
1,1116,-0.329776484,-0.06815093727610781,-0.26162554672389216
1,1117,-1.277147572,-0.1453598208744954,-1.1317877511255046
1,1118,-1.149887665,-0.29371497332458313,-0.8561726916754169
1,1119,-0.581286319,-0.24046160787471843,-0.3408247111252816
1,1120,-0.283522675,-0.19290737200969968,-0.09061530299030032
1,1121,0.613839102,-0.21811992960956697,0.831959031609567
1,1122,-0.350973296,-0.25295859840537044,-0.09801469759462955
1,1123,-0.357942362,-0.24958596770278108,-0.10835639429721894
1,1124,0.60227806,-0.21826823363262737,0.8205462936326273
1,1125,-0.440324415,-0.26102136252961194,-0.17930305247038808
1,1126,-0.705071727,-0.21209051479928356,-0.49298121220071645
1,1127,-0.329484097,-0.22302962961807318,-0.10645446738192679
1,1128,-0.585267437,-0.20096924879728179,-0.38429818820271816
1,1129,-0.422760849,-0.1675370620172764,-0.25522378698272363
1,1130,-0.396916446,-0.11231512113220883,-0.28460132486779116
1,1131,-0.379553162,-0.12541096486326658,-0.2541421971367334
1,1132,-0.800072835,-0.38799809220444864,-0.4120747427955514
1,1133,0.291216739,-0.4017594849889629,0.692976223988963
1,1134,-0.277348392,-0.25683351051619285,-0.020514881483807146
1,1135,-0.501901125,-0.25530445146348424,-0.2465966735365157
1,1136,-0.578487256,-0.27407708813741394,-0.304410167862586
1,1137,-0.978975862,-0.22268011954378533,-0.7562957424562147
1,1138,0.075400126,-0.2363658188890102,0.3117659448890102
1,1139,-0.522791256,-0.16426091877150725,-0.3585303372284927
1,1140,0.255821163,-0.16276540461834205,0.41858656761834206
1,1141,-0.030520573,-0.2293014641054464,0.19878089110544642
1,1142,0.061314942,-0.2356372805256713,0.29695222252567127
1,1143,-0.330357776,-0.02066674342476883,-0.3096910325752312
1,1144,-1.277147572,-0.08097448555815681,-1.1961730864418432
1,1145,0.146276162,-0.11011130552702829,0.2563874675270283
1,1146,-0.229231415,-0.20588789086846526,-0.023343524131534732
1,1147,-0.08446073,-0.14642624033656182,0.06196551033656182
1,1148,0.305237047,-0.1503103647513183,0.4555474117513183
1,1149,2.386703514,-0.15681714990773488,2.543520663907735
1,1150,3.863978025,-0.154110419234009,4.018088444234009
1,1151,2.845691578,-0.154110419234009,2.999801997234009
1,1152,2.489067961,-0.14160670223459448,2.6306746632345943
1,1153,-0.52469566,-0.14789283762528485,-0.3768028223747152
1,1154,-1.065210162,-0.12354444323725888,-0.9416657187627412
1,1155,-0.734456095,-0.17896675528254577,-0.5554893397174542
1,1156,0.694620426,-0.14376970896019717,0.8383901349601971
1,1157,0.305866088,-0.1455628880178962,0.4514289760178962
1,1158,0.487123227,-0.14376970896019717,0.6308929359601971
1,1159,1.557630191,-0.14376970896019717,1.7013998999601974
1,1160,0.937053085,-0.14376970896019717,1.080822793960197
1,1161,0.025268111,-0.14376970896019717,0.16903781996019718
1,1162,1.270435559,-0.23142065110165488,1.5018562101016548
1,1163,2.103855021,-0.14376970896019717,2.2476247299601972
1,1164,-0.015465949,-0.030080032734498836,0.014614083734498837
1,1165,-0.183664063,-0.33423545678099287,0.15057139378099288
1,1166,0.237186892,-0.3470052496223441,0.5841921416223441
1,1167,0.70355334,-0.2586605380203424,0.9622138780203424
1,1168,3.61098376,-0.2599801870511498,3.8709639470511497
1,1169,0.652137159,-0.2657633340294964,0.9179004930294965
1,1170,-0.559776194,-0.18907678012864784,-0.3706994138713522
1,1171,0.003415065,-0.16668758711200954,0.17010265211200953
1,1172,-0.254455579,-0.19684822899521492,-0.05760735000478506
1,1173,0.120340984,-0.1907262786870882,0.3110672626870882
1,1174,-0.320811272,-0.13796672653458036,-0.18284454546541962
1,1175,-0.167529252,-0.17804217883894255,0.01051292683894256
1,1176,-0.358778501,-0.17176085842327501,-0.187017642576725
1,1177,0.409711506,-0.17804217883894255,0.5877536848389425
1,1178,-0.222061852,-0.17804217883894255,-0.044019673161057454
1,1179,-0.024454664,-0.17804217883894255,0.15358751483894256
1,1180,0.866668079,-0.14639072771794057,1.0130588067179405
1,1181,0.888588882,-0.14639072771794057,1.0349796097179405
1,1182,-0.382632441,-0.19591676369749048,-0.18671567730250951
1,1183,0.03124544,-0.287670386390813,0.318915826390813
1,1184,0.257412743,-0.14639072771794057,0.40380347071794054
1,1185,-0.164907643,-0.1999507233287697,0.03504308032876971
1,1186,0.106881918,-0.1999507233287697,0.3068326413287697
1,1187,4.28649945,-0.1999507233287697,4.48645017332877
1,1188,3.891100547,-0.1737904953620836,4.064891042362084
1,1189,-0.332125588,-0.18229143033310558,-0.14983415766689445
1,1190,1.295020956,-0.1985809485950738,1.4936019045950737
1,1191,2.312301377,-0.1985809485950738,2.5108823255950736
1,1192,0.965792318,-0.1751385360605901,1.14093085406059
1,1193,0.455436502,-0.1751385360605901,0.6305750380605901
1,1194,3.522572096,-0.1985809485950738,3.721153044595074
1,1195,0.029655934,-0.2868101315165426,0.3164660655165426
1,1196,2.467127211,-0.30962686366281317,2.776754074662813
1,1197,-0.163894664,-0.20085764270853865,0.03696297870853865
1,1198,0.029075388,-0.3121861936828793,0.3412615816828793
1,1199,0.015531898,-0.1338899500936647,0.14942184809366468
1,1200,-0.481600021,-0.2138337196807389,-0.2677663013192611
1,1201,-0.643014071,-0.17844077610672238,-0.4645732948932776
1,1202,-0.239140877,-0.17844077610672238,-0.060700100893277625
1,1203,-0.175591302,-0.11965657826341716,-0.05593472373658284
1,1204,-0.68043706,-0.09244808302813325,-0.5879889769718668
1,1205,-0.389726101,-0.24187552422868341,-0.14785057677131658
1,1206,-0.026348066,-0.19811863906557467,0.17177057306557467
1,1207,0.215749049,-0.04501978579013242,0.2607688347901324
1,1208,0.970742797,-0.030080032734498836,1.0008228297344988
1,1209,1.126454064,-0.030080032734498836,1.1565340967344988
1,1210,0.510239436,-0.030080032734498836,0.5403194687344989
1,1211,-0.022005899,-0.1525319501084945,0.1305260511084945
1,1212,-0.358395523,-0.155955083194252,-0.202440439805748
1,1213,-0.867895235,-0.2609659818496498,-0.6069292531503502
1,1214,0.681889931,-0.07791653910493213,0.7598064701049321
1,1215,0.002462275,-0.07791653910493213,0.08037881410493213
1,1216,-0.606800682,-0.0574267995563302,-0.5493738824436698
1,1217,0.052083731,-0.0574267995563302,0.1095105305563302
1,1218,-0.021804835,-0.21329470486219962,0.19148986986219962
1,1219,0.393392085,-0.3401304243708402,0.7335225093708402
1,1220,-0.333386514,-0.329566734181743,-0.003819779818257041
1,1221,-0.848072702,-0.33934655647437495,-0.508726145525625
1,1222,-0.101626195,-0.33325112359972725,0.23162492859972725
1,1223,0.159046009,-0.3283799954647682,0.4874260044647682
1,1224,-0.002021643,-0.3283799954647682,0.3263583524647682
1,1225,0.015606566,-0.3283799954647682,0.3439865614647682
1,1226,-0.267572516,-0.2955969875025306,0.028024471502530623
1,1227,-0.567880006,-0.27508492100949494,-0.29279508499050505
1,1228,1.731095967,-0.2820571574896497,2.0131531244896497
1,1229,0.000668229,-0.33411512987789527,0.3347833588778953
1,1230,0.180144729,-0.33411512987789527,0.5142598588778953
1,1231,-0.143999145,-0.3264271273194176,0.1824279823194176
1,1268,0.022479006,-0.0444932209298403,0.0669722269298403
1,1269,-0.786765209,-0.10921815625818167,-0.6775470527418184
1,1270,-0.786765209,0.08490802263932085,-0.8716732316393209
1,1271,-0.786765209,0.05227315751227323,-0.8390383665122733
1,1272,-0.786765209,0.18570746281559117,-0.9724726718155912
1,1273,0.022479006,0.06957838937634205,-0.04709938337634205
1,1274,0.022479006,-0.05061480438586196,0.07309381038586196
1,1275,-0.786765209,-0.10868898160888875,-0.6780762273911113
1,1276,0.022479006,0.08883868226133056,-0.06635967626133056
1,1277,-0.786765209,0.0445771857396862,-0.8313423947396862
1,1278,-0.786765209,0.18451673756860779,-0.9712819465686078
1,1279,2.450211652,0.07160389113890996,2.3786077608610903
1,1280,0.022479006,-0.05296445369528051,0.0754434596952805
1,1281,0.022479006,-0.10868898160888875,0.13116798760888876
1,1282,-0.786765209,0.08114271048874352,-0.8679079194887436
1,1283,0.022479006,0.04318503455028831,-0.020706028550288313
1,1284,-0.786765209,0.18109908461664193,-0.967864293616642
1,1285,2.450211652,0.06392432294602128,2.386287329053979
1,1286,0.022479006,-0.05296445369528051,0.0754434596952805
1,1287,0.022479006,-0.10868898160888875,0.13116798760888876
1,1288,-0.786765209,0.08316821225131144,-0.8699334212513115
1,1289,-0.786765209,0.02549962205633427,-0.8122648310563343
1,1290,-0.786765209,0.17040148816439932,-0.9571666971643993
1,1291,-0.786765209,0.05159935598016279,-0.8383645649801628
1,1292,0.022479006,-0.05296445369528051,0.0754434596952805
1,1293,-0.786765209,-0.10868898160888875,-0.6780762273911113
1,1294,-0.786765209,0.0797505592993456,-0.8665157682993456
1,1295,-0.786765209,0.020000911362867604,-0.8067661203628677
1,1296,-0.786765209,0.16490277747093263,-0.9516679864709326
1,1297,-0.786765209,0.04854875057180781,-0.8353139595718079
1,1298,-0.786765209,-0.05296445369528051,-0.7338007553047196
1,1299,0.022479006,-0.10868898160888875,0.13116798760888876
1,1300,-0.786765209,0.06326402712391004,-0.85002923612391
1,1301,-0.786765209,0.014071481995801141,-0.8008366909958011
1,1302,-0.786765209,0.16202395351222115,-0.9487891625122211
1,1303,0.022479006,0.04907792522110074,-0.026598919221100744
1,1304,-1.089650118,-0.1209553455743363,-0.9686947724256637
1,1305,-1.089650118,-0.15587679002074897,-0.933773327979251
1,1306,-1.089650118,-0.027421176226122525,-1.0622289417738775
1,1307,-1.089650118,-0.06132699122973083,-1.0283231267702693
1,1308,-1.089650118,-0.06132699122973083,-1.0283231267702693
1,1309,-0.323950035,-0.07983305889054043,-0.2441169761094596
1,1310,-1.089650118,-0.07983305889054043,-1.0098170591094595
1,1311,1.207450131,-0.10332240347420049,1.3107725344742005
1,1312,1.207450131,-0.10332240347420049,1.3107725344742005
1,1313,0.441750048,-0.060073748144448894,0.5018237961444489
1,1314,1.207450131,-0.060073748144448894,1.267523879144449
1,1315,-1.089650118,-0.0456245835277469,-1.044025534472253
1,1316,-1.089650118,-0.0456245835277469,-1.044025534472253
1,1317,-0.323950035,0.004275725308518158,-0.3282257603085182
1,1318,1.207450131,0.004275725308518158,1.203174405691482
1,1319,-1.089650118,-0.019517616740535648,-1.0701325012594642
1,1320,1.207450131,-0.019517616740535648,1.2269677477405359
1,1321,-0.323950035,-0.0020213838723003256,-0.3219286511276997
1,1322,0.441750048,-0.019517616740535648,0.46126766474053565
1,1323,-0.323950035,0.008936707829415974,-0.332886742829416
1,1324,0.441750048,0.008936707829415974,0.43281334017058404
1,1325,-1.089650118,0.008936707829415974,-1.098586825829416
1,1326,1.207450131,0.008936707829415974,1.198513423170584
1,1327,1.207450131,-0.0456245835277469,1.253074714527747
1,1328,1.207450131,-0.00805873736494537,1.2155088683649455
1,1329,1.207450131,-0.06132699122973083,1.2687771222297308
1,1330,-0.65566576,0.4364922067159055,-1.0921579667159054
1,1331,-1.019385933,-0.11021880947739668,-0.9091671235226032
1,1332,-1.002511011,0.044515660456261895,-1.047026671456262
1,1333,-0.032864263,0.16264943192542128,-0.19551369492542128
1,1334,1.656343159,-0.09079791275514705,1.747141071755147
1,1335,-0.442923724,-0.016626840967945908,-0.4262968830320541
1,1336,-0.952182297,-0.21184923428575195,-0.740333062714248
1,1337,0.668882097,-0.09079791275514705,0.759680009755147
1,1338,1.458656312,-0.07140799943854273,1.5300643114385428
1,1339,0.32165142,-0.09079791275514705,0.41244933275514706
1,2164,0.227779753,-0.2207906792621457,0.4485704322621457
1,2169,0.276437725,-0.38392888750362203,0.660366612503622
1,2170,0.375848879,-0.10938796260454635,0.4852368416045464
1,2173,0.156788605,-0.39279055458944245,0.5495791595894425
1,2179,0.728879425,-0.38392888750362203,1.112808312503622
1,2180,-0.063869311,-0.10938796260454635,0.04551865160454635
1,2183,-0.255785853,-0.39279055458944245,0.13700470158944245
1,2189,0.583542837,-0.38392888750362203,0.967471724503622
1,2190,-0.860208269,-0.10938796260454635,-0.7508203063954537
1,2193,0.661153224,-0.39279055458944245,1.0539437785894425
1,2199,-1.100117513,-0.38392888750362203,-0.7161886254963781
1,2200,0.254128517,-0.10938796260454635,0.36351647960454636
1,2203,-0.521839433,-0.39279055458944245,-0.12904887841055757
1,2209,-0.944019823,-0.38392888750362203,-0.5600909354963779
1,2210,-0.191285796,-0.10938796260454635,-0.08189783339545366
1,2213,0.434285561,-0.39279055458944245,0.8270761155894424
1,2243,-1.073939353,-0.4344190325942744,-0.6395203204057257
1,2251,-0.489602897,0.03184680519381623,-0.5214497021938163
1,2257,1.188137489,-0.018373502564603274,1.2065109915646033
1,2260,-0.814951473,-0.3021240642798903,-0.5128274087201097
1,2267,-0.638401476,-0.018373502564603274,-0.6200279734353967
1,2270,-0.691280913,-0.3021240642798903,-0.38915684872010975
1,2277,0.166500611,-0.018373502564603274,0.18487411356460326
1,2280,-0.175690114,-0.3021240642798903,0.1264339502798903
1,2287,-0.319489716,-0.018373502564603274,-0.3011162134353967
1,2290,-0.474237393,-0.3021240642798903,-0.1721133287201097
1,2297,-0.931586375,-0.018373502564603274,-0.9132128724353967
1,2300,0.264813281,-0.3021240642798903,0.5669373452798903
1,2330,0.521357533,-0.3695717024129899,0.8909292354129899
1,2468,0.494846444,0.059107320616568454,0.43573912338343157
1,2469,-0.05206916,0.059107320616568454,-0.11117648061656846
1,2470,0.094838066,0.059107320616568454,0.035730745383431545
1,2471,-1.625558894,0.059107320616568454,-1.6846662146165685
1,2472,0.645948177,0.059107320616568454,0.5868408563834315
1,2473,1.7096988,0.059107320616568454,1.6505914793834315
1,2474,-1.625558894,0.059107320616568454,-1.6846662146165685
1,2475,-0.104883759,0.059107320616568454,-0.16399107961656845
1,2476,0.222575395,0.059107320616568454,0.16346807438343156
1,2477,0.240163826,0.059107320616568454,0.18105650538343154
1,2478,-1.169588927,0.059107320616568454,-1.2286962476165684
1,2479,-0.887353755,0.059107320616568454,-0.9464610756165684
1,2480,-0.880918522,0.059107320616568454,-0.9400258426165684
1,2481,-1.021844231,0.059107320616568454,-1.0809515516165684
1,2482,-0.538345656,0.059107320616568454,-0.5974529766165684
1,2483,-1.164600145,0.059107320616568454,-1.2237074656165685
1,2484,-0.386615839,0.059107320616568454,-0.4457231596165685
1,2485,-0.35553189,0.059107320616568454,-0.4146392106165685
1,2486,-0.352343793,0.059107320616568454,-0.4114511136165685
1,2487,0.812049716,0.059107320616568454,0.7529423953834316
1,2488,-1.157102212,0.059107320616568454,-1.2162095326165685
1,2489,0.606063205,0.059107320616568454,0.5469558843834316
1,2490,0.706074999,0.059107320616568454,0.6469676783834316
1,2491,1.425109023,0.059107320616568454,1.3660017023834317
1,2492,1.170297393,0.059107320616568454,1.1111900723834316
1,2493,-1.046256791,0.059107320616568454,-1.1053641116165684
1,2494,0.862232729,0.059107320616568454,0.8031254083834316
1,2495,0.601694331,0.059107320616568454,0.5425870103834316
1,2496,1.961949189,0.059107320616568454,1.9028418683834316
1,2497,0.815031177,0.059107320616568454,0.7559238563834316
1,2498,0.865847152,0.1706249844247155,0.6952221675752844
1,2499,0.358873674,0.20767368309286083,0.15119999090713915
1,2500,0.98815732,0.2036931461515123,0.7844641738484877
1,2501,0.865847152,0.09200049912787175,0.7738466528721282
1,2502,-0.040244227,0.13829713656426526,-0.17854136356426525
1,2503,0.035531552,0.1343165996229168,-0.09878504762291682
1,2504,-0.349506271,0.06745326303298194,-0.4169595340329819
1,2505,-0.349506271,0.11111949303710167,-0.46062576403710165
1,2506,-0.420814014,0.10713895609575319,-0.5279529700957533
1,2507,-0.17533892,-0.04734929235335498,-0.12798962764664504
1,2508,-0.705361766,5.208091921235836e-05,-0.7054138469192124
1,2509,-0.126879778,-0.003928456022136136,-0.12295132197786386
1,2510,-0.285719321,0.1706249844247155,-0.4563443054247155
1,2511,0.624873313,0.20767368309286083,0.4171996299071392
1,2512,0.218537251,0.2036931461515123,0.014844104848487694
1,2513,0.035531552,0.09200049912787175,-0.05646894712787175
1,2514,-0.285719321,0.13829713656426526,-0.4240164575642653
1,2515,-0.08201362,0.1343165996229168,-0.21633021962291682
1,2516,-0.594981365,0.06745326303298194,-0.6624346280329819
1,2517,-0.594981365,0.11111949303710167,-0.7061008580371017
1,2518,-0.840456459,0.10713895609575319,-0.9475954150957532
1,2519,-0.840456459,-0.04734929235335498,-0.793107166646645
1,2520,-0.285719321,5.208091921235836e-05,-0.2857714019192124
1,2521,-0.349506271,-0.003928456022136136,-0.34557781497786383
1,2522,0.597349661,0.1706249844247155,0.42672467657528446
1,2523,-0.420814014,0.20767368309286083,-0.6284876970928608
1,2524,-0.17533892,0.2036931461515123,-0.3790320661515123
1,2525,-0.285719321,0.10134746798253844,-0.38706678898253843
1,2526,0.218537251,0.14764410541893194,0.07089314558106805
1,2527,0.218537251,0.14366356847758346,0.07487368252241652
1,2528,-0.705361766,0.06745326303298194,-0.7728150290329819
1,2529,-0.501656066,0.11111949303710167,-0.6127755590371017
1,2530,-0.08201362,0.10713895609575319,-0.1891525760957532
1,2531,-0.705361766,-0.04734929235335498,-0.6580124736466451
1,2532,-0.840456459,5.208091921235836e-05,-0.8405085399192124
1,2533,-0.08201362,-0.003928456022136136,-0.07808516397786386
1,2534,-0.001171569,0.1706249844247155,-0.1717965534247155
1,2535,-0.126879778,0.20767368309286083,-0.3345534610928608
1,2536,0.75727127,0.2036931461515123,0.5535781238484878
1,2537,-0.001171569,0.11104348196186282,-0.11221505096186282
1,2538,-0.17533892,0.15734011939825626,-0.33267903939825627
1,2539,0.070136174,0.1533595824569078,-0.08322340845690782
1,2540,-0.040244227,0.0625888443267376,-0.10283307132673761
1,2541,0.688660263,0.1062550743308574,0.5824051886691426
1,2542,0.624873313,0.10227453738950891,0.5225987756104912
1,2543,-0.501656066,-0.05221371105959926,-0.44944235494040075
1,2544,-0.349506271,-0.004812337787031946,-0.34469393321296804
1,2545,0.191625439,-0.008792874728380431,0.20041831372838043
1,2546,2.451185752,0.1657605657184712,2.285425186281529
1,2547,2.915576705,0.20280926438661656,2.7127674406133835
1,2548,1.568906787,0.19882872744526803,1.370078059554732
1,2549,2.827834123,0.14732864859621547,2.680505474403785
1,2550,3.127400177,0.18235724341947182,2.9450429335805284
1,2551,1.171483939,0.17837670647812334,0.9931072325218767
1,2552,1.918124921,0.12677608288505135,1.7913488381149487
1,2553,3.364189095,0.161081035630069,3.203108059369931
1,2554,2.642243488,0.1571004986887205,2.4851429893112797
1,2555,1.65817704,-0.024279755069709374,1.6824567950697094
1,2556,1.911735246,0.01768083653660975,1.8940544094633904
1,2557,2.544416933,0.013700299595261253,2.530716633404739
1,2558,0.035531552,0.16825903826085273,-0.13272748626085273
1,2559,-1.01462381,0.2053077369289981,-1.2199315469289982
1,2560,-0.840456459,0.20132719998764956,-1.0417836589876495
1,2561,-0.594981365,0.09200049912787175,-0.6869818641278718
1,2562,-0.594981365,0.13829713656426526,-0.7332785015642652
1,2563,-0.840456459,0.1343165996229168,-0.9747730586229169
1,2564,-0.840456459,0.06745326303298194,-0.9079097220329819
1,2565,-0.840456459,0.11111949303710167,-0.9515759520371017
1,2566,-0.705361766,0.10713895609575319,-0.8125007220957532
1,2567,-0.594981365,-0.04734929235335498,-0.547632072646645
1,2568,-1.260098905,5.208091921235836e-05,-1.2601509859192124
1,2569,-0.501656066,-0.003928456022136136,-0.49772760997786386
1,2570,-0.228017006,0.16825903826085273,-0.3962760442608527
1,2571,-0.840456459,0.2053077369289981,-1.045764195928998
1,2572,-0.501656066,0.20132719998764956,-0.7029832659876496
1,2573,-0.349506271,0.09200049912787175,-0.44150677012787176
1,2574,-0.594981365,0.13829713656426526,-0.7332785015642652
1,2575,-0.349506271,0.1343165996229168,-0.4838228706229168
1,2576,-0.594981365,0.06745326303298194,-0.6624346280329819
1,2577,-1.01462381,0.11111949303710167,-1.1257433030371016
1,2578,-1.01462381,0.10713895609575319,-1.1217627660957532
1,2579,-0.705361766,-0.04734929235335498,-0.6580124736466451
1,2580,-1.260098905,5.208091921235836e-05,-1.2601509859192124
1,2581,-0.594981365,-0.003928456022136136,-0.5910529089778639
1,2582,-0.705361766,0.16825903826085273,-0.8736208042608528
1,2583,-0.594981365,0.2053077369289981,-0.800289101928998
1,2584,-0.840456459,0.20132719998764956,-1.0417836589876495
1,2585,-0.349506271,0.10134746798253844,-0.45085373898253844
1,2586,-0.840456459,0.14764410541893194,-0.9881005644189319
1,2587,-0.594981365,0.14366356847758346,-0.7386449334775834
1,2588,-0.840456459,0.06745326303298194,-0.9079097220329819
1,2589,-0.594981365,0.11111949303710167,-0.7061008580371017
1,2590,-0.040244227,0.10713895609575319,-0.14738318309575318
1,2591,-0.594981365,-0.04734929235335498,-0.547632072646645
1,2592,-0.501656066,5.208091921235836e-05,-0.5017081469192124
1,2593,-0.501656066,-0.003928456022136136,-0.49772760997786386
1,2594,2.062992229,0.16825903826085273,1.8947331907391471
1,2595,1.566071109,0.2053077369289981,1.3607633720710017
1,2596,2.302601654,0.20132719998764956,2.1012744540123505
1,2597,2.453815142,0.11104348196186282,2.342771660038137
1,2598,2.557821526,0.15734011939825626,2.400481406601744
1,2599,2.520220111,0.1533595824569078,2.3668605285430924
1,2600,2.189013072,0.0625888443267376,2.126424227673262
1,2601,2.234966608,0.1062550743308574,2.1287115336691427
1,2602,2.201081566,0.10227453738950891,2.098807028610491
1,2603,0.847499806,-0.05221371105959926,0.8997135170595992
1,2604,1.03091033,-0.004812337787031946,1.035722667787032
1,2605,0.191625439,-0.008792874728380431,0.20041831372838043
1,2606,3.367098356,0.16339461955460846,3.2037037364453917
1,2607,4.172819137,0.20044331822275382,3.9723758187772464
1,2608,4.165760723,0.19646278128140526,3.9692979417185947
1,2609,4.020740553,0.14732864859621547,3.873411904403785
1,2610,4.329460088,0.18235724341947182,4.1471028445805285
1,2611,3.969856904,0.17837670647812334,3.7914801975218766
1,2612,2.964341689,0.12677608288505135,2.8375656061149486
1,2613,3.85455575,0.161081035630069,3.693474714369931
1,2614,3.991554574,0.1571004986887205,3.8344540753112795
1,2615,2.255334207,-0.024279755069709374,2.2796139620697096
1,2616,2.996762819,0.01768083653660975,2.9790819824633905
1,2617,2.791396167,0.013700299595261253,2.7776958674047387
1,2618,-0.501656066,0.1980612297542183,-0.6997172957542184
1,2619,-0.420814014,0.22425088329598747,-0.6450648972959875
1,2620,-0.126879778,0.2202703463546389,-0.3471501243546389
1,2621,-0.349506271,0.12535878814719564,-0.4748650591471956
1,2622,-0.420814014,0.16079638045721265,-0.5816103944572126
1,2623,-0.594981365,0.15681584351586417,-0.7517972085158642
1,2624,-0.349506271,0.0038650006441880605,-0.353371271644188
1,2625,-0.705361766,0.04106507447425022,-0.7464268404742502
1,2626,-0.001171569,0.0370845375329017,-0.0382561065329017
1,2627,-0.840456459,-0.03189904398523092,-0.8085574150147691
1,2628,-0.420814014,0.010056383491411287,-0.4308703974914113
1,2629,-0.840456459,0.006075846550062798,-0.8465323055500628
1,2630,-0.594981365,0.1980612297542183,-0.7930425947542183
1,2631,-0.705361766,0.22425088329598747,-0.9296126492959875
1,2632,-0.594981365,0.2202703463546389,-0.8152517113546389
1,2633,-0.420814014,0.12535878814719564,-0.5461728021471957
1,2634,-0.840456459,0.16079638045721265,-1.0012528394572127
1,2635,-0.840456459,0.15681584351586417,-0.9972723025158642
1,2636,-0.705361766,0.0038650006441880605,-0.709226766644188
1,2637,-0.501656066,0.04106507447425022,-0.5427211404742502
1,2638,0.035531552,0.0370845375329017,-0.0015529855329017017
1,2639,-1.01462381,-0.03189904398523092,-0.9827247660147691
1,2640,-0.705361766,0.010056383491411287,-0.7154181494914112
1,2641,-0.705361766,0.006075846550062798,-0.7114376125500628
1,2642,-0.001171569,0.1980612297542183,-0.19923279875421832
1,2643,-0.501656066,0.22425088329598747,-0.7259069492959875
1,2644,-1.260098905,0.2202703463546389,-1.480369251354639
1,2645,-0.840456459,0.1309651849879734,-0.9714216439879734
1,2646,-0.501656066,0.1664027772979904,-0.6680588432979904
1,2647,-0.501656066,0.16242224035664196,-0.664078306356642
1,2648,-0.594981365,0.0038650006441880605,-0.598846365644188
1,2649,-0.594981365,0.04106507447425022,-0.6360464394742502
1,2650,-0.126879778,0.0370845375329017,-0.1639643155329017
1,2651,-0.594981365,-0.03189904398523092,-0.5630823210147691
1,2652,-0.840456459,0.010056383491411287,-0.8505128424914112
1,2653,-0.420814014,0.006075846550062798,-0.42688986055006284
1,2654,-0.705361766,0.1980612297542183,-0.9034229957542184
1,2655,-0.705361766,0.22425088329598747,-0.9296126492959875
1,2656,-0.594981365,0.2202703463546389,-0.8152517113546389
1,2657,-0.001171569,0.14139162771123712,-0.14256319671123713
1,2658,0.437100533,0.17682922002125415,0.26027131297874584
1,2659,1.329063511,0.17284868307990564,1.1562148279200943
1,2660,0.035531552,-0.0009994180620562427,0.036530970062056245
1,2661,0.437100533,0.03620065576800591,0.4008998772319941
1,2662,1.057822142,0.0322201188266574,1.0256020231733427
1,2663,-0.840456459,-0.03676346269147522,-0.8036929963085248
1,2664,-0.228017006,0.005191964785166975,-0.23320897078516697
1,2665,-0.501656066,0.0012114278438184877,-0.5028674938438185
1,2666,1.381391139,0.19319681104797404,1.188194327952026
1,2667,1.429553581,0.21938646458974315,1.2101671164102568
1,2668,1.223707338,0.21540592764839459,1.0083014103516055
1,2669,2.071685532,0.1844292280430969,1.8872563039569032
1,2670,2.644162399,0.20607239297997698,2.438090006020023
1,2671,2.274156949,0.2020918560386285,2.0720650929613713
1,2672,1.929147105,0.06408909284715489,1.865058012152845
1,2673,2.240589708,0.089279057179089,2.151310650820911
1,2674,2.055440163,0.08529852023774051,1.9701416427622596
1,2675,2.052901727,0.0006871301088527715,2.0522145968911474
1,2676,2.362672311,0.03834352120705956,2.3243287897929403
1,2677,2.196082231,0.03436298426571108,2.161719246734289
1,2678,-0.17533892,0.1706249844247155,-0.3459639044247155
1,2679,0.133923124,0.20767368309286083,-0.07375055909286082
1,2680,0.638179696,0.2036931461515123,0.4344865498484877
1,2681,-0.420814014,0.09200049912787175,-0.5128145131278717
1,2682,-0.594981365,0.13829713656426526,-0.7332785015642652
1,2683,1.574538605,0.1343165996229168,1.4402220053770833
1,2684,-0.001171569,0.06745326303298194,-0.06862483203298193
1,2685,-0.285719321,0.11111949303710167,-0.3968388140371017
1,2686,1.663039846,0.10713895609575319,1.5559008899042468
1,2687,1.400371254,-0.04734929235335498,1.447720546353355
1,2688,1.016992106,5.208091921235836e-05,1.0169400250807876
1,2689,2.085099125,-0.003928456022136136,2.0890275810221364
1,2690,-0.840456459,0.1706249844247155,-1.0110814434247155
1,2691,0.191625439,0.20767368309286083,-0.01604824409286082
1,2692,0.98815732,0.2036931461515123,0.7844641738484877
1,2693,-0.594981365,0.09200049912787175,-0.6869818641278718
1,2694,-0.840456459,0.13829713656426526,-0.9787535955642652
1,2695,0.455173997,0.1343165996229168,0.3208573973770832
1,2696,-0.420814014,0.06745326303298194,-0.48826727703298195
1,2697,1.443633659,0.11111949303710167,1.3325141659628983
1,2698,2.072917305,0.10713895609575319,1.9657783489042466
1,2699,0.133923124,-0.04734929235335498,0.18127241635335498
1,2700,0.522511785,5.208091921235836e-05,0.5224597040807876
1,2701,1.69602787,-0.003928456022136136,1.6999563260221362
1,2702,0.292762667,0.1706249844247155,0.12213768257528448
1,2703,-0.594981365,0.20767368309286083,-0.8026550480928608
1,2704,0.838113322,0.2036931461515123,0.6344201758484878
1,2705,-0.840456459,0.10134746798253844,-0.9418039269825385
1,2706,-0.594981365,0.14764410541893194,-0.7426254704189319
1,2707,0.070136174,0.14366356847758346,-0.07352739447758347
1,2708,-0.420814014,0.06745326303298194,-0.48826727703298195
1,2709,-0.594981365,0.11111949303710167,-0.7061008580371017
1,2710,1.866745547,0.10713895609575319,1.7596065909042469
1,2711,0.455173997,-0.04734929235335498,0.502523289353355
1,2712,0.455173997,5.208091921235836e-05,0.4551219160807876
1,2713,2.402506978,-0.003928456022136136,2.406435434022136
1,2714,0.337628825,0.1706249844247155,0.16700384057528453
1,2715,0.957880207,0.20767368309286083,0.7502065239071392
1,2716,-0.420814014,0.2036931461515123,-0.6245071601515123
1,2717,-0.08201362,0.11104348196186282,-0.19305710196186282
1,2718,0.337628825,0.15734011939825626,0.18028870560174376
1,2719,1.044515758,0.1533595824569078,0.8911561755430921
1,2720,0.418470877,0.0625888443267376,0.3558820326732624
1,2721,1.198158565,0.1062550743308574,1.0919034906691425
1,2722,2.108751199,0.10227453738950891,2.006476661610491
1,2723,1.74023846,-0.05221371105959926,1.7924521710595993
1,2724,2.367230044,-0.004812337787031946,2.3720423817870318
1,2725,2.877380383,-0.008792874728380431,2.8861732577283807
1,2726,2.339354304,0.1657605657184712,2.1735937382815287
1,2727,0.244303526,0.20280926438661656,0.04149426161338343
1,2728,-0.594981365,0.19882872744526803,-0.793810092445268
1,2729,2.097040658,0.14732864859621547,1.9497120094037845
1,2730,1.096071664,0.18235724341947182,0.9137144205805281
1,2731,-0.08201362,0.17837670647812334,-0.2603903264781233
1,2732,1.965482973,0.12677608288505135,1.8387068901149488
1,2733,1.51571411,0.161081035630069,1.354633074369931
1,2734,0.070136174,0.1571004986887205,-0.0869643246887205
1,2735,2.451844171,-0.024279755069709374,2.476123926069709
1,2736,2.455779717,0.01768083653660975,2.4380988804633903
1,2737,2.245236056,0.013700299595261253,2.231535756404739
1,2738,0.418470877,0.16825903826085273,0.2502118387391473
1,2739,0.070136174,0.2053077369289981,-0.1351715629289981
1,2740,-0.594981365,0.20132719998764956,-0.7963085649876496
1,2741,1.20850781,0.09200049912787175,1.1165073108721282
1,2742,0.191625439,0.13829713656426526,0.05332830243573475
1,2743,1.521860518,0.1343165996229168,1.3875439183770832
1,2744,-0.840456459,0.06745326303298194,-0.9079097220329819
1,2745,0.55356557,0.11111949303710167,0.4424460769628983
1,2746,1.667863904,0.10713895609575319,1.5607249479042469
1,2747,1.922873307,-0.04734929235335498,1.9702225993533549
1,2748,2.324919859,5.208091921235836e-05,2.3248677780807876
1,2749,1.638325555,-0.003928456022136136,1.6422540110221362
1,2750,1.016992106,0.16825903826085273,0.8487330677391473
1,2751,-0.594981365,0.2053077369289981,-0.800289101928998
1,2752,0.191625439,0.20132719998764956,-0.00970176098764955
1,2753,0.379398219,0.09200049912787175,0.28739771987212825
1,2754,-0.594981365,0.13829713656426526,-0.7332785015642652
1,2755,-0.17533892,0.1343165996229168,-0.3096555196229168
1,2756,0.55356557,0.06745326303298194,0.486112306967018
1,2757,1.03091033,0.11111949303710167,0.9197908369628983
1,2758,0.688660263,0.10713895609575319,0.5815213069042469
1,2759,0.583103919,-0.04734929235335498,0.630453211353355
1,2760,-0.594981365,5.208091921235836e-05,-0.5950334459192124
1,2761,1.248221459,-0.003928456022136136,1.2521499150221362
1,2762,0.77851612,0.16825903826085273,0.6102570817391473
1,2763,-0.17533892,0.2053077369289981,-0.38064665692899813
1,2764,1.353777802,0.20132719998764956,1.1524506020123504
1,2765,1.757056655,0.10134746798253844,1.6557091870174616
1,2766,-0.285719321,0.14764410541893194,-0.433363426418932
1,2767,1.643349783,0.14366356847758346,1.4996862145224163
1,2768,2.197085406,0.06745326303298194,2.1296321429670177
1,2769,0.663945971,0.11111949303710167,0.5528264779628983
1,2770,1.65817704,0.10713895609575319,1.5510380839042468
1,2771,1.443633659,-0.04734929235335498,1.490982951353355
1,2772,1.20850781,5.208091921235836e-05,1.2084557290807876
1,2773,-1.260098905,-0.003928456022136136,-1.2561704489778638
1,2774,0.676429219,0.16825903826085273,0.5081701807391472
1,2775,0.638179696,0.2053077369289981,0.43287195907100195
1,2776,0.917771764,0.20132719998764956,0.7164445640123505
1,2777,1.521860518,0.11104348196186282,1.4108170360381371
1,2778,0.75727127,0.15734011939825626,0.5999311506017437
1,2779,1.280954624,0.1533595824569078,1.1275950415430922
1,2780,1.998370797,0.0625888443267376,1.9357819526732625
1,2781,1.132047558,0.1062550743308574,1.0257924836691426
1,2782,1.433104419,0.10227453738950891,1.330829881610491
1,2783,2.050352603,-0.05221371105959926,2.102566314059599
1,2784,1.682109646,-0.004812337787031946,1.686921983787032
1,2785,1.407799765,-0.008792874728380431,1.4165926397283806
1,2786,2.318392399,0.16339461955460846,2.1549977794453916
1,2787,2.222601043,0.20044331822275382,2.022157724777246
1,2788,1.503230862,0.19646278128140526,1.3067680807185946
1,2789,1.735959884,0.14732864859621547,1.5886312354037844
1,2790,1.775434945,0.18235724341947182,1.5930777015805282
1,2791,2.060485326,0.17837670647812334,1.8821086195218764
1,2792,1.781439121,0.12677608288505135,1.6546630381149487
1,2793,1.773420248,0.161081035630069,1.6123392123699312
1,2794,1.989962106,0.1571004986887205,1.8328616073112793
1,2795,2.123643925,-0.024279755069709374,2.1479236800697095
1,2796,2.46421997,0.01768083653660975,2.44653913346339
1,2797,2.181860394,0.013700299595261253,2.168160094404739
1,2798,-0.501656066,0.1980612297542183,-0.6997172957542184
1,2799,-0.705361766,0.22425088329598747,-0.9296126492959875
1,2800,-0.840456459,0.2202703463546389,-1.0607268053546388
1,2801,-0.840456459,0.12535878814719564,-0.9658152471471957
1,2802,-0.705361766,0.16079638045721265,-0.8661581464572127
1,2803,-1.01462381,0.15681584351586417,-1.1714396535158642
1,2804,-0.501656066,0.0038650006441880605,-0.505521066644188
1,2805,-0.840456459,0.04106507447425022,-0.8815215334742502
1,2806,0.035531552,0.0370845375329017,-0.0015529855329017017
1,2807,-0.705361766,-0.03189904398523092,-0.6734627220147691
1,2808,-0.840456459,0.010056383491411287,-0.8505128424914112
1,2809,1.757056655,0.006075846550062798,1.7509808084499372
1,2810,-0.705361766,0.1980612297542183,-0.9034229957542184
1,2811,-1.260098905,0.22425088329598747,-1.4843497882959875
1,2812,-1.01462381,0.2202703463546389,-1.234894156354639
1,2813,-0.594981365,0.12535878814719564,-0.7203401531471956
1,2814,-0.840456459,0.16079638045721265,-1.0012528394572127
1,2815,-0.840456459,0.15681584351586417,-0.9972723025158642
1,2816,-1.01462381,0.0038650006441880605,-1.018488810644188
1,2817,-0.501656066,0.04106507447425022,-0.5427211404742502
1,2818,-0.501656066,0.0370845375329017,-0.5387406035329018
1,2819,-0.501656066,-0.03189904398523092,-0.4697570220147691
1,2820,-0.501656066,0.010056383491411287,-0.5117124494914113
1,2821,1.39285046,0.006075846550062798,1.3867746134499372
1,2822,-1.01462381,0.1980612297542183,-1.2126850397542184
1,2823,-0.705361766,0.22425088329598747,-0.9296126492959875
1,2824,-0.594981365,0.2202703463546389,-0.8152517113546389
1,2825,-0.501656066,0.1309651849879734,-0.6326212509879734
1,2826,-0.420814014,0.1664027772979904,-0.5872167912979904
1,2827,0.856742979,0.16242224035664196,0.694320738643358
1,2828,-0.705361766,0.0038650006441880605,-0.709226766644188
1,2829,-0.594981365,0.04106507447425022,-0.6360464394742502
1,2830,1.120291537,0.0370845375329017,1.0832069994670983
1,2831,-0.420814014,-0.03189904398523092,-0.3889149700147691
1,2832,-0.285719321,0.010056383491411287,-0.29577570449141133
1,2833,1.474165309,0.006075846550062798,1.4680894624499372
1,2834,-0.840456459,0.1980612297542183,-1.0385176887542182
1,2835,-1.01462381,0.22425088329598747,-1.2388746932959875
1,2836,-1.01462381,0.2202703463546389,-1.234894156354639
1,2837,-0.420814014,0.14139162771123712,-0.5622056417112371
1,2838,-0.040244227,0.17682922002125415,-0.21707344702125414
1,2839,0.809047769,0.17284868307990564,0.6361990859200943
1,2840,0.917771764,-0.0009994180620562427,0.9187711820620563
1,2841,0.980728808,0.03620065576800591,0.944528152231994
1,2842,1.077248923,0.0322201188266574,1.0450288041733427
1,2843,1.411480117,-0.03676346269147522,1.4482435796914752
1,2844,1.223707338,0.005191964785166975,1.218515373214833
1,2845,1.757056655,0.0012114278438184877,1.7558452271561815
1,2846,1.369710724,0.19319681104797404,1.176513912952026
1,2847,0.379398219,0.21938646458974315,0.16001175441025683
1,2848,-0.501656066,0.21540592764839459,-0.7170619936483946
1,2849,1.316317438,0.1844292280430969,1.1318882099569032
1,2850,0.399249704,0.20607239297997698,0.193177311020023
1,2851,1.096071664,0.2020918560386285,0.8939798079613714
1,2852,0.651199899,0.06408909284715489,0.587110806152845
1,2853,1.425981794,0.089279057179089,1.336702736820911
1,2854,1.149264341,0.08529852023774051,1.0639658207622595
1,2855,1.30766849,0.0006871301088527715,1.3069813598911473
1,2856,1.108302708,0.03834352120705956,1.0699591867929406
1,2857,0.597349661,0.03436298426571108,0.5629866767342889
1,2858,0.244303526,0.1706249844247155,0.0736785415752845
1,2859,-0.17533892,0.20767368309286083,-0.38301260309286084
1,2860,-0.285719321,0.2036931461515123,-0.4894124671515123
1,2861,-0.594981365,0.09200049912787175,-0.6869818641278718
1,2862,-0.501656066,0.13829713656426526,-0.6399532025642652
1,2863,-0.420814014,0.1343165996229168,-0.5551306136229168
1,2864,-0.594981365,0.06745326303298194,-0.6624346280329819
1,2865,-0.420814014,0.11111949303710167,-0.5319335070371016
1,2866,-0.349506271,0.10713895609575319,-0.45664522709575317
1,2867,-0.501656066,-0.04734929235335498,-0.454306773646645
1,2868,-0.705361766,5.208091921235836e-05,-0.7054138469192124
1,2869,-0.501656066,-0.003928456022136136,-0.49772760997786386
1,2870,-0.501656066,0.1706249844247155,-0.6722810504247155
1,2871,0.191625439,0.20767368309286083,-0.01604824409286082
1,2872,-0.285719321,0.2036931461515123,-0.4894124671515123
1,2873,-0.594981365,0.09200049912787175,-0.6869818641278718
1,2874,-0.705361766,0.13829713656426526,-0.8436589025642652
1,2875,-0.594981365,0.1343165996229168,-0.7292979646229167
1,2876,-0.705361766,0.06745326303298194,-0.7728150290329819
1,2877,-0.594981365,0.11111949303710167,-0.7061008580371017
1,2878,-0.501656066,0.10713895609575319,-0.6087950220957532
1,2879,-0.705361766,-0.04734929235335498,-0.6580124736466451
1,2880,-0.840456459,5.208091921235836e-05,-0.8405085399192124
1,2881,-0.840456459,-0.003928456022136136,-0.8365280029778639
1,2882,0.191625439,0.1706249844247155,0.021000454575284516
1,2883,0.163461474,0.20767368309286083,-0.04421220909286083
1,2884,-0.705361766,0.2036931461515123,-0.9090549121515124
1,2885,-0.705361766,0.10134746798253844,-0.8067092339825385
1,2886,-0.705361766,0.14764410541893194,-0.8530058714189319
1,2887,-1.01462381,0.14366356847758346,-1.1582873784775836
1,2888,-1.01462381,0.06745326303298194,-1.0820770730329818
1,2889,-1.01462381,0.11111949303710167,-1.1257433030371016
1,2890,-0.501656066,0.10713895609575319,-0.6087950220957532
1,2891,-0.840456459,-0.04734929235335498,-0.793107166646645
1,2892,-1.01462381,5.208091921235836e-05,-1.0146758909192124
1,2893,1.377522652,-0.003928456022136136,1.381451108022136
1,2894,0.399249704,0.1706249844247155,0.2286247195752845
1,2895,-0.420814014,0.20767368309286083,-0.6284876970928608
1,2896,-0.501656066,0.2036931461515123,-0.7053492121515124
1,2897,-0.501656066,0.11104348196186282,-0.6126995479618629
1,2898,-0.594981365,0.15734011939825626,-0.7523214843982562
1,2899,-0.705361766,0.1533595824569078,-0.8587213484569078
1,2900,-0.840456459,0.0625888443267376,-0.9030453033267376
1,2901,-1.01462381,0.1062550743308574,-1.1208788843308575
1,2902,-0.285719321,0.10227453738950891,-0.38799385838950895
1,2903,-0.349506271,-0.05221371105959926,-0.2972925599404007
1,2904,-0.501656066,-0.004812337787031946,-0.49684372821296807
1,2905,1.102218073,-0.008792874728380431,1.1110109477283805
1,2906,0.965592618,0.1657605657184712,0.7998320522815288
1,2907,0.472723518,0.20280926438661656,0.26991425361338345
1,2908,0.070136174,0.19882872744526803,-0.12869255344526803
1,2909,-0.501656066,0.14732864859621547,-0.6489847145962155
1,2910,0.909421065,0.18235724341947182,0.7270638215805282
1,2911,0.799040664,0.17837670647812334,0.6206639575218766
1,2912,1.267142251,0.12677608288505135,1.1403661681149488
1,2913,1.257755767,0.161081035630069,1.096674731369931
1,2914,2.255334207,0.1571004986887205,2.09823370831128
1,2915,2.506547886,-0.024279755069709374,2.5308276410697093
1,2916,2.801083031,0.01768083653660975,2.7834021944633904
1,2917,2.62912927,0.013700299595261253,2.615428970404739
1,2918,-0.501656066,0.16825903826085273,-0.6699151042608528
1,2919,-0.501656066,0.2053077369289981,-0.7069638029289981
1,2920,-0.705361766,0.20132719998764956,-0.9066889659876496
1,2921,-0.594981365,0.09200049912787175,-0.6869818641278718
1,2922,-0.840456459,0.13829713656426526,-0.9787535955642652
1,2923,-0.349506271,0.1343165996229168,-0.4838228706229168
1,2924,-0.840456459,0.06745326303298194,-0.9079097220329819
1,2925,-1.01462381,0.11111949303710167,-1.1257433030371016
1,2926,-0.17533892,0.10713895609575319,-0.2824778760957532
1,2927,-0.840456459,-0.04734929235335498,-0.793107166646645
1,2928,-1.01462381,5.208091921235836e-05,-1.0146758909192124
1,2929,1.903652135,-0.003928456022136136,1.9075805910221362
1,2930,-0.501656066,0.16825903826085273,-0.6699151042608528
1,2931,-0.594981365,0.2053077369289981,-0.800289101928998
1,2932,-0.501656066,0.20132719998764956,-0.7029832659876496
1,2933,-0.840456459,0.09200049912787175,-0.9324569581278718
1,2934,-0.420814014,0.13829713656426526,-0.5591111505642653
1,2935,-0.594981365,0.1343165996229168,-0.7292979646229167
1,2936,-0.705361766,0.06745326303298194,-0.7728150290329819
1,2937,-0.594981365,0.11111949303710167,-0.7061008580371017
1,2938,-0.349506271,0.10713895609575319,-0.45664522709575317
1,2939,-1.01462381,-0.04734929235335498,-0.9672745176466451
1,2940,-1.01462381,5.208091921235836e-05,-1.0146758909192124
1,2941,1.154896159,-0.003928456022136136,1.1588246150221362
1,2942,-0.594981365,0.16825903826085273,-0.7632404032608527
1,2943,-0.705361766,0.2053077369289981,-0.9106695029289981
1,2944,-0.420814014,0.20132719998764956,-0.6221412139876495
1,2945,-0.040244227,0.10134746798253844,-0.14159169498253843
1,2946,-0.285719321,0.14764410541893194,-0.433363426418932
1,2947,1.34565129,0.14366356847758346,1.2019877215224164
1,2948,0.191625439,0.06745326303298194,0.12417217596701807
1,2949,-0.594981365,0.11111949303710167,-0.7061008580371017
1,2950,-0.126879778,0.10713895609575319,-0.2340187340957532
1,2951,-0.126879778,-0.04734929235335498,-0.07953048564664503
1,2952,-0.08201362,5.208091921235836e-05,-0.08206570091921235
1,2953,1.453982904,-0.003928456022136136,1.4579113600221363
1,2954,0.070136174,0.16825903826085273,-0.09812286426085273
1,2955,-0.001171569,0.2053077369289981,-0.2064793059289981
1,2956,0.102869339,0.20132719998764956,-0.09845786098764955
1,2957,-0.08201362,0.11104348196186282,-0.19305710196186282
1,2958,-0.126879778,0.15734011939825626,-0.28421989739825626
1,2959,0.568514874,0.1533595824569078,0.41515529154309216
1,2960,-0.17533892,0.0625888443267376,-0.23792776432673762
1,2961,-0.228017006,0.1062550743308574,-0.3342720803308574
1,2962,1.381391139,0.10227453738950891,1.2791166016104911
1,2963,0.48977862,-0.05221371105959926,0.5419923310595992
1,2964,0.874816443,-0.004812337787031946,0.879628780787032
1,2965,2.277676819,-0.008792874728380431,2.2864696937283804
1,2966,2.260772113,0.16339461955460846,2.0973774934453915
1,2967,0.735253714,0.20044331822275382,0.5348103957772461
1,2968,1.349728181,0.19646278128140526,1.1532653997185947
1,2969,2.390246793,0.14732864859621547,2.242918144403785
1,2970,2.597894559,0.18235724341947182,2.4155373155805284
1,2971,2.649882909,0.17837670647812334,2.471506202521877
1,2972,2.376243849,0.12677608288505135,2.249467766114949
1,2973,2.697757813,0.161081035630069,2.536676777369931
1,2974,3.362729205,0.1571004986887205,3.2056287063112796
1,2975,3.486433466,-0.024279755069709374,3.510713221069709
1,2976,3.724757028,0.01768083653660975,3.7070761914633903
1,2977,3.71723523,0.013700299595261253,3.703534930404739
1,2978,-0.594981365,0.1980612297542183,-0.7930425947542183
1,2979,-0.705361766,0.22425088329598747,-0.9296126492959875
1,2980,-1.01462381,0.2202703463546389,-1.234894156354639
1,2981,-0.705361766,0.12535878814719564,-0.8307205541471956
1,2982,-0.840456459,0.16079638045721265,-1.0012528394572127
1,2983,-0.420814014,0.15681584351586417,-0.5776298575158642
1,2984,-0.594981365,0.0038650006441880605,-0.598846365644188
1,2985,-0.705361766,0.04106507447425022,-0.7464268404742502
1,2986,-0.420814014,0.0370845375329017,-0.4578985515329017
1,2987,-0.126879778,-0.03189904398523092,-0.09498073401476909
1,2988,-0.594981365,0.010056383491411287,-0.6050377484914112
1,2989,0.917771764,0.006075846550062798,0.9116959174499373
1,2990,-0.705361766,0.1980612297542183,-0.9034229957542184
1,2991,-1.260098905,0.22425088329598747,-1.4843497882959875
1,2992,-0.840456459,0.2202703463546389,-1.0607268053546388
1,2993,-0.420814014,0.12535878814719564,-0.5461728021471957
1,2994,-0.840456459,0.16079638045721265,-1.0012528394572127
1,2995,-1.260098905,0.15681584351586417,-1.4169147485158642
1,2996,-1.01462381,0.0038650006441880605,-1.018488810644188
1,2997,-0.594981365,0.04106507447425022,-0.6360464394742502
1,2998,-0.349506271,0.0370845375329017,-0.3865908085329017
1,2999,-0.501656066,-0.03189904398523092,-0.4697570220147691
1,3000,-0.420814014,0.010056383491411287,-0.4308703974914113
1,3001,-0.001171569,0.006075846550062798,-0.0072474155500627975
1,3002,-0.501656066,0.1980612297542183,-0.6997172957542184
1,3003,-0.705361766,0.22425088329598747,-0.9296126492959875
1,3004,-0.705361766,0.2202703463546389,-0.9256321123546389
1,3005,-1.01462381,0.1309651849879734,-1.1455889949879734
1,3006,-0.705361766,0.1664027772979904,-0.8717645432979904
1,3007,-0.594981365,0.16242224035664196,-0.757403605356642
1,3008,-0.840456459,0.0038650006441880605,-0.844321459644188
1,3009,-0.501656066,0.04106507447425022,-0.5427211404742502
1,3010,-1.01462381,0.0370845375329017,-1.0517083475329017
1,3011,-0.501656066,-0.03189904398523092,-0.4697570220147691
1,3012,-0.420814014,0.010056383491411287,-0.4308703974914113
1,3013,0.437100533,0.006075846550062798,0.4310246864499372
1,3014,-0.840456459,0.1980612297542183,-1.0385176887542182
1,3015,-0.840456459,0.22425088329598747,-1.0647073422959874
1,3016,-1.01462381,0.2202703463546389,-1.234894156354639
1,3017,-0.594981365,0.14139162771123712,-0.7363729927112371
1,3018,-0.705361766,0.17682922002125415,-0.8821909860212541
1,3019,-0.705361766,0.17284868307990564,-0.8782104490799056
1,3020,-0.840456459,-0.0009994180620562427,-0.8394570409379437
1,3021,-0.705361766,0.03620065576800591,-0.7415624217680059
1,3022,-0.501656066,0.0322201188266574,-0.5338761848266574
1,3023,-0.420814014,-0.03676346269147522,-0.3840505513085248
1,3024,0.337628825,0.005191964785166975,0.33243686021483304
1,3025,1.769370627,0.0012114278438184877,1.7681591991561816
1,3026,-0.840456459,0.19319681104797404,-1.033653270047974
1,3027,-0.501656066,0.21938646458974315,-0.7210425305897432
1,3028,-0.840456459,0.21540592764839459,-1.0558623866483945
1,3029,0.035531552,0.1844292280430969,-0.1488976760430969
1,3030,0.191625439,0.20607239297997698,-0.014446953979976973
1,3031,1.253007382,0.2020918560386285,1.0509155259613716
1,3032,0.950068278,0.06408909284715489,0.8859791851528451
1,3033,1.083588416,0.089279057179089,0.994309358820911
1,3034,1.280954624,0.08529852023774051,1.1956561037622595
1,3035,2.119100443,0.0006871301088527715,2.118413312891147
1,3036,2.159880906,0.03834352120705956,2.1215373847929406
1,3037,2.318392399,0.03436298426571108,2.284029414734289
1,3038,-0.17533892,0.1706249844247155,-0.3459639044247155
1,3039,-0.17533892,0.20767368309286083,-0.38301260309286084
1,3040,-0.420814014,0.2036931461515123,-0.6245071601515123
1,3041,-0.420814014,0.09200049912787175,-0.5128145131278717
1,3042,-0.285719321,0.13829713656426526,-0.4240164575642653
1,3043,-0.594981365,0.1343165996229168,-0.7292979646229167
1,3044,-0.594981365,0.06745326303298194,-0.6624346280329819
1,3045,-0.420814014,0.11111949303710167,-0.5319335070371016
1,3046,-0.420814014,0.10713895609575319,-0.5279529700957533
1,3047,-0.594981365,-0.04734929235335498,-0.547632072646645
1,3048,-0.840456459,5.208091921235836e-05,-0.8405085399192124
1,3049,-0.285719321,-0.003928456022136136,-0.2817908649778639
1,3050,-0.594981365,0.1706249844247155,-0.7656063494247155
1,3051,-0.840456459,0.20767368309286083,-1.0481301420928608
1,3052,-0.420814014,0.2036931461515123,-0.6245071601515123
1,3053,-1.260098905,0.09200049912787175,-1.3520994041278718
1,3054,-1.260098905,0.13829713656426526,-1.3983960415642653
1,3055,-0.420814014,0.1343165996229168,-0.5551306136229168
1,3056,-0.840456459,0.06745326303298194,-0.9079097220329819
1,3057,-0.285719321,0.11111949303710167,-0.3968388140371017
1,3058,-0.594981365,0.10713895609575319,-0.7021203210957532
1,3059,-0.08201362,-0.04734929235335498,-0.03466432764664502
1,3060,-0.594981365,5.208091921235836e-05,-0.5950334459192124
1,3061,-0.594981365,-0.003928456022136136,-0.5910529089778639
1,3062,-0.840456459,0.1706249844247155,-1.0110814434247155
1,3063,-0.594981365,0.20767368309286083,-0.8026550480928608
1,3064,-0.285719321,0.2036931461515123,-0.4894124671515123
1,3065,-0.594981365,0.10134746798253844,-0.6963288329825384
1,3066,-0.17533892,0.14764410541893194,-0.322983025418932
1,3067,-0.420814014,0.14366356847758346,-0.5644775824775835
1,3068,-1.260098905,0.06745326303298194,-1.327552168032982
1,3069,-0.840456459,0.11111949303710167,-0.9515759520371017
1,3070,-0.594981365,0.10713895609575319,-0.7021203210957532
1,3071,-0.840456459,-0.04734929235335498,-0.793107166646645
1,3072,-0.594981365,5.208091921235836e-05,-0.5950334459192124
1,3073,-0.594981365,-0.003928456022136136,-0.5910529089778639
1,3074,0.418470877,0.1706249844247155,0.24784589257528453
1,3075,-0.594981365,0.20767368309286083,-0.8026550480928608
1,3076,-0.17533892,0.2036931461515123,-0.3790320661515123
1,3077,0.522511785,0.11104348196186282,0.41146830303813714
1,3078,0.070136174,0.15734011939825626,-0.08720394539825627
1,3079,-0.08201362,0.1533595824569078,-0.2353732024569078
1,3080,0.418470877,0.0625888443267376,0.3558820326732624
1,3081,-0.17533892,0.1062550743308574,-0.2815939943308574
1,3082,-0.08201362,0.10227453738950891,-0.1842881573895089
1,3083,0.611267885,-0.05221371105959926,0.6634815960595992
1,3084,0.070136174,-0.004812337787031946,0.07494851178703194
1,3085,1.057822142,-0.008792874728380431,1.0666150167283805
1,3086,-0.840456459,0.1657605657184712,-1.0062170247184712
1,3087,-0.594981365,0.20280926438661656,-0.7977906293866166
1,3088,-0.594981365,0.19882872744526803,-0.793810092445268
1,3089,-0.840456459,0.14732864859621547,-0.9877851075962154
1,3090,0.244303526,0.18235724341947182,0.06194628258052817
1,3091,0.379398219,0.17837670647812334,0.20102151252187664
1,3092,-0.840456459,0.12677608288505135,-0.9672325418850514
1,3093,-1.260098905,0.161081035630069,-1.421179940630069
1,3094,-0.840456459,0.1571004986887205,-0.9975569576887204
1,3095,-0.594981365,-0.024279755069709374,-0.5707016099302906
1,3096,-0.285719321,0.01768083653660975,-0.30340015753660976
1,3097,-0.594981365,0.013700299595261253,-0.6086816645952612
1,3098,0.133923124,0.16825903826085273,-0.03433591426085272
1,3099,-0.08201362,0.2053077369289981,-0.2873213569289981
1,3100,-0.420814014,0.20132719998764956,-0.6221412139876495
1,3101,-0.001171569,0.09200049912787175,-0.09317206812787175
1,3102,-0.420814014,0.13829713656426526,-0.5591111505642653
1,3103,-1.260098905,0.1343165996229168,-1.3944155046229167
1,3104,-0.594981365,0.06745326303298194,-0.6624346280329819
1,3105,-0.594981365,0.11111949303710167,-0.7061008580371017
1,3106,-0.285719321,0.10713895609575319,-0.3928582770957532
1,3107,-1.260098905,-0.04734929235335498,-1.212749612646645
1,3108,-0.840456459,5.208091921235836e-05,-0.8405085399192124
1,3109,-0.594981365,-0.003928456022136136,-0.5910529089778639
1,3110,-0.001171569,0.16825903826085273,-0.16943060726085274
1,3111,-0.285719321,0.2053077369289981,-0.49102705792899815
1,3112,-1.260098905,0.20132719998764956,-1.4614261049876496
1,3113,0.070136174,0.09200049912787175,-0.02186432512787176
1,3114,-0.420814014,0.13829713656426526,-0.5591111505642653
1,3115,0.070136174,0.1343165996229168,-0.06418042562291681
1,3116,-0.840456459,0.06745326303298194,-0.9079097220329819
1,3117,-0.285719321,0.11111949303710167,-0.3968388140371017
1,3118,-0.420814014,0.10713895609575319,-0.5279529700957533
1,3119,-0.594981365,-0.04734929235335498,-0.547632072646645
1,3120,-1.260098905,5.208091921235836e-05,-1.2601509859192124
1,3121,-0.840456459,-0.003928456022136136,-0.8365280029778639
1,3122,-0.420814014,0.16825903826085273,-0.5890730522608527
1,3123,-0.840456459,0.2053077369289981,-1.045764195928998
1,3124,-0.840456459,0.20132719998764956,-1.0417836589876495
1,3125,0.455173997,0.10134746798253844,0.3538265290174616
1,3126,-1.260098905,0.14764410541893194,-1.407743010418932
1,3127,-0.840456459,0.14366356847758346,-0.9841200274775834
1,3128,-0.001171569,0.06745326303298194,-0.06862483203298193
1,3129,0.133923124,0.11111949303710167,0.022803630962898336
1,3130,-0.08201362,0.10713895609575319,-0.1891525760957532
1,3131,-0.285719321,-0.04734929235335498,-0.23837002864664505
1,3132,-1.260098905,5.208091921235836e-05,-1.2601509859192124
1,3133,-0.840456459,-0.003928456022136136,-0.8365280029778639
1,3134,0.746362578,0.16825903826085273,0.5781035397391473
1,3135,0.418470877,0.2053077369289981,0.21316314007100193
1,3136,-0.001171569,0.20132719998764956,-0.20249876898764957
1,3137,2.099400958,0.11104348196186282,1.988357476038137
1,3138,1.51571411,0.15734011939825626,1.3583739906017438
1,3139,1.294458888,0.1533595824569078,1.1410993055430922
1,3140,2.295827697,0.0625888443267376,2.2332388526732623
1,3141,0.965592618,0.1062550743308574,0.8593375436691426
1,3142,1.61255928,0.10227453738950891,1.510284742610491
1,3143,1.377522652,-0.05221371105959926,1.4297363630595992
1,3144,0.828579014,-0.004812337787031946,0.8333913517870319
1,3145,-0.420814014,-0.008792874728380431,-0.4120211392716196
1,3146,-0.17533892,0.16339461955460846,-0.3387335395546085
1,3147,-0.501656066,0.20044331822275382,-0.7020993842227539
1,3148,-0.840456459,0.19646278128140526,-1.0369192402814051
1,3149,0.244303526,0.14732864859621547,0.09697487740378452
1,3150,1.03091033,0.18235724341947182,0.8485530865805282
1,3151,1.850974048,0.17837670647812334,1.6725973415218767
1,3152,-0.705361766,0.12677608288505135,-0.8321378488850514
1,3153,-0.420814014,0.161081035630069,-0.581895049630069
1,3154,-0.420814014,0.1571004986887205,-0.5779145126887205
1,3155,-0.840456459,-0.024279755069709374,-0.8161767039302906
1,3156,-0.349506271,0.01768083653660975,-0.3671871075366097
1,3157,-0.349506271,0.013700299595261253,-0.36320657059526124
1,3158,-0.705361766,0.1980612297542183,-0.9034229957542184
1,3159,-0.501656066,0.22425088329598747,-0.7259069492959875
1,3160,-1.01462381,0.2202703463546389,-1.234894156354639
1,3161,-0.705361766,0.12535878814719564,-0.8307205541471956
1,3162,-1.01462381,0.16079638045721265,-1.1754201904572126
1,3163,-0.705361766,0.15681584351586417,-0.8621776095158642
1,3164,-0.840456459,0.0038650006441880605,-0.844321459644188
1,3165,-0.840456459,0.04106507447425022,-0.8815215334742502
1,3166,-0.594981365,0.0370845375329017,-0.6320659025329017
1,3167,-0.705361766,-0.03189904398523092,-0.6734627220147691
1,3168,-0.349506271,0.010056383491411287,-0.3595626544914113
1,3169,-0.840456459,0.006075846550062798,-0.8465323055500628
1,3170,-0.705361766,0.1980612297542183,-0.9034229957542184
1,3171,-0.705361766,0.22425088329598747,-0.9296126492959875
1,3172,-0.705361766,0.2202703463546389,-0.9256321123546389
1,3173,-0.349506271,0.12535878814719564,-0.4748650591471956
1,3174,-1.01462381,0.16079638045721265,-1.1754201904572126
1,3175,-0.840456459,0.15681584351586417,-0.9972723025158642
1,3176,-0.705361766,0.0038650006441880605,-0.709226766644188
1,3177,-0.285719321,0.04106507447425022,-0.32678439547425026
1,3178,-0.420814014,0.0370845375329017,-0.4578985515329017
1,3179,-0.840456459,-0.03189904398523092,-0.8085574150147691
1,3180,-0.420814014,0.010056383491411287,-0.4308703974914113
1,3181,-0.705361766,0.006075846550062798,-0.7114376125500628
1,3182,-1.01462381,0.1980612297542183,-1.2126850397542184
1,3183,-1.01462381,0.22425088329598747,-1.2388746932959875
1,3184,-0.705361766,0.2202703463546389,-0.9256321123546389
1,3185,-0.594981365,0.1309651849879734,-0.7259465499879734
1,3186,-0.840456459,0.1664027772979904,-1.0068592362979905
1,3187,-0.705361766,0.16242224035664196,-0.867784006356642
1,3188,-0.705361766,0.0038650006441880605,-0.709226766644188
1,3189,-0.040244227,0.04106507447425022,-0.08130930147425022
1,3190,-0.126879778,0.0370845375329017,-0.1639643155329017
1,3191,-0.594981365,-0.03189904398523092,-0.5630823210147691
1,3192,-0.501656066,0.010056383491411287,-0.5117124494914113
1,3193,-1.01462381,0.006075846550062798,-1.0206996565500628
1,3194,-0.840456459,0.1980612297542183,-1.0385176887542182
1,3195,-0.840456459,0.22425088329598747,-1.0647073422959874
1,3196,-1.01462381,0.2202703463546389,-1.234894156354639
1,3197,-0.420814014,0.14139162771123712,-0.5622056417112371
1,3198,-0.840456459,0.17682922002125415,-1.017285679021254
1,3199,-0.840456459,0.17284868307990564,-1.0133051420799055
1,3200,-0.420814014,-0.0009994180620562427,-0.4198145959379438
1,3201,-0.040244227,0.03620065576800591,-0.0764448827680059
1,3202,-0.349506271,0.0322201188266574,-0.3817263898266574
1,3203,0.070136174,-0.03676346269147522,0.10689963669147522
1,3204,-0.349506271,0.005191964785166975,-0.35469823578516696
1,3205,-0.501656066,0.0012114278438184877,-0.5028674938438185
1,3206,-0.594981365,0.19319681104797404,-0.788178176047974
1,3207,-0.840456459,0.21938646458974315,-1.059842923589743
1,3208,-0.594981365,0.21540592764839459,-0.8103872926483946
1,3209,-0.594981365,0.1844292280430969,-0.7794105930430969
1,3210,-1.01462381,0.20607239297997698,-1.220696202979977
1,3211,-0.705361766,0.2020918560386285,-0.9074536220386284
1,3212,-1.01462381,0.06408909284715489,-1.078712902847155
1,3213,-1.01462381,0.089279057179089,-1.103902867179089
1,3214,-1.260098905,0.08529852023774051,-1.3453974252377405
1,3215,-0.594981365,0.0006871301088527715,-0.5956684951088528
1,3216,-0.594981365,0.03834352120705956,-0.6333248862070595
1,3217,-0.705361766,0.03436298426571108,-0.739724750265711
1,3218,0.102869339,0.1706249844247155,-0.06775564542471549
1,3219,-0.349506271,0.20767368309286083,-0.5571799540928608
1,3220,-0.285719321,0.2036931461515123,-0.4894124671515123
1,3221,-0.705361766,0.09200049912787175,-0.7973622651278718
1,3222,-0.420814014,0.13829713656426526,-0.5591111505642653
1,3223,-0.08201362,0.1343165996229168,-0.21633021962291682
1,3224,-0.501656066,0.06745326303298194,-0.569109329032982
1,3225,-0.228017006,0.11111949303710167,-0.33913649903710164
1,3226,-0.126879778,0.10713895609575319,-0.2340187340957532
1,3227,-0.501656066,-0.04734929235335498,-0.454306773646645
1,3228,-0.501656066,5.208091921235836e-05,-0.5017081469192124
1,3229,-0.501656066,-0.003928456022136136,-0.49772760997786386
1,3230,-0.594981365,0.1706249844247155,-0.7656063494247155
1,3231,-0.501656066,0.20767368309286083,-0.7093297490928608
1,3232,-0.594981365,0.2036931461515123,-0.7986745111515123
1,3233,-0.705361766,0.09200049912787175,-0.7973622651278718
1,3234,-0.705361766,0.13829713656426526,-0.8436589025642652
1,3235,-0.501656066,0.1343165996229168,-0.6359726656229168
1,3236,-0.705361766,0.06745326303298194,-0.7728150290329819
1,3237,-0.285719321,0.11111949303710167,-0.3968388140371017
1,3238,-0.705361766,0.10713895609575319,-0.8125007220957532
1,3239,-0.420814014,-0.04734929235335498,-0.373464721646645
1,3240,-0.594981365,5.208091921235836e-05,-0.5950334459192124
1,3241,-0.594981365,-0.003928456022136136,-0.5910529089778639
1,3242,-0.420814014,0.1706249844247155,-0.5914389984247155
1,3243,-0.501656066,0.20767368309286083,-0.7093297490928608
1,3244,-0.501656066,0.2036931461515123,-0.7053492121515124
1,3245,-0.501656066,0.10134746798253844,-0.6030035339825385
1,3246,-0.705361766,0.14764410541893194,-0.8530058714189319
1,3247,-0.594981365,0.14366356847758346,-0.7386449334775834
1,3248,-0.501656066,0.06745326303298194,-0.569109329032982
1,3249,-0.840456459,0.11111949303710167,-0.9515759520371017
1,3250,-0.420814014,0.10713895609575319,-0.5279529700957533
1,3251,-1.01462381,-0.04734929235335498,-0.9672745176466451
1,3252,-0.228017006,5.208091921235836e-05,-0.22806908691921235
1,3253,-0.349506271,-0.003928456022136136,-0.34557781497786383
1,3254,-0.840456459,0.1706249844247155,-1.0110814434247155
1,3255,-0.285719321,0.20767368309286083,-0.49339300409286085
1,3256,-0.840456459,0.2036931461515123,-1.0441496051515122
1,3257,-0.840456459,0.11104348196186282,-0.9514999409618629
1,3258,-0.17533892,0.15734011939825626,-0.33267903939825627
1,3259,-0.501656066,0.1533595824569078,-0.6550156484569079
1,3260,-0.501656066,0.0625888443267376,-0.5642449103267376
1,3261,-0.420814014,0.1062550743308574,-0.5270690883308574
1,3262,-0.594981365,0.10227453738950891,-0.6972559023895089
1,3263,-0.040244227,-0.05221371105959926,0.011969484059599259
1,3264,0.48977862,-0.004812337787031946,0.49459095778703194
1,3265,0.472723518,-0.008792874728380431,0.4815163927283804
1,3266,-0.349506271,0.1657605657184712,-0.5152668367184712
1,3267,-0.420814014,0.20280926438661656,-0.6236232783866166
1,3268,-0.420814014,0.19882872744526803,-0.6196427414452681
1,3269,-0.17533892,0.14732864859621547,-0.3226675685962155
1,3270,-0.705361766,0.18235724341947182,-0.8877190094194718
1,3271,-0.594981365,0.17837670647812334,-0.7733580714781233
1,3272,-0.040244227,0.12677608288505135,-0.16702030988505134
1,3273,-0.228017006,0.161081035630069,-0.389098041630069
1,3274,-1.01462381,0.1571004986887205,-1.1717243086887206
1,3275,-1.01462381,-0.024279755069709374,-0.9903440549302907
1,3276,-0.17533892,0.01768083653660975,-0.19301975653660977
1,3277,0.926008845,0.013700299595261253,0.9123085454047388
1,3278,-0.705361766,0.16825903826085273,-0.8736208042608528
1,3279,-0.705361766,0.2053077369289981,-0.9106695029289981
1,3280,-0.594981365,0.20132719998764956,-0.7963085649876496
1,3281,-0.594981365,0.09200049912787175,-0.6869818641278718
1,3282,-0.501656066,0.13829713656426526,-0.6399532025642652
1,3283,-0.501656066,0.1343165996229168,-0.6359726656229168
1,3284,-0.840456459,0.06745326303298194,-0.9079097220329819
1,3285,-0.420814014,0.11111949303710167,-0.5319335070371016
1,3286,-0.501656066,0.10713895609575319,-0.6087950220957532
1,3287,-0.501656066,-0.04734929235335498,-0.454306773646645
1,3288,-0.501656066,5.208091921235836e-05,-0.5017081469192124
1,3289,-0.228017006,-0.003928456022136136,-0.22408854997786387
1,3290,-0.594981365,0.16825903826085273,-0.7632404032608527
1,3291,-0.705361766,0.2053077369289981,-0.9106695029289981
1,3292,-0.705361766,0.20132719998764956,-0.9066889659876496
1,3293,-0.840456459,0.09200049912787175,-0.9324569581278718
1,3294,-0.594981365,0.13829713656426526,-0.7332785015642652
1,3295,-1.01462381,0.1343165996229168,-1.1489404096229168
1,3296,-0.594981365,0.06745326303298194,-0.6624346280329819
1,3297,-0.705361766,0.11111949303710167,-0.8164812590371017
1,3298,-0.594981365,0.10713895609575319,-0.7021203210957532
1,3299,-0.705361766,-0.04734929235335498,-0.6580124736466451
1,3300,-0.594981365,5.208091921235836e-05,-0.5950334459192124
1,3301,-1.260098905,-0.003928456022136136,-1.2561704489778638
1,3302,-0.705361766,0.16825903826085273,-0.8736208042608528
1,3303,-1.260098905,0.2053077369289981,-1.4654066419289982
1,3304,-0.594981365,0.20132719998764956,-0.7963085649876496
1,3305,-0.705361766,0.10134746798253844,-0.8067092339825385
1,3306,-0.501656066,0.14764410541893194,-0.6493001714189319
1,3307,-0.594981365,0.14366356847758346,-0.7386449334775834
1,3308,-0.705361766,0.06745326303298194,-0.7728150290329819
1,3309,-0.705361766,0.11111949303710167,-0.8164812590371017
1,3310,-0.17533892,0.10713895609575319,-0.2824778760957532
1,3311,-0.594981365,-0.04734929235335498,-0.547632072646645
1,3312,-0.228017006,5.208091921235836e-05,-0.22806908691921235
1,3313,-0.126879778,-0.003928456022136136,-0.12295132197786386
1,3314,-0.126879778,0.16825903826085273,-0.2951388162608527
1,3315,-0.228017006,0.2053077369289981,-0.4333247429289981
1,3316,-0.126879778,0.20132719998764956,-0.32820697798764953
1,3317,-0.285719321,0.11104348196186282,-0.39676280296186284
1,3318,-0.349506271,0.15734011939825626,-0.5068463903982563
1,3319,-0.126879778,0.1533595824569078,-0.2802393604569078
1,3320,0.597349661,0.0625888443267376,0.5347608166732624
1,3321,-0.17533892,0.1062550743308574,-0.2815939943308574
1,3322,-0.594981365,0.10227453738950891,-0.6972559023895089
1,3323,0.070136174,-0.05221371105959926,0.12234988505959926
1,3324,-0.126879778,-0.004812337787031946,-0.12206744021296806
1,3325,-0.349506271,-0.008792874728380431,-0.34071339627161956
1,3326,-0.420814014,0.16339461955460846,-0.5842086335546085
1,3327,-0.840456459,0.20044331822275382,-1.0408997772227537
1,3328,-0.501656066,0.19646278128140526,-0.6981188472814053
1,3329,0.269017817,0.14732864859621547,0.12168916840378452
1,3330,-0.420814014,0.18235724341947182,-0.6031712574194719
1,3331,-0.501656066,0.17837670647812334,-0.6800327724781233
1,3332,0.455173997,0.12677608288505135,0.3283979141149487
1,3333,-0.08201362,0.161081035630069,-0.243094655630069
1,3334,-0.501656066,0.1571004986887205,-0.6587565646887206
1,3335,0.133923124,-0.024279755069709374,0.15820287906970937
1,3336,-0.285719321,0.01768083653660975,-0.30340015753660976
1,3337,-0.001171569,0.013700299595261253,-0.014871868595261253
1,3338,-0.705361766,0.1980612297542183,-0.9034229957542184
1,3339,-0.705361766,0.22425088329598747,-0.9296126492959875
1,3340,-0.705361766,0.2202703463546389,-0.9256321123546389
1,3341,-0.420814014,0.12535878814719564,-0.5461728021471957
1,3342,-0.705361766,0.16079638045721265,-0.8661581464572127
1,3343,-0.705361766,0.15681584351586417,-0.8621776095158642
1,3344,-0.705361766,0.0038650006441880605,-0.709226766644188
1,3345,-0.594981365,0.04106507447425022,-0.6360464394742502
1,3346,-0.840456459,0.0370845375329017,-0.8775409965329017
1,3347,-0.705361766,-0.03189904398523092,-0.6734627220147691
1,3348,-0.501656066,0.010056383491411287,-0.5117124494914113
1,3349,-0.501656066,0.006075846550062798,-0.5077319125500628
1,3350,-0.705361766,0.1980612297542183,-0.9034229957542184
1,3351,-0.840456459,0.22425088329598747,-1.0647073422959874
1,3352,-0.705361766,0.2202703463546389,-0.9256321123546389
1,3353,-0.705361766,0.12535878814719564,-0.8307205541471956
1,3354,-0.840456459,0.16079638045721265,-1.0012528394572127
1,3355,-0.501656066,0.15681584351586417,-0.6584719095158642
1,3356,-0.705361766,0.0038650006441880605,-0.709226766644188
1,3357,-0.840456459,0.04106507447425022,-0.8815215334742502
1,3358,-0.705361766,0.0370845375329017,-0.7424463035329018
1,3359,-0.840456459,-0.03189904398523092,-0.8085574150147691
1,3360,-0.594981365,0.010056383491411287,-0.6050377484914112
1,3361,-0.420814014,0.006075846550062798,-0.42688986055006284
1,3362,-0.840456459,0.1980612297542183,-1.0385176887542182
1,3363,-0.705361766,0.22425088329598747,-0.9296126492959875
1,3364,-0.705361766,0.2202703463546389,-0.9256321123546389
1,3365,-0.840456459,0.1309651849879734,-0.9714216439879734
1,3366,-0.840456459,0.1664027772979904,-1.0068592362979905
1,3367,-0.705361766,0.16242224035664196,-0.867784006356642
1,3368,-0.840456459,0.0038650006441880605,-0.844321459644188
1,3369,-0.840456459,0.04106507447425022,-0.8815215334742502
1,3370,-0.705361766,0.0370845375329017,-0.7424463035329018
1,3371,-0.594981365,-0.03189904398523092,-0.5630823210147691
1,3372,-1.01462381,0.010056383491411287,-1.0246801934914114
1,3373,-0.705361766,0.006075846550062798,-0.7114376125500628
1,3374,-0.420814014,0.1980612297542183,-0.6188752437542183
1,3375,-0.705361766,0.22425088329598747,-0.9296126492959875
1,3376,-0.705361766,0.2202703463546389,-0.9256321123546389
1,3377,-0.501656066,0.14139162771123712,-0.6430476937112372
1,3378,-0.840456459,0.17682922002125415,-1.017285679021254
1,3379,-0.840456459,0.17284868307990564,-1.0133051420799055
1,3380,-0.705361766,-0.0009994180620562427,-0.7043623479379437
1,3381,-0.594981365,0.03620065576800591,-0.6311820207680059
1,3382,-0.349506271,0.0322201188266574,-0.3817263898266574
1,3383,-0.840456459,-0.03676346269147522,-0.8036929963085248
1,3384,-0.705361766,0.005191964785166975,-0.7105537307851669
1,3385,0.48977862,0.0012114278438184877,0.4885671921561815
1,3386,-0.840456459,0.19319681104797404,-1.033653270047974
1,3387,-0.840456459,0.21938646458974315,-1.059842923589743
1,3388,-0.840456459,0.21540592764839459,-1.0558623866483945
1,3389,-0.840456459,0.1844292280430969,-1.024885687043097
1,3390,-0.705361766,0.20607239297997698,-0.911434158979977
1,3391,-1.01462381,0.2020918560386285,-1.2167156660386285
1,3392,-0.840456459,0.06408909284715489,-0.9045455518471549
1,3393,-0.840456459,0.089279057179089,-0.929735516179089
1,3394,-0.705361766,0.08529852023774051,-0.7906602862377405
1,3395,-0.420814014,0.0006871301088527715,-0.4215011441088528
1,3396,-0.840456459,0.03834352120705956,-0.8787999802070595
1,3397,-0.840456459,0.03436298426571108,-0.874819443265711
1,3398,0.133923124,0.1706249844247155,-0.03670186042471549
1,3399,-0.285719321,0.20767368309286083,-0.49339300409286085
1,3400,-0.040244227,0.2036931461515123,-0.2439373731515123
1,3401,0.292762667,0.09200049912787175,0.20076216787212822
1,3402,0.437100533,0.13829713656426526,0.2988033964357347
1,3403,-0.126879778,0.1343165996229168,-0.2611963776229168
1,3404,0.337628825,0.06745326303298194,0.2701755619670181
1,3405,0.48977862,0.11111949303710167,0.37865912696289833
1,3406,0.070136174,0.10713895609575319,-0.037002782095753195
1,3407,-0.501656066,-0.04734929235335498,-0.454306773646645
1,3408,-0.17533892,5.208091921235836e-05,-0.17539100091921236
1,3409,-0.594981365,-0.003928456022136136,-0.5910529089778639
1,3410,-0.228017006,0.1706249844247155,-0.3986419904247155
1,3411,0.102869339,0.20767368309286083,-0.10480434409286082
1,3412,-0.501656066,0.2036931461515123,-0.7053492121515124
1,3413,0.102869339,0.09200049912787175,0.01086883987212825
1,3414,0.163461474,0.13829713656426526,0.025164337435734735
1,3415,-0.001171569,0.1343165996229168,-0.13548816862291682
1,3416,-0.08201362,0.06745326303298194,-0.14946688303298195
1,3417,-0.126879778,0.11111949303710167,-0.23799927103710167
1,3418,0.102869339,0.10713895609575319,-0.0042696170957531865
1,3419,0.035531552,-0.04734929235335498,0.08288084435335498
1,3420,-0.349506271,5.208091921235836e-05,-0.34955835191921236
1,3421,-0.594981365,-0.003928456022136136,-0.5910529089778639
1,3422,-0.501656066,0.1706249844247155,-0.6722810504247155
1,3423,-0.17533892,0.20767368309286083,-0.38301260309286084
1,3424,0.358873674,0.2036931461515123,0.15518052784848768
1,3425,0.611267885,0.10134746798253844,0.5099204170174615
1,3426,-0.126879778,0.14764410541893194,-0.27452388341893197
1,3427,0.102869339,0.14366356847758346,-0.04079422947758346
1,3428,-0.08201362,0.06745326303298194,-0.14946688303298195
1,3429,0.102869339,0.11111949303710167,-0.008250154037101665
1,3430,0.909421065,0.10713895609575319,0.8022821089042468
1,3431,0.926008845,-0.04734929235335498,0.973358137353355
1,3432,0.437100533,5.208091921235836e-05,0.43704845208078763
1,3433,-0.840456459,-0.003928456022136136,-0.8365280029778639
1,3434,-0.594981365,0.1706249844247155,-0.7656063494247155
1,3435,0.455173997,0.20767368309286083,0.24750031390713917
1,3436,0.676429219,0.2036931461515123,0.4727360728484877
1,3437,0.418470877,0.11104348196186282,0.3074273950381372
1,3438,0.163461474,0.15734011939825626,0.006121354601743734
1,3439,0.358873674,0.1533595824569078,0.20551409154309216
1,3440,-0.228017006,0.0625888443267376,-0.2906058503267376
1,3441,1.064367244,0.1062550743308574,0.9581121696691426
1,3442,0.874816443,0.10227453738950891,0.7725419056104912
1,3443,-0.040244227,-0.05221371105959926,0.011969484059599259
1,3444,0.712405113,-0.004812337787031946,0.7172174507870319
1,3445,-0.420814014,-0.008792874728380431,-0.4120211392716196
1,3446,-0.501656066,0.1657605657184712,-0.6674166317184712
1,3447,-0.594981365,0.20280926438661656,-0.7977906293866166
1,3448,-0.349506271,0.19882872744526803,-0.548334998445268
1,3449,0.472723518,0.14732864859621547,0.32539486940378454
1,3450,-0.705361766,0.18235724341947182,-0.8877190094194718
1,3451,-0.420814014,0.17837670647812334,-0.5991907204781234
1,3452,-0.705361766,0.12677608288505135,-0.8321378488850514
1,3453,-0.594981365,0.161081035630069,-0.756062400630069
1,3454,-0.501656066,0.1571004986887205,-0.6587565646887206
1,3455,-0.420814014,-0.024279755069709374,-0.39653425893029065
1,3456,-1.260098905,0.01768083653660975,-1.2777797415366097
1,3457,-0.594981365,0.013700299595261253,-0.6086816645952612
1,3458,0.035531552,0.16825903826085273,-0.13272748626085273
1,3459,-0.285719321,0.2053077369289981,-0.49102705792899815
1,3460,0.133923124,0.20132719998764956,-0.06740407598764955
1,3461,0.611267885,0.09200049912787175,0.5192673858721282
1,3462,1.303297236,0.13829713656426526,1.1650000994357346
1,3463,0.638179696,0.1343165996229168,0.5038630963770832
1,3464,1.2624672,0.06745326303298194,1.195013936967018
1,3465,0.746362578,0.11111949303710167,0.6352430849628984
1,3466,0.900953569,0.10713895609575319,0.7938146129042468
1,3467,-0.126879778,-0.04734929235335498,-0.07953048564664503
1,3468,0.244303526,5.208091921235836e-05,0.24425144508078764
1,3469,0.315611269,-0.003928456022136136,0.3195397250221362
1,3470,-0.08201362,0.16825903826085273,-0.2502726582608527
1,3471,-0.228017006,0.2053077369289981,-0.4333247429289981
1,3472,-0.08201362,0.20132719998764956,-0.28334081998764954
1,3473,0.538237762,0.09200049912787175,0.44623726287212817
1,3474,0.624873313,0.13829713656426526,0.4865761764357348
1,3475,0.624873313,0.1343165996229168,0.49055671337708323
1,3476,0.379398219,0.06745326303298194,0.31194495596701804
1,3477,0.337628825,0.11111949303710167,0.22650933196289835
1,3478,0.828579014,0.10713895609575319,0.7214400579042468
1,3479,-0.285719321,-0.04734929235335498,-0.23837002864664505
1,3480,-0.126879778,5.208091921235836e-05,-0.12693185891921235
1,3481,0.55356557,-0.003928456022136136,0.557494026022136
1,3482,-0.228017006,0.16825903826085273,-0.3962760442608527
1,3483,-0.08201362,0.2053077369289981,-0.2873213569289981
1,3484,-0.501656066,0.20132719998764956,-0.7029832659876496
1,3485,-0.08201362,0.10134746798253844,-0.18336108798253842
1,3486,-0.228017006,0.14764410541893194,-0.37566111141893194
1,3487,-0.228017006,0.14366356847758346,-0.37168057447758346
1,3488,0.865847152,0.06745326303298194,0.798393888967018
1,3489,0.191625439,0.11111949303710167,0.08050594596289834
1,3490,-0.001171569,0.10713895609575319,-0.10831052509575319
1,3491,0.88365479,-0.04734929235335498,0.931004082353355
1,3492,-0.001171569,5.208091921235836e-05,-0.0012236499192123582
1,3493,-0.08201362,-0.003928456022136136,-0.07808516397786386
1,3494,0.163461474,0.16825903826085273,-0.0047975642608527325
1,3495,-0.17533892,0.2053077369289981,-0.38064665692899813
1,3496,-0.040244227,0.20132719998764956,-0.24157142698764955
1,3497,0.163461474,0.11104348196186282,0.05241799203813717
1,3498,0.102869339,0.15734011939825626,-0.05447078039825626
1,3499,1.03091033,0.1533595824569078,0.8775507475430921
1,3500,0.218537251,0.0625888443267376,0.15594840667326237
1,3501,0.133923124,0.1062550743308574,0.027668049669142603
1,3502,0.638179696,0.10227453738950891,0.5359051586104912
1,3503,-0.349506271,-0.05221371105959926,-0.2972925599404007
1,3504,0.455173997,-0.004812337787031946,0.45998633478703194
1,3505,-0.08201362,-0.008792874728380431,-0.07322074527161956
1,3506,-0.228017006,0.16339461955460846,-0.39141162555460846
1,3507,-0.705361766,0.20044331822275382,-0.9058050842227539
1,3508,-0.420814014,0.19646278128140526,-0.6172767952814053
1,3509,-0.17533892,0.14732864859621547,-0.3226675685962155
1,3510,-0.420814014,0.18235724341947182,-0.6031712574194719
1,3511,-0.501656066,0.17837670647812334,-0.6800327724781233
1,3512,1.812492906,0.12677608288505135,1.6857168231149486
1,3513,-0.420814014,0.161081035630069,-0.581895049630069
1,3514,-0.349506271,0.1571004986887205,-0.5066067696887204
1,3515,-0.349506271,-0.024279755069709374,-0.3252265159302906
1,3516,-0.349506271,0.01768083653660975,-0.3671871075366097
1,3517,-0.705361766,0.013700299595261253,-0.7190620655952612
1,3518,-0.420814014,0.1980612297542183,-0.6188752437542183
1,3519,-0.705361766,0.22425088329598747,-0.9296126492959875
1,3520,-0.705361766,0.2202703463546389,-0.9256321123546389
1,3521,-0.349506271,0.12535878814719564,-0.4748650591471956
1,3522,0.358873674,0.16079638045721265,0.19807729354278733
1,3523,0.035531552,0.15681584351586417,-0.12128429151586417
1,3524,-0.594981365,0.0038650006441880605,-0.598846365644188
1,3525,0.070136174,0.04106507447425022,0.029071099525749773
1,3526,-0.040244227,0.0370845375329017,-0.0773287645329017
1,3527,-0.594981365,-0.03189904398523092,-0.5630823210147691
1,3528,-0.420814014,0.010056383491411287,-0.4308703974914113
1,3529,-0.705361766,0.006075846550062798,-0.7114376125500628
1,3530,-0.349506271,0.1980612297542183,-0.5475675007542182
1,3531,-0.501656066,0.22425088329598747,-0.7259069492959875
1,3532,-0.594981365,0.2202703463546389,-0.8152517113546389
1,3533,-0.594981365,0.12535878814719564,-0.7203401531471956
1,3534,-0.420814014,0.16079638045721265,-0.5816103944572126
1,3535,-0.594981365,0.15681584351586417,-0.7517972085158642
1,3536,-0.501656066,0.0038650006441880605,-0.505521066644188
1,3537,-0.126879778,0.04106507447425022,-0.16794485247425023
1,3538,0.337628825,0.0370845375329017,0.3005442874670983
1,3539,-0.17533892,-0.03189904398523092,-0.1434398760147691
1,3540,-0.126879778,0.010056383491411287,-0.13693616149141127
1,3541,0.035531552,0.006075846550062798,0.029455705449937204
1,3542,-0.501656066,0.1980612297542183,-0.6997172957542184
1,3543,-0.705361766,0.22425088329598747,-0.9296126492959875
1,3544,-0.420814014,0.2202703463546389,-0.6410843603546389
1,3545,-0.420814014,0.1309651849879734,-0.5517791989879735
1,3546,-0.420814014,0.1664027772979904,-0.5872167912979904
1,3547,-0.420814014,0.16242224035664196,-0.583236254356642
1,3548,-0.594981365,0.0038650006441880605,-0.598846365644188
1,3549,0.191625439,0.04106507447425022,0.15056036452574978
1,3550,0.133923124,0.0370845375329017,0.09683858646709831
1,3551,-0.349506271,-0.03189904398523092,-0.31760722701476907
1,3552,-0.040244227,0.010056383491411287,-0.05030061049141129
1,3553,0.102869339,0.006075846550062798,0.09679349244993721
1,3554,-0.228017006,0.1980612297542183,-0.4260782357542183
1,3555,-0.17533892,0.22425088329598747,-0.3995898032959875
1,3556,-0.420814014,0.2202703463546389,-0.6410843603546389
1,3557,-0.501656066,0.14139162771123712,-0.6430476937112372
1,3558,-0.705361766,0.17682922002125415,-0.8821909860212541
1,3559,-0.349506271,0.17284868307990564,-0.5223549540799056
1,3560,-0.420814014,-0.0009994180620562427,-0.4198145959379438
1,3561,0.191625439,0.03620065576800591,0.1554247832319941
1,3562,-0.17533892,0.0322201188266574,-0.2075590388266574
1,3563,-0.17533892,-0.03676346269147522,-0.13857545730852477
1,3564,-0.08201362,0.005191964785166975,-0.08720558478516698
1,3565,0.133923124,0.0012114278438184877,0.13271169615618153
1,3566,-0.501656066,0.19319681104797404,-0.694852877047974
1,3567,-0.594981365,0.21938646458974315,-0.8143678295897432
1,3568,-0.420814014,0.21540592764839459,-0.6362199416483946
1,3569,-0.285719321,0.1844292280430969,-0.4701485490430969
1,3570,-0.420814014,0.20607239297997698,-0.626886406979977
1,3571,-0.594981365,0.2020918560386285,-0.7970732210386284
1,3572,-0.501656066,0.06408909284715489,-0.5657451588471549
1,3573,-0.126879778,0.089279057179089,-0.21615883517908902
1,3574,-0.594981365,0.08529852023774051,-0.6802798852377405
1,3575,-0.285719321,0.0006871301088527715,-0.2864064511088528
1,3576,-0.501656066,0.03834352120705956,-0.5399995872070595
1,3577,-0.349506271,0.03436298426571108,-0.38386925526571103
1,3578,-0.262277495,-0.19546041876769066,-0.06681707623230937
1,3579,-0.262277495,-0.19546041876769066,-0.06681707623230937
1,3580,0.199372487,-0.19546041876769066,0.39483290576769065
1,3581,0.037171142,-0.19546041876769066,0.23263156076769065
1,3582,-0.299708575,-0.19546041876769066,-0.10424815623230932
1,3583,-0.262277495,-0.19546041876769066,-0.06681707623230937
1,3584,0.773315707,0.04866712197890677,0.7246485850210932
1,3585,0.935517052,0.0014832102513695545,0.9340338417486305
1,3586,-0.299708575,-0.20945007557962228,-0.0902584994203777
1,3587,-0.262277495,-0.20945007557962228,-0.05282741942037775
1,3588,0.611114362,-0.20945007557962228,0.8205644375796223
1,3589,0.386527885,-0.20945007557962228,0.5959779605796223
1,3590,0.311665725,-0.20945007557962228,0.5211158005796223
1,3591,0.14946438,-0.20945007557962228,0.3589144555796223
1,3592,1.372212981,-0.0072861698884307885,1.379499150888431
1,3593,1.584322431,-0.05072519517232942,1.6350476261723292
1,3594,-0.062645071,-0.37466102875915763,0.31201595775915764
1,3595,-0.062645071,-0.37466102875915763,0.31201595775915764
1,3596,3.705416942,-0.37466102875915763,4.080077970759158
1,3597,1.584322431,-0.37466102875915763,1.9589834597591576
1,3598,0.598637335,-0.37466102875915763,0.9732983637591577
1,3599,0.885608946,-0.37466102875915763,1.2602699747591575
1,3600,5.651833082,-0.03798195468745388,5.689815036687453
1,3601,7.223938424,-0.06516095667182004,7.28909938067182
1,3602,-0.262277495,-0.21523034626102605,-0.047047148738973976
1,3603,-0.262277495,-0.21523034626102605,-0.047047148738973976
1,3604,1.322304874,-0.21523034626102605,1.5375352202610262
1,3605,0.997902185,-0.21523034626102605,1.2131325312610262
1,3606,0.923040025,-0.21523034626102605,1.138270371261026
1,3607,0.461390044,-0.21523034626102605,0.676620390261026
1,3608,2.058449439,0.04800324196038053,2.0104461970396192
1,3609,3.206335881,0.003291880418365888,3.2030440005816345
1,3610,-0.412001814,-0.49975723869911537,0.08775542469911535
1,3611,-0.412001814,-0.49975723869911537,0.08775542469911535
1,3612,-0.374570734,-0.49975723869911537,0.12518650469911535
1,3613,-0.412001814,-0.49975723869911537,0.08775542469911535
1,3614,-0.412001814,-0.49975723869911537,0.08775542469911535
1,3615,-0.412001814,-0.49975723869911537,0.08775542469911535
1,3616,-0.412001814,-0.3043549513054201,-0.1076468626945799
1,3617,-0.374570734,-0.3088541833500543,-0.0657165506499457
1,3618,-0.412001814,-0.38708870675185386,-0.02491310724814616
1,3619,-0.412001814,-0.38708870675185386,-0.02491310724814616
1,3620,-0.412001814,-0.38708870675185386,-0.02491310724814616
1,3621,-0.412001814,-0.38708870675185386,-0.02491310724814616
1,3622,-0.412001814,-0.38708870675185386,-0.02491310724814616
1,3623,-0.412001814,-0.38708870675185386,-0.02491310724814616
1,3624,-0.412001814,-0.04970930963562682,-0.3622925043643732
1,3625,-0.412001814,-0.07479024526874302,-0.337211568731257
1,3626,-0.412001814,-0.3951708979536591,-0.016830916046340905
1,3627,-0.412001814,-0.3951708979536591,-0.016830916046340905
1,3628,-0.412001814,-0.3951708979536591,-0.016830916046340905
1,3629,-0.412001814,-0.3951708979536591,-0.016830916046340905
1,3630,-0.412001814,-0.3951708979536591,-0.016830916046340905
1,3631,-0.412001814,-0.3951708979536591,-0.016830916046340905
1,3632,-0.412001814,-0.31435247946891065,-0.09764933453108937
1,3633,-0.412001814,-0.32997518787393093,-0.08202662612606909
1,3634,-0.412001814,-0.2678310482321126,-0.1441707657678874
1,3635,-0.412001814,-0.2678310482321126,-0.1441707657678874
1,3636,-0.412001814,-0.2678310482321126,-0.1441707657678874
1,3637,-0.412001814,-0.2678310482321126,-0.1441707657678874
1,3638,-0.412001814,-0.2678310482321126,-0.1441707657678874
1,3639,-0.412001814,-0.2678310482321126,-0.1441707657678874
1,3640,-0.412001814,0.0034721966095070567,-0.41547401060950706
1,3641,-0.412001814,-0.036069562579174035,-0.375932251420826
1,3642,-0.162461283,-0.37628143873309705,0.21382015573309704
1,3643,-0.262277495,-0.37628143873309705,0.11400394373309702
1,3644,0.049648168,-0.37628143873309705,0.42592960673309704
1,3645,0.037171142,-0.37628143873309705,0.41345258073309704
1,3646,-0.237323442,-0.37628143873309705,0.13895799673309706
1,3647,-0.337139654,-0.37628143873309705,0.03914178473309704
1,3648,0.161941407,-0.04352038291866597,0.20546178991866598
1,3649,0.199372487,-0.0706993849030322,0.27007187190303217
1,3650,-0.349616681,-0.19878225702702612,-0.15083442397297386
1,3651,-0.349616681,-0.19878225702702612,-0.15083442397297386
1,3652,0.037171142,-0.19878225702702612,0.2359533990270261
1,3653,-0.062645071,-0.19878225702702612,0.13613718602702612
1,3654,-0.237323442,-0.19878225702702612,-0.038541184972973874
1,3655,-0.262277495,-0.19878225702702612,-0.0634952379729739
1,3656,-0.237323442,0.030779469857482204,-0.2681029118574822
1,3657,-0.162461283,-0.012368493657108522,-0.1500927893428915
1,3658,-0.412001814,-0.46681449083000615,0.054812676830006124
1,3659,-0.412001814,-0.46681449083000615,0.054812676830006124
1,3660,-0.412001814,-0.46681449083000615,0.054812676830006124
1,3661,-0.412001814,-0.46681449083000615,0.054812676830006124
1,3662,-0.412001814,-0.46681449083000615,0.054812676830006124
1,3663,-0.412001814,-0.46681449083000615,0.054812676830006124
1,3664,-0.412001814,-0.22412888115574114,-0.18787293284425888
1,3665,-0.412001814,-0.23275287683441997,-0.17924893716558005
1,3666,-0.412001814,-0.15662537979558633,-0.2553764342044137
1,3667,-0.412001814,-0.15662537979558633,-0.2553764342044137
1,3668,-0.412001814,-0.15662537979558633,-0.2553764342044137
1,3669,-0.412001814,-0.15662537979558633,-0.2553764342044137
1,3670,-0.412001814,-0.15662537979558633,-0.2553764342044137
1,3671,-0.412001814,-0.15662537979558633,-0.2553764342044137
1,3672,-0.412001814,-0.02337045544478445,-0.3886313585552156
1,3674,-0.412001814,-0.3103189288611631,-0.10168288513883694
1,3675,-0.412001814,-0.3103189288611631,-0.10168288513883694
1,3676,-0.412001814,-0.3103189288611631,-0.10168288513883694
1,3677,-0.412001814,-0.3103189288611631,-0.10168288513883694
1,3678,-0.412001814,-0.3103189288611631,-0.10168288513883694
1,3679,-0.412001814,-0.3103189288611631,-0.10168288513883694
1,3680,-0.412001814,-0.12095901759226833,-0.2910427964077317
1,3681,-0.412001814,-0.14818747281370076,-0.26381434118629926
1,3682,-0.412001814,-0.260183125653438,-0.15181868834656204
1,3683,-0.412001814,-0.260183125653438,-0.15181868834656204
1,3684,-0.412001814,-0.260183125653438,-0.15181868834656204
1,3685,-0.412001814,-0.260183125653438,-0.15181868834656204
1,3686,-0.412001814,-0.260183125653438,-0.15181868834656204
1,3687,-0.412001814,-0.260183125653438,-0.15181868834656204
1,3688,-0.412001814,0.021014768646515605,-0.4330165826465156
1,3689,-0.374570734,-0.02101142568833429,-0.3535593083116657
1,3690,-0.412001814,-0.19989183806782582,-0.2121099759321742
1,3691,-0.374570734,-0.19989183806782582,-0.1746788959321742
1,3692,-0.374570734,-0.19989183806782582,-0.1746788959321742
1,3693,-0.412001814,-0.19989183806782582,-0.2121099759321742
1,3694,-0.412001814,-0.19989183806782582,-0.2121099759321742
1,3695,-0.412001814,-0.19989183806782582,-0.2121099759321742
1,3696,-0.374570734,0.012189729158501821,-0.3867604631585018
1,3698,-0.349616681,-0.2434731237031231,-0.10614355729687688
1,3699,-0.349616681,-0.2434731237031231,-0.10614355729687688
1,3700,-0.062645071,-0.2434731237031231,0.1808280527031231
1,3701,-0.162461283,-0.2434731237031231,0.08101184070312309
1,3702,-0.349616681,-0.2434731237031231,-0.10614355729687688
1,3703,-0.299708575,-0.2434731237031231,-0.056235451296876876
1,3704,-0.075122097,0.01489906320150964,-0.09002116020150963
1,3705,-0.075122097,-0.023515781292622988,-0.05160631570737701
1,3706,-0.412001814,-0.24971477961371952,-0.1622870343862805
1,3707,-0.412001814,-0.24971477961371952,-0.1622870343862805
1,3708,-0.162461283,-0.24971477961371952,0.0872534966137195
1,3709,-0.349616681,-0.24971477961371952,-0.09990190138628047
1,3710,-0.374570734,-0.24971477961371952,-0.1248559543862805
1,3711,-0.412001814,-0.24971477961371952,-0.1622870343862805
1,3712,-0.262277495,0.05019057225727292,-0.31246806725727294
1,3713,-0.162461283,0.029726802687185642,-0.19218808568718565
1,3714,-0.299708575,-0.2271739548906746,-0.07253462010932538
1,3715,-0.162461283,-0.2271739548906746,0.06471267189067459
1,3716,0.848177866,-0.2271739548906746,1.0753518208906745
1,3717,0.673499495,-0.2271739548906746,0.9006734498906745
1,3718,0.049648168,-0.2271739548906746,0.2768221228906746
1,3719,0.374050858,-0.2271739548906746,0.6012248128906745
1,3720,0.723407601,0.04024657070329176,0.6831610302967083
1,3721,0.935517052,0.006151461983940598,0.9293655900160595
1,3722,2.525359966,0.009597022676271709,2.515762943323728
1,3723,2.404854895,0.009597022676271709,2.3952578723237283
1,3724,2.378635461,0.19128778250150502,2.187347678498495
1,3725,2.306718502,0.11360912919593971,2.1931093728040603
1,3726,2.227180493,0.1525627196267453,2.0746177733732547
1,3727,2.226998603,0.23227069383076673,1.9947279091692334
1,3728,2.176469539,0.19128778250150502,1.9851817564984953
1,3729,2.166059015,0.11716636255563341,2.0488926524443665
1,3730,2.071714893,0.1447024616642023,1.9270124313357975
1,3731,2.052864271,0.08949965211491048,1.9633646188850893
1,3732,2.015563649,0.08949965211491048,1.9260639968850897
1,3733,2.007198727,-0.03404625387987718,2.041244980879877
1,3734,1.99066982,0.08949965211491048,1.9011701678850894
1,3735,1.968753678,0.1366289597303229,1.832124718269677
1,3736,1.920741817,0.13540317888051917,1.7853386381194807
1,3737,1.909499462,0.11839779608507688,1.7911016659149233
1,3738,1.904280719,0.0904920692541647,1.8137886497458353
1,3739,1.896378149,0.11716636255563341,1.7792117864443666
1,3740,1.891845891,0.03619275389369833,1.8556531371063016
1,3742,1.847910163,0.0743433049025854,1.7735668580974147
1,3743,1.809339902,0.20743729516238468,1.6019026068376154
1,3744,1.794006285,0.034532903076541104,1.759473381923459
1,3745,1.789031042,0.1388843238844424,1.6501467181155576
1,3746,1.786994725,0.20743729516238468,1.5795574298376154
1,3747,1.758669202,0.15102795408861783,1.6076412479113822
1,3748,1.757412383,0.064496664547171,1.692915718452829
1,3749,1.755394642,0.0904920692541647,1.6649025727458353
1,3750,1.750151915,-0.09752442514972065,1.8476763401497207
1,3751,1.746457478,-0.006578950998286209,1.7530364289982863
1,3752,1.741560748,0.032629631322029076,1.7089311166779708
1,3753,1.727784758,0.17904087629192506,1.548743881708075
1,3754,1.72183057,0.23210592781965445,1.4897246421803456
1,3755,1.717655214,0.14584500996010405,1.571810204039896
1,3756,1.710497801,0.03657304534885532,1.6739247556511447
1,3757,1.705588284,0.34536269333116837,1.3602255906688316
1,3758,1.703501087,0.14225237705370208,1.561248709946298
1,3759,1.680235662,0.23227069383076673,1.4479649681692333
1,3760,1.670481961,0.023419601960171746,1.6470623590398281
1,3761,1.666422216,0.25110848846458433,1.4153137275354157
1,3762,1.665309499,0.2020553192524851,1.4632541797475147
1,3763,1.660721888,0.1525627196267453,1.5081591683732547
1,3764,1.658262899,0.29434512913724703,1.363917769862753
1,3765,1.622829222,0.12676197665533825,1.4960672453446617
1,3766,1.612662532,0.0743433049025854,1.5383192270974146
1,3767,1.608986834,0.0904920692541647,1.5184947647458353
1,3768,1.603898281,0.034532903076541104,1.5693653779234589
1,3769,1.585372247,0.44257294443578893,1.1427993025642111
1,3770,1.571381431,0.2908385692645593,1.2805428617354409
1,3771,1.543101528,0.09258252176940066,1.4505190062305993
1,3773,1.510164637,0.03619275389369833,1.4739718831063016
1,3775,1.486085078,0.0904920692541647,1.3955930087458353
1,3776,1.48600869,0.17405781833622547,1.3119508716637744
1,3777,1.478744724,0.2160947323705541,1.2626499916294458
1,3778,1.474834987,0.09293370797359159,1.3819012790264082
1,3779,1.429597013,0.12363089234522251,1.3059661206547775
1,3780,1.425641641,0.16154380605949192,1.2640978349405079
1,3781,1.424555858,-0.07487624168573163,1.4994320996857315
1,3782,1.422904845,0.33600376250703223,1.0869010824929677
1,3783,1.419711238,0.03257919935309516,1.387132038646905
1,3784,1.419584504,0.010873246242394602,1.4087112577576053
1,3785,1.410327963,0.16157956326337886,1.248748399736621
1,3786,1.395961458,-0.00594424635881278,1.4019057043588128
1,3787,1.386241035,0.093687710082831,1.292553324917169
1,3788,1.378500699,0.2116889452238042,1.1668117537761957
1,3789,1.372763782,0.17970762341863628,1.1930561585813637
1,3790,1.371802708,0.04009077843566065,1.3317119295643394
1,3791,1.368984138,-0.07262699169101047,1.4416111296910106
1,3792,1.355548907,0.19613694967265552,1.1594119573273445
1,3793,1.354737374,0.3182050648271191,1.0365323091728809
1,3794,1.346391249,0.5448077567246963,0.8015834922753038
1,3795,1.34232604,0.18017294557540534,1.1621530944245948
1,3796,1.34218188,0.1843318703879834,1.1578500096120166
1,3797,1.321461058,0.08949965211491048,1.2319614058850894
1,3798,1.319228086,0.16242164016283162,1.1568064458371685
1,3799,1.302545939,0.3934970107436752,0.9090489282563248
1,3800,1.29454855,0.18401444741471387,1.1105341025852862
1,3801,1.292334582,0.008326593525837365,1.2840079884741626
1,3802,1.287516852,-0.02300035085725427,1.3105172028572543
1,3803,1.287221595,0.26162668087408536,1.0255949141259149
1,3804,1.285924404,0.32026188167583364,0.9656625223241664
1,3805,1.282154756,0.20015384209150588,1.082000913908494
1,3806,1.277403139,0.06342728600804966,1.2139758529919504
1,3807,1.276477963,0.09024128375459324,1.1862366792454069
1,3809,1.26652138,0.20356459358354226,1.0629567864164577
1,3810,1.261017841,0.19613694967265552,1.0648808913273444
1,3811,1.245288615,0.2116889452238042,1.0335996697761958
1,3812,1.239988357,0.4316722835180958,0.8083160734819044
1,3813,1.238259976,0.0403419856498357,1.1979179903501642
1,3814,1.237397229,0.06342728600804966,1.1739699429919503
1,3815,1.2152658,0.15404291795121144,1.0612228820487886
1,3816,1.212096657,0.17587849672996114,1.0362181602700389
1,3817,1.212075826,0.10123825533885081,1.110837570661149
1,3818,1.211395725,0.14716912798412604,1.064226597015874
1,3819,1.201370686,0.35390832671451716,0.8474623592854829
1,3820,1.198705348,0.30819287307728405,0.890512474922716
1,3821,1.1974625,0.38415950984468766,0.8133029901553124
1,3822,1.197261315,-0.013509400149797542,1.2107707151497975
1,3823,1.196514877,0.07863267004863907,1.117882206951361
1,3824,1.195129109,0.08455933900643747,1.1105697699935626
1,3825,1.192993101,0.064496664547171,1.128496436452829
1,3826,1.191806355,0.19004476413052754,1.0017615908694724
1,3827,1.191665273,0.3311420462986995,0.8605232267013004
1,3828,1.188840639,0.10976063052401441,1.0790800084759855
1,3829,1.178644585,0.33600376250703223,0.8426408224929678
1,3830,1.145564384,0.08462768326649613,1.060936700733504
1,3831,1.145263502,0.1413923789498876,1.0038711230501123
1,3832,1.143032478,0.37711106620928225,0.7659214117907178
1,3833,1.142469403,0.153747842870362,0.988721560129638
1,3834,1.142262582,0.20015384209150588,0.9421087399084942
1,3835,1.134442262,0.13885834997071753,0.9955839120292825
1,3836,1.127794699,0.16146204693815638,0.9663326520618437
1,3837,1.11900287,0.09024128375459324,1.028761586245407
1,3838,1.110921674,0.12329283050608708,0.987628843493913
1,3839,1.107720716,0.2160947323705541,0.8916259836294459
1,3840,1.107132106,0.07863267004863907,1.0284994359513608
1,3842,1.083319431,0.18240253667893214,0.9009168943210679
1,3843,1.081983781,0.20389968057763397,0.878084100422366
1,3844,1.076823897,0.20470835046878824,0.8721155465312117
1,3845,1.066685886,0.18183801620607326,0.8848478697939266
1,3846,1.065157464,0.20459032333067778,0.8605671406693223
1,3847,1.062269651,0.19815049667199564,0.8641191543280045
1,3848,1.0617726,0.17829300087122132,0.8834795991287787
1,3849,1.057578992,0.37711106620928225,0.6804679257907178
1,3850,1.055618804,0.25110848846458433,0.8045103155354157
1,3851,1.047278471,0.17405781833622547,0.8732206526637746
1,3852,1.030810538,0.17970762341863628,0.8511029145813638
1,3853,1.023979422,0.047420725991208786,0.9765586960087912
1,3854,1.013729667,0.17829300087122132,0.8354366661287786
1,3855,1.013640278,0.19834342695798032,0.8152968510420197
1,3856,1.008840188,0.5198679958961232,0.48897219210387677
1,3857,1.004642681,0.2399566709322717,0.7646860100677283
1,3858,0.994421135,0.22713222706447908,0.7672889079355208
1,3859,0.990029821,0.15083396838571844,0.8391958526142815
1,3860,0.988236972,0.20015384209150588,0.7880831299084942
1,3861,0.983381384,0.16229807931026055,0.8210833046897394
1,3862,0.977617403,-0.056105631585646215,1.0337230345856463
1,3863,0.961891938,0.093687710082831,0.8682042279171689
1,3864,0.958275912,0.032629631322029076,0.9256462806779708
1,3865,0.95557815,-0.04126540300404391,0.9968435530040439
1,3866,0.951122473,0.2612684273822042,0.6898540456177957
1,3867,0.943161197,0.14258425951187692,0.8005769374881231
1,3868,0.942699432,0.20149836430449408,0.7412010676955059
1,3869,0.931811579,0.18159139047250525,0.7502201885274947
1,3870,0.931279443,0.22609693526272703,0.705182507737273
1,3871,0.926496764,0.16417643439821605,0.762320329601784
1,3872,0.921030604,0.147838459215377,0.7731921447846231
1,3873,0.914535887,-0.07938660199967035,0.9939224889996703
1,3874,0.911760261,0.20015384209150588,0.7116064189084941
1,3875,0.911053161,0.08485910846745147,0.8261940525325485
1,3876,0.907492808,0.26023222686493264,0.6472605811350673
1,3877,0.900084262,0.2469657551734583,0.6531185068265417
1,3878,0.899624561,0.14655114416721662,0.7530734168327834
1,3879,0.887740679,-0.042860595392811424,0.9306012743928114
1,3880,0.864570286,0.19974274312056436,0.6648275428794356
1,3881,0.864486256,0.22429797648830416,0.6401882795116958
1,3882,0.851394013,0.246353661117673,0.605040351882327
1,3883,0.850627614,0.1851589562864628,0.6654686577135371
1,3884,0.846418336,-0.02684129584921487,0.873259631849215
1,3885,0.846075028,-0.07487624168573163,0.9209512696857316
1,3886,0.833722479,0.20459032333067778,0.6291321556693221
1,3888,0.828649867,0.17862158768438247,0.6500282793156176
1,3889,0.824903487,0.20389968057763397,0.6210038064223661
1,3890,0.809487216,0.064496664547171,0.744990551452829
1,3891,0.809287629,0.28864827122111736,0.5206393577788826
1,3893,0.798478701,0.1321406501843534,0.6663380508156466
1,3894,0.793375714,0.23987983139085595,0.5534958826091441
1,3895,0.791802884,0.13276548964854024,0.6590373943514598
1,3896,0.759989719,0.23510043062795696,0.5248892883720431
1,3897,0.758241969,0.1705051058494411,0.5877368631505588
1,3898,0.757245138,0.064496664547171,0.6927484734528291
1,3899,0.756494564,-0.22456301612074966,0.9810575801207497
1,3900,0.756220157,0.08740484523435882,0.6688153117656412
1,3901,0.751828633,0.18037168381938973,0.5714569491806103
1,3902,0.750798979,0.24507358480030844,0.5057253941996915
1,3903,0.742705462,0.26023222686493264,0.48247323513506735
1,3904,0.741771051,0.22411815834654555,0.5176528926534544
1,3905,0.737058791,0.29960501138062107,0.437453779619379
1,3906,0.73545985,0.1785268220342847,0.5569330279657153
1,3907,0.733951443,0.1413923789498876,0.5925590640501124
1,3908,0.730404681,0.1712077654582172,0.5591969155417829
1,3909,0.72818277,0.03540260400215947,0.6927801659978405
1,3910,0.725867478,0.09258252176940066,0.6332849562305993
1,3911,0.725652036,0.22784279142042715,0.49780924457957276
1,3912,0.714787109,0.22429797648830416,0.4904891325116958
1,3914,0.713997781,0.3019839923898038,0.4120137886101962
1,3915,0.712436762,-0.08719080893034858,0.7996275709303485
1,3916,0.697065661,0.20743729516238468,0.4896283658376153
1,3917,0.696608871,-0.044521056851377604,0.7411299278513777
1,3918,0.694851467,0.16417643439821605,0.530675032601784
1,3919,0.694266745,0.13172644343556242,0.5625403015644376
1,3920,0.68372793,0.09293370797359159,0.5907942220264084
1,3921,0.681475973,0.15859955355462715,0.5228764194453728
1,3922,0.675789353,0.5758389603462895,0.09995039265371053
1,3923,0.67229469,0.026776061030204648,0.6455186289697953
1,3924,0.671535415,0.24711814809377936,0.42441726690622067
1,3925,0.660504131,0.18829157382712994,0.47221255717287014
1,3926,0.64419175,0.18183801620607326,0.4623537337939267
1,3927,0.641505159,0.24507358480030844,0.3964315741996916
1,3928,0.635921265,0.20015384209150588,0.43576742290849413
1,3929,0.635779608,0.20015384209150588,0.4356257659084941
1,3930,0.635437798,0.25850734708026146,0.37693045091973854
1,3931,0.629252984,0.24214546362917308,0.38710752037082685
1,3932,0.628729149,-0.14864458813749232,0.7773737371374922
1,3933,0.622348169,0.27509668843336094,0.34725148056663907
1,3934,0.619169682,0.14004813064738036,0.47912155135261963
1,3935,0.618850709,0.20639517228151805,0.412455536718482
1,3936,0.616612128,0.3727544595798003,0.24385766842019968
1,3937,0.61322209,0.08249816045683077,0.5307239295431693
1,3938,0.610159872,0.1366289597303229,0.4735309122696771
1,3939,0.602447216,-0.06497271395491708,0.6674199299549171
1,3940,0.60151036,-0.07938660199967035,0.6808969619996703
1,3941,0.601313842,0.32980297985934864,0.2715108621406514
1,3942,0.598077973,-0.2196619213924691,0.8177398943924691
1,3943,0.597520095,0.3110875135784355,0.2864325814215645
1,3944,0.594268331,0.15959968266985636,0.4346686483301436
1,3945,0.592461625,0.3727544595798003,0.2197071654201997
1,3946,0.584521631,0.047433864333120614,0.5370877666668794
1,3947,0.576555629,0.06202548506753363,0.5145301439324664
1,3948,0.572273079,0.20743729516238468,0.36483578383761534
1,3949,0.570089294,0.29960501138062107,0.2704842826193789
1,3950,0.56664217,0.16799891653760546,0.3986432534623945
1,3951,0.566575091,0.185777311882935,0.380797779117065
1,3952,0.562543278,0.3495517200850352,0.21299155791496482
1,3953,0.562321009,-0.07415933655913727,0.6364803455591374
1,3954,0.561769736,0.3142827304688853,0.24748700553111475
1,3955,0.558293262,0.15521146287856813,0.4030817991214318
1,3956,0.555772657,0.22584261452761534,0.32993004247238467
1,3957,0.547226971,0.15655537224211172,0.39067159875788826
1,3958,0.539949068,0.33548425230539597,0.204464815694604
1,3959,0.535479426,-0.027933507304626605,0.5634129333046266
1,3960,0.533106367,0.13276548964854024,0.4003408773514598
1,3961,0.533065353,0.18258320237433828,0.35048215062566174
1,3962,0.527517707,0.19974274312056436,0.3277749638794356
1,3963,0.518508081,0.15421787443259388,0.3642902065674061
1,3964,0.517969233,0.23145412319872818,0.2865151098012718
1,3965,0.515776113,0.26162668087408536,0.2541494321259147
1,3966,0.510491986,0.30278630768544734,0.20770567831455267
1,3967,0.508038995,0.2765478049638268,0.23149119003617324
1,3968,0.503074486,0.2642115056281136,0.23886298037188647
1,3969,0.500967462,-0.09271849769908769,0.5936859596990877
1,3971,0.493093723,0.1504624536699193,0.3426312693300807
1,3972,0.481259731,0.23510043062795696,0.24615930037204306
1,3973,0.480872508,0.23430311212470406,0.24656939587529592
1,3974,0.479023334,0.27344940805661805,0.20557392594338197
1,3975,0.476684882,0.16551069071483168,0.3111741912851683
1,3976,0.473260515,0.09486691863128956,0.37839359636871045
1,3977,0.468260354,0.23078595705581834,0.23747439694418165
1,3979,0.464847662,0.23759672164872414,0.22725094035127585
1,3980,0.455822301,0.3138277689264615,0.14199453207353846
1,3981,0.453901091,-0.21586777608971772,0.6697688670897177
1,3982,0.449016616,0.16619940973884784,0.28281720626115214
1,3983,0.423358609,0.3019839923898038,0.12137461661019622
1,3984,0.419620921,0.18424230495200936,0.23537861604799062
1,3985,0.419117843,0.23384535970769865,0.18527248329230134
1,3986,0.416322282,0.23145412319872818,0.1848681588012718
1,3987,0.413275848,0.1712077654582172,0.2420680825417828
1,3988,0.410420761,0.008326593525837365,0.40209416747416266
1,3989,0.409632061,0.5762158779918768,-0.1665838169918768
1,3990,0.403303496,0.16421811473481618,0.2390853812651838
1,3991,0.402449986,0.19815049667199564,0.20429948932800435
1,3992,0.40069836,0.22695481539699192,0.17374354460300806
1,3993,0.39551431,-0.202668864460185,0.598183174460185
1,3994,0.377078156,0.18725027542846848,0.18982788057153152
1,3995,0.374302746,-0.17444130043605544,0.5487440464360555
1,3996,0.37424623,0.07850376096989294,0.2957424690301071
1,3997,0.369504344,0.3468084462231185,0.02269589777688147
1,3998,0.368647679,0.14236649289023723,0.22628118610976278
1,3999,0.366485158,-0.056105631585646215,0.4225907895856462
1,4000,0.366025661,0.09460413317734097,0.27142152782265905
1,4001,0.364875049,0.18183801620607326,0.18303703279392675
1,4002,0.358206665,0.22205912890587456,0.13614753609412542
1,4003,0.357125494,0.5421742747137706,-0.18504878071377057
1,4004,0.353293224,0.26331348421425316,0.08997973978574686
1,4005,0.346585554,0.17412432869724678,0.17246122530275323
1,4006,0.33253804,0.29159078289381113,0.04094725710618885
1,4007,0.324136313,0.3312875004653236,-0.007151187465323616
1,4008,0.31646367,0.15421787443259388,0.1622457955674061
1,4009,0.303954318,-0.07685846570782151,0.3808127837078215
1,4010,0.280701435,0.40439767166136814,-0.12369623666136814
1,4011,0.270476422,0.2867109726333915,-0.01623455063339152
1,4012,0.26850381,0.11145313707187302,0.157050672928127
1,4013,0.256249336,0.2720228935089227,-0.01577355750892273
1,4014,0.253480451,-0.2874643965153249,0.5409448475153249
1,4015,0.252234808,0.19009357351177458,0.062141234488225394
1,4016,0.240862299,0.18183801620607326,0.05902428279392674
1,4017,0.233633655,0.024406816511047653,0.20922683848895235
1,4018,0.229752466,0.28460063115197354,-0.05484816515197355
1,4019,0.223087681,0.16551069071483168,0.05757699028516833
1,4020,0.22187844,0.18642197167940697,0.03545646832059304
1,4021,0.22134005,0.224634766322704,-0.0032947163227039777
1,4022,0.220897363,0.16065530463360947,0.060242058366390544
1,4023,0.214092026,-0.007771480353150942,0.22186350635315094
1,4024,0.212743159,0.24807294941870273,-0.03532979041870274
1,4025,0.212527783,-0.07522858243815579,0.2877563654381558
1,4026,0.210801392,0.03657304534885532,0.17422834665114467
1,4027,0.209068962,0.2642115056281136,-0.05514254362811358
1,4028,0.206320109,0.11197236414769518,0.09434774485230482
1,4030,0.194073122,-0.1899884255608767,0.3840615475608767
1,4031,0.177601475,0.1821207940241577,-0.0045193190241576975
1,4032,0.172213588,0.147740463594911,0.024473124405089003
1,4033,0.169059414,0.44257294443578893,-0.27351353043578897
1,4034,0.167667762,0.12809013235708408,0.03957762964291592
1,4035,0.167067074,0.16616351873671265,0.0009035552632873645
1,4036,0.158798386,0.16451311381140854,-0.0057147278114085265
1,4037,0.15831795,0.16110352957828178,-0.002785579578281766
1,4038,0.151431693,0.19095491713976706,-0.039523224139767055
1,4039,0.150899702,-0.013509400149797542,0.16440910214979754
1,4040,0.140862856,0.40588292038478735,-0.2650200643847873
1,4041,0.123919098,-0.07262699169101047,0.19654608969101048
1,4042,0.117104163,0.1798060658278448,-0.06270190282784481
1,4043,0.114103344,0.06202548506753363,0.052077858932466366
1,4044,0.10140051,0.3673211496796546,-0.2659206396796546
1,4045,0.099558935,0.07850376096989294,0.021055174030107066
1,4046,0.097043355,0.16157956326337886,-0.06453620826337886
1,4047,0.093096356,0.33548425230539597,-0.24238789630539598
1,4048,0.091948567,0.1851589562864628,-0.09321038928646282
1,4049,0.084853396,0.03657304534885532,0.04828035065114468
1,4050,0.081930551,0.23902430001427788,-0.15709374901427786
1,4052,0.063704545,-0.09636909586226054,0.16007364086226056
1,4053,0.05956162,0.3660460478126786,-0.3064844278126786
1,4054,0.045934951,0.1798060658278448,-0.1338711148278448
1,4055,0.044039881,-0.2874643965153249,0.3315042775153249
1,4056,0.042468902,-0.027933507304626605,0.0704024093046266
1,4057,0.038115881,0.18240253667893214,-0.14428665567893215
1,4058,0.028811218,0.24300998379160282,-0.21419876579160282
1,4059,0.0286977,0.13894952265722205,-0.11025182265722205
1,4060,0.02784548,-0.11941195637833346,0.14725743637833347
1,4062,0.021838532,0.09433932786036635,-0.07250079586036634
1,4063,0.01636929,0.24300998379160282,-0.22664069379160282
1,4064,0.015845246,-0.2377619277502825,0.25360717375028247
1,4065,0.013421627,0.2603956452691047,-0.2469740182691047
1,4066,0.002590616,0.20308247936829293,-0.20049186336829294
1,4067,-0.001042852,0.1848587693798514,-0.18590162137985142
1,4068,-0.004338948,0.26986948875766104,-0.27420843675766104
1,4069,-0.005493221,0.16452934811030331,-0.1700225691103033
1,4070,-0.008421316,0.13382017003316318,-0.1422414860331632
1,4071,-0.010076005,-0.10970099156167794,0.09962498656167794
1,4072,-0.0106288,0.1738118490678821,-0.1844406490678821
1,4073,-0.011674652,0.24711814809377936,-0.25879280009377936
1,4074,-0.018121331,0.18240253667893214,-0.20052386767893213
1,4075,-0.02244522,0.35147336277064584,-0.3739185827706458
1,4076,-0.022665556,-0.05619249109222874,0.033526935092228746
1,4077,-0.024558187,-0.29074872978483457,0.26619054278483456
1,4078,-0.031945158,0.147838459215377,-0.179783617215377
1,4079,-0.043269162,0.44257294443578893,-0.48584210643578896
1,4080,-0.044024614,0.16767987031960813,-0.21170448431960812
1,4081,-0.053214533,-0.11941195637833346,0.06619742337833345
1,4082,-0.054287255,0.08949965211491048,-0.1437869071149105
1,4083,-0.054421508,0.23759672164872414,-0.29201822964872415
1,4084,-0.062782955,0.2963612690800996,-0.3591442240800996
1,4085,-0.074423599,0.18037168381938973,-0.25479528281938973
1,4086,-0.084200879,0.16229807931026055,-0.24649895831026056
1,4087,-0.084593159,0.110930591610858,-0.195523750610858
1,4088,-0.086595048,0.1511060288800802,-0.2377010768800802
1,4089,-0.087383723,0.15859955355462715,-0.24598327655462715
1,4090,-0.087742627,0.14236649289023723,-0.23010911989023725
1,4091,-0.090912247,0.18037168381938973,-0.27128393081938973
1,4092,-0.094102278,0.10102208907118589,-0.19512436707118588
1,4093,-0.095850991,0.15859955355462715,-0.2544505445546271
1,4094,-0.097862344,0.21354383759068246,-0.31140618159068245
1,4095,-0.100323622,0.18083015119329823,-0.28115377319329826
1,4096,-0.101134477,0.18642197167940697,-0.287556448679407
1,4097,-0.103463841,0.15102795408861783,-0.25449179508861786
1,4098,-0.117712964,0.18634010949919122,-0.3040530734991912
1,4099,-0.126603189,0.17132788922506623,-0.29793107822506626
1,4100,-0.127341571,-0.060827440859719896,-0.0665141301402801
1,4101,-0.145845037,0.15515003136798455,-0.30099506836798456
1,4102,-0.146774446,0.3428433083179134,-0.4896177543179134
1,4103,-0.154437455,0.14004813064738036,-0.29448558564738037
1,4104,-0.155547793,0.2599881868871963,-0.4155359798871963
1,4105,-0.158520918,0.15756088622028067,-0.31608180422028065
1,4106,-0.16034665,0.21653905119608288,-0.3768857011960829
1,4107,-0.16851995,-0.02350424351237566,-0.14501570648762435
1,4108,-0.171997614,0.2612684273822042,-0.43326604138220415
1,4109,-0.17340408,0.03975587593716945,-0.21315995593716944
1,4110,-0.174985791,0.08949965211491048,-0.2644854431149105
1,4111,-0.175414149,-0.18647513097192353,0.01106098197192354
1,4112,-0.177776759,0.2205892854731037,-0.3983660444731037
1,4113,-0.181016767,0.1511060288800802,-0.3321227958800802
1,4114,-0.189761839,0.15020026989812607,-0.33996210889812606
1,4115,-0.191662364,0.009404813067308978,-0.20106717706730898
1,4116,-0.192593184,0.3752603703444454,-0.5678535543444454
1,4117,-0.205857276,0.08566481332634393,-0.29152208932634394
1,4118,-0.208095271,0.20296210644436774,-0.41105737744436777
1,4119,-0.208599071,0.2157737367816933,-0.4243728077816933
1,4120,-0.209011653,0.35147336277064584,-0.5604850157706458
1,4121,-0.224618518,0.26162668087408536,-0.48624519887408535
1,4122,-0.225139414,0.2882962392301636,-0.5134356532301636
1,4123,-0.231049532,0.09725250493145406,-0.32830203693145404
1,4124,-0.233838332,0.23043108998165263,-0.46426942198165266
1,4125,-0.234562137,0.16551069071483168,-0.40007282771483166
1,4126,-0.238099826,0.1342570249855481,-0.37235685098554805
1,4127,-0.243577107,0.15871874849484618,-0.40229585549484614
1,4128,-0.249314579,0.2490281717062038,-0.4983427507062038
1,4129,-0.25110877,0.15550672176769476,-0.40661549176769474
1,4130,-0.253762099,-0.23209483962673488,-0.021667259373265135
1,4131,-0.257642436,0.19237919027646608,-0.450021626276466
1,4132,-0.260331087,0.2824542317020849,-0.5427853187020849
1,4133,-0.263443743,0.18936323404644984,-0.45280697704644984
1,4134,-0.263546129,0.021655367507601733,-0.28520149650760174
1,4135,-0.271442073,0.12009010939644997,-0.39153218239645
1,4136,-0.272223003,0.07694620894096446,-0.3491692119409645
1,4137,-0.27877907,0.34724960781690895,-0.626028677816909
1,4138,-0.279518783,0.14655114416721662,-0.4260699271672166
1,4139,-0.281054565,0.24211196237774246,-0.5231665273777424
1,4140,-0.2839804,0.34724960781690895,-0.631230007816909
1,4141,-0.290262527,0.25850734708026146,-0.5487698740802615
1,4142,-0.292428667,0.03975587593716945,-0.3321845429371694
1,4143,-0.296242353,-0.14864458813749232,-0.1475977648625077
1,4145,-0.31873114,0.19322686509463155,-0.5119580050946315
1,4146,-0.318960119,0.3045019302122365,-0.6234620492122365
1,4147,-0.325298871,0.26986948875766104,-0.595168359757661
1,4148,-0.344454973,0.12795436818644532,-0.4724093411864453
1,4149,-0.346993298,-0.07502899367866324,-0.2719643043213368
1,4150,-0.34930114,0.16242164016283162,-0.5117227801628317
1,4151,-0.349544697,0.29369327642021953,-0.6432379734202196
1,4152,-0.353642183,0.18017294557540534,-0.5338151285754054
1,4153,-0.365827201,0.16619940973884784,-0.5320266107388478
1,4154,-0.368161447,0.12009010939644997,-0.48825155639644996
1,4155,-0.370506744,-0.06079834520713248,-0.3097083987928675
1,4156,-0.376965875,0.17247037684668193,-0.549436251846682
1,4157,-0.378448612,0.3239878295219581,-0.7024364415219582
1,4158,-0.393858225,0.16154380605949192,-0.5554020310594919
1,4159,-0.398609775,0.20280368438388358,-0.6014134593838836
1,4160,-0.402796621,0.10909025030264542,-0.5118868713026454
1,4161,-0.405107746,0.153747842870362,-0.558855588870362
1,4162,-0.445698258,0.16551069071483168,-0.6112089487148317
1,4163,-0.452998955,0.21086559498013177,-0.6638645499801318
1,4164,-0.46292918,0.1333182066733312,-0.5962473866733312
1,4165,-0.466772454,0.20851842077261012,-0.6752908747726101
1,4166,-0.468705329,-0.202668864460185,-0.266036464539815
1,4167,-0.470179375,0.15643445091734948,-0.6266138259173495
1,4168,-0.473609889,0.04009077843566065,-0.5137006674356607
1,4169,-0.483487309,-0.0939092428940277,-0.3895780661059723
1,4170,-0.486690136,0.30113918568905956,-0.7878293216890595
1,4171,-0.494788984,0.23434746644614374,-0.7291364504461437
1,4172,-0.500455401,0.020358934027798533,-0.5208143350277985
1,4173,-0.500868541,0.26838804339904604,-0.769256584399046
1,4174,-0.50928859,0.15020026989812607,-0.6594888598981261
1,4175,-0.510214328,0.29703893054593294,-0.8072532585459329
1,4176,-0.512493954,0.24528929010429645,-0.7577832441042964
1,4177,-0.512917259,-0.07544545167261042,-0.43747180732738955
1,4178,-0.520599287,0.14176148503167468,-0.6623607720316746
1,4179,-0.521546424,0.13458029840353378,-0.6561267224035338
1,4180,-0.523705766,-0.14128715065059202,-0.3824186153494079
1,4181,-0.523792336,0.07945880886226034,-0.6032511448622603
1,4182,-0.524919122,0.17669290386004383,-0.7016120258600438
1,4183,-0.529014403,0.27315527339350126,-0.8021696763935013
1,4184,-0.534292103,0.19004476413052754,-0.7243368671305275
1,4185,-0.53455747,-0.1641917132623136,-0.37036575673768635
1,4186,-0.539716034,0.15871874849484618,-0.6984347824948463
1,4187,-0.542046045,0.2648629612640989,-0.8069090062640989
1,4188,-0.546648532,0.23041226087469777,-0.7770607928746978
1,4189,-0.547556016,0.15643445091734948,-0.7039904669173496
1,4190,-0.549467162,0.23384535970769865,-0.7833125217076986
1,4191,-0.550562563,0.21989970412433488,-0.7704622671243349
1,4192,-0.554047404,0.20945451125832493,-0.7635019152583249
1,4193,-0.563430702,0.14258425951187692,-0.7060149615118769
1,4194,-0.568900572,0.08828357324625744,-0.6571841452462575
1,4195,-0.571658324,0.09599326260685519,-0.6676515866068552
1,4196,-0.572039912,0.13161309148624326,-0.7036530034862433
1,4197,-0.580412992,0.32618013990014805,-0.906593131900148
1,4198,-0.580704258,0.2046362538028621,-0.7853405118028621
1,4199,-0.587352649,0.18017294557540534,-0.7675255945754053
1,4200,-0.590512448,0.1851589562864628,-0.7756714042864629
1,4201,-0.591206349,0.20356459358354226,-0.7947709425835423
1,4202,-0.59200057,0.09499925081133899,-0.6869998208113389
1,4203,-0.599105646,0.19668381447763186,-0.7957894604776319
1,4204,-0.599408117,0.22202470653594208,-0.821432823535942
1,4205,-0.600114599,0.2882962392301636,-0.8884108382301636
1,4206,-0.600619848,0.18829157382712994,-0.7889114218271299
1,4207,-0.601328061,-0.1750914065938069,-0.4262366544061931
1,4208,-0.604680488,0.12329283050608708,-0.727973318506087
1,4209,-0.605394535,0.30113918568905956,-0.9065337206890596
1,4210,-0.607747963,0.13172644343556242,-0.7394744064355624
1,4211,-0.60898029,0.3239878295219581,-0.9329681195219581
1,4212,-0.61331774,0.3660460478126786,-0.9793637878126785
1,4213,-0.616648141,0.11315280335308124,-0.7298009443530812
1,4214,-0.618321777,0.1614404523006292,-0.7797622293006292
1,4215,-0.620001085,0.13254050952946145,-0.7525415945294613
1,4216,-0.625285917,0.29062502943169644,-0.9159109464316965
1,4217,-0.626243204,-0.15041246180105752,-0.4758307421989425
1,4218,-0.63256498,0.1914114897755412,-0.8239764697755413
1,4219,-0.635810648,0.17651451214726088,-0.8123251601472609
1,4220,-0.638095336,0.1821207940241577,-0.8202161300241577
1,4221,-0.640829011,0.093687710082831,-0.734516721082831
1,4222,-0.642146553,0.1276859609603158,-0.7698325139603158
1,4223,-0.645566511,0.11994901031469,-0.7655155213146899
1,4224,-0.649791184,-0.16454377820477956,-0.48524740579522047
1,4225,-0.654615592,-0.15041246180105752,-0.5042031301989425
1,4226,-0.654615592,0.22438926213266447,-0.8790048541326645
1,4227,-0.659145989,0.22961575968446682,-0.8887617486844668
1,4228,-0.667869582,-0.09173871265169363,-0.5761308693483064
1,4229,-0.669377284,0.1851589562864628,-0.8545362402864628
1,4230,-0.671355843,0.246353661117673,-0.9177095041176729
1,4231,-0.686993728,0.25794321273399673,-0.9449369407339967
1,4232,-0.694146264,0.1889734302264098,-0.8831196942264098
1,4233,-0.696349113,0.2225177112857078,-0.9188668242857079
1,4234,-0.701155824,-0.004069712773047061,-0.697086111226953
1,4235,-0.701651468,0.27295543300812164,-0.9746069010081216
1,4236,-0.704261763,0.22555778505392715,-0.9298195480539271
1,4237,-0.707889217,0.19426581755983457,-0.9021550345598346
1,4238,-0.709020401,0.10860757916930978,-0.8176279801693097
1,4239,-0.723058821,-0.03274168707465253,-0.6903171339253474
1,4240,-0.725914883,0.16169890749054258,-0.8876137904905426
1,4241,-0.725914883,0.2674467493846067,-0.9933616323846066
1,4242,-0.726175343,0.3045019302122365,-1.0306772732122365
1,4243,-0.740313472,0.247191760686527,-0.987505232686527
1,4244,-0.75376395,0.13231202853136975,-0.8860759785313697
1,4245,-0.756110818,-0.17544590445151312,-0.5806649135484869
1,4246,-0.758190858,0.16981702408125016,-0.9280078820812501
1,4247,-0.762237203,-0.17454502445578543,-0.5876921785442145
1,4248,-0.765893275,0.21087962493544996,-0.97677289993545
1,4249,-0.767448234,0.07834372176929377,-0.8457919557692937
1,4250,-0.770715371,0.3469199796273358,-1.1176353506273358
1,4251,-0.771856836,0.24512262551269226,-1.0169794615126921
1,4252,-0.771999704,-0.027904411652039187,-0.7440952923479608
1,4253,-0.772285564,0.10647545244756704,-0.8787610164475671
1,4254,-0.77357398,0.24923360393677976,-1.0228075839367798
1,4255,-0.775153273,0.1355004672321601,-0.9106537402321602
1,4256,-0.787824671,-0.09598141656033114,-0.6918432544396689
1,4257,-0.787972219,0.08401675820700513,-0.8719889772070052
1,4258,-0.788267449,0.21347466319473052,-1.0017421121947305
1,4259,-0.791526642,0.17669290386004383,-0.9682195458600438
1,4260,-0.794957062,0.17585087720576448,-0.9708079392057645
1,4261,-0.795256486,-0.04765115276821698,-0.747605333231783
1,4262,-0.796756321,0.29212478564522293,-1.088881106645223
1,4263,-0.802497474,0.19611920885469872,-0.9986166828546987
1,4264,-0.805698995,-0.2317507967945051,-0.5739481982054948
1,4265,-0.81000013,0.09687630605086398,-0.906876436050864
1,4266,-0.81092668,0.13231202853136975,-0.9432387085313698
1,4267,-0.813095394,0.14225237705370208,-0.955347771053702
1,4268,-0.818559083,-0.16993905055346908,-0.648620032446531
1,4269,-0.822498944,-0.23884040377800222,-0.5836585402219978
1,4270,-0.822815491,0.27295543300812164,-1.0957709240081215
1,4271,-0.826789485,0.2777731849759863,-1.1045626699759863
1,4273,-0.846321403,0.1477315516403365,-0.9940529546403365
1,4274,-0.848150967,0.23041226087469777,-1.0785632278746977
1,4275,-0.848817942,0.05758899606168714,-0.9064069380616872
1,4277,-0.860637754,0.2786642890263977,-1.1393020430263978
1,4278,-0.863723272,0.2037839091332233,-1.0675071811332233
1,4279,-0.863723272,0.13307915842423101,-0.996802430424231
1,4280,-0.864583782,0.33915741570675206,-1.203741197706752
1,4281,-0.870649572,0.19074203226025002,-1.06139160426025
1,4282,-0.873272105,0.08837993549658484,-0.9616520404965848
1,4283,-0.880334171,0.14685618218236116,-1.0271903531823612
1,4284,-0.884082452,0.3239878295219581,-1.2080702815219582
1,4285,-0.891847147,0.12352511583562728,-1.0153722628356272
1,4286,-0.895317213,-0.2317507967945051,-0.6635664162054948
1,4287,-0.913611966,0.07834372176929377,-0.9919556877692939
1,4288,-0.914563735,0.08017431619786854,-0.9947380511978685
1,4289,-0.915517335,0.2824542317020849,-1.197971566702085
1,4291,-0.932015869,0.16242164016283162,-1.0944375091628316
1,4292,-0.93677551,0.10290625429547662,-1.0396817642954765
1,4293,-0.943597589,0.24569732052309584,-1.1892949095230958
1,4294,-0.944608807,0.31812540478051454,-1.2627342117805145
1,4295,-0.945622093,0.05758899606168714,-1.0032110890616872
1,4296,-0.948674447,0.3153815295192496,-1.2640559765192496
1,4297,-0.949082853,-0.12730576170122543,-0.8217770912987745
1,4298,-0.952979587,-0.04255151811751706,-0.9104280688824828
1,4299,-0.953597673,0.15575892017485454,-1.1093565931748546
1,4300,-0.955663545,0.34161646880537994,-1.29728001380538
1,4301,-0.956907217,0.19868282210881297,-1.155590039108813
1,4302,-0.957946,0.13754045622854436,-1.0954864562285442
1,4303,-0.963593381,0.1075617696318617,-1.0711551506318617
1,4304,-0.966335624,0.17135436339087454,-1.1376899873908746
1,4305,-0.966970611,0.011538616585068898,-0.978509227585069
1,4306,-0.974869779,0.1944199159430111,-1.1692896949430112
1,4307,-0.976162678,-0.027904411652039187,-0.9482582663479608
1,4308,-0.977026489,0.21354383759068246,-1.1905703265906824
1,4309,-0.981150287,0.3239878295219581,-1.305138116521958
1,4310,-0.985528535,0.10559491043624342,-1.0911234454362435
1,4311,-0.991946525,0.2647468492731811,-1.2566933742731812
1,4312,-0.993061527,0.12145141185870431,-1.1145129388587043
1,4313,-0.995747818,0.09426117316352392,-1.090008991163524
1,4314,-1.008019709,-0.10339664314289855,-0.9046230658571015
1,4315,-1.015905384,0.19326055809991466,-1.2091659420999148
1,4316,-1.020367379,0.14685618218236116,-1.1672235611823611
1,4317,-1.025346269,0.2927155554825454,-1.3180618244825453
1,4318,-1.029413776,0.13382017003316318,-1.163233946033163
1,4319,-1.047519132,0.09293370797359159,-1.1404528399735916
1,4320,-1.049516696,0.21087962493544996,-1.2603963209354498
1,4321,-1.067866775,0.1738118490678821,-1.241678624067882
1,4322,-1.070470016,0.25514605999373824,-1.3256160759937383
1,4323,-1.07545418,0.30278630768544734,-1.3782404876854473
1,4324,-1.090171304,0.2055899799262006,-1.2957612839262007
1,4325,-1.090442976,0.17580223635864778,-1.2662452123586478
1,4326,-1.09098677,0.11705085752765318,-1.2080376275276532
1,4327,-1.101156133,0.14118199935793474,-1.2423381323579346
1,4328,-1.107584486,0.10559491043624342,-1.2131793964362434
1,4329,-1.116382918,0.15367311034843317,-1.2700560283484332
1,4330,-1.117242731,0.047433864333120614,-1.1646765953331206
1,4332,-1.121564324,0.10839628522632767,-1.2299606092263276
1,4333,-1.122723144,0.16417643439821605,-1.286899578398216
1,4334,-1.123303573,0.024173838806784288,-1.1474774118067843
1,4335,-1.133572725,0.27383619105116785,-1.407408916051168
1,4336,-1.135950151,0.23990250746906563,-1.3758526584690658
1,4337,-1.145575625,0.10908511574740896,-1.2546607407474089
1,4338,-1.149846302,-0.10339664314289855,-1.0464496588571015
1,4339,-1.152611307,0.27164608756578473,-1.4242573945657846
1,4340,-1.159123642,0.16417643439821605,-1.323300076398216
1,4341,-1.161941065,0.24528906441301293,-1.407230129413013
1,4342,-1.174982726,0.1290376485867059,-1.304020374586706
1,4343,-1.181797969,0.16169890749054258,-1.3434968764905426
1,4344,-1.184747736,-0.18875776028256966,-0.9959899757174304
1,4345,-1.185076575,-0.10979276503390463,-1.0752838099660955
1,4346,-1.188377024,0.07834372176929377,-1.2667207457692937
1,4347,-1.189703385,0.06279215886091007,-1.2524955438609102
1,4348,-1.190367899,0.24480431604852862,-1.4351722150485287
1,4349,-1.193703908,0.093687710082831,-1.287391618082831
1,4350,-1.195380375,0.16065530463360947,-1.3560356796336095
1,4351,-1.197062535,0.14574069456202585,-1.3428032295620258
1,4352,-1.197737001,0.14176148503167468,-1.3394984860316745
1,4353,-1.206246236,0.22601177992871732,-1.4322580159287173
1,4354,-1.213508708,0.15531635483858663,-1.3688250628385865
1,4355,-1.214205957,0.07834372176929377,-1.2925496787692936
1,4356,-1.221232961,-0.10979276503390463,-1.1114401959660953
1,4357,-1.222295663,0.1754688530936479,-1.3977645160936478
1,4358,-1.228002224,0.3801782395105127,-1.6081804635105126
1,4359,-1.231963969,0.10976063052401441,-1.3417245995240143
1,4360,-1.232325704,0.20459032333067778,-1.4369160273306778
1,4361,-1.239249328,0.2647468492731811,-1.5039961772731811
1,4362,-1.244413587,0.1843318703879834,-1.4287454573879834
1,4363,-1.246643428,0.10782988202544,-1.35447331002544
1,4364,-1.251885756,0.09293370797359159,-1.3448194639735918
1,4365,-1.263309679,0.26162668087408536,-1.5249363598740855
1,4366,-1.264466695,0.1315398783074352,-1.3960065733074352
1,4367,-1.268343049,0.40588292038478735,-1.6742259693847874
1,4368,-1.271857892,0.08550606303674617,-1.3573639550367462
1,4369,-1.281354582,0.15575892017485454,-1.4371135021748547
1,4370,-1.28617208,0.12794494431975914,-1.4141170243197592
1,4371,-1.28778838,0.1386962198535175,-1.4264845998535176
1,4372,-1.30049678,0.12805873330351197,-1.428555513303512
1,4373,-1.315248054,0.1452182740497381,-1.460466328049738
1,4374,-1.3161044,0.19868282210881297,-1.514787222108813
1,4375,-1.320408471,0.15367311034843317,-1.4740815813484331
1,4376,-1.323443726,0.24266390381544806,-1.5661076298154482
1,4377,-1.325623208,0.30393038321569404,-1.6295535912156942
1,4378,-1.337113716,0.06279215886091007,-1.3999058748609101
1,4379,-1.337561027,-0.2520209280406139,-1.0855400989593862
1,4380,-1.339803653,0.24480431604852862,-1.5846079690485286
1,4381,-1.341154119,0.07609511374503758,-1.4172492327450377
1,4382,-1.344319596,0.2647404380375123,-1.6090600340375123
1,4383,-1.3465931,0.19425154210259712,-1.5408446421025972
1,4384,-1.350711885,0.1276859609603158,-1.4783978459603158
1,4385,-1.353014983,0.11268364558594489,-1.4656986285859448
1,4386,-1.356257414,0.32513190505220485,-1.681389319052205
1,4387,-1.361395933,0.12794494431975914,-1.4893408773197592
1,4388,-1.365640185,0.1754688530936479,-1.5411090380936479
1,4389,-1.386435826,0.1355004672321601,-1.52193629323216
1,4390,-1.415944483,0.13254050952946145,-1.5484849925294615
1,4391,-1.422275502,0.2238833341776155,-1.6461588361776154
1,4392,-1.424403951,0.2077732421469658,-1.6321771931469657
1,4393,-1.424937494,0.12539991902133946,-1.5503374130213394
1,4394,-1.424937494,0.09881448833160579,-1.5237519823316057
1,4395,-1.433553285,0.1452182740497381,-1.578771559049738
1,4396,-1.434640871,0.32513190505220485,-1.7597727760522048
1,4397,-1.435185561,0.15046954693440598,-1.585655107934406
1,4398,-1.436276742,0.12527427315405754,-1.5615510151540575
1,4399,-1.445650113,-0.13598933681281752,-1.3096607761871824
1,4400,-1.450685232,0.11256267834310237,-1.5632479103431025
1,4401,-1.46148602,0.10310757929938226,-1.5645935992993822
1,4402,-1.489869657,0.05384737225248422,-1.5437170292524842
1,4403,-1.491088342,0.15531635483858663,-1.6464046968385868
1,4404,-1.500325319,-0.23087175143108704,-1.2694535675689131
1,4405,-1.500947285,0.31031199077966515,-1.8112592757796653
1,4406,-1.507840945,0.1386962198535175,-1.6465371648535176
1,4407,-1.518042499,0.0035669027954183157,-1.5216094017954185
1,4408,-1.535748788,0.015753736016690226,-1.5515025240166902
1,4409,-1.549285027,0.20459032333067778,-1.7538753503306779
1,4410,-1.564614943,0.12153667910729138,-1.6861516221072914
1,4411,-1.584837975,0.23101287985891086,-1.8158508548589107
1,4412,-1.592265332,0.2457673076075716,-1.8380326396075715
1,4413,-1.600566136,0.24946741828110003,-1.8500335542811002
1,4414,-1.604385704,0.08485910846745147,-1.6892448124674515
1,4415,-1.623938181,0.09370284977075222,-1.7176410307707521
1,4416,-1.630361552,0.1326039804688775,-1.7629655324688775
1,4417,-1.650147029,-0.005478055575215864,-1.6446689734247841
1,4418,-1.652676714,0.2055899799262006,-1.8582666939262007
1,4419,-1.664655772,-0.23087175143108704,-1.433784020568913
1,4420,-1.671633289,0.15052999624060912,-1.822163285240609
1,4421,-1.681390721,0.03438439531857248,-1.7157751163185726
1,4422,-1.69778398,0.16194701345776147,-1.8597309934577615
1,4423,-1.711872004,0.1754688530936479,-1.8873408570936479
1,4424,-1.718586083,0.1290376485867059,-1.847623731586706
1,4425,-1.732293551,0.2647404380375123,-1.9970339890375122
1,4426,-1.73628066,0.05384737225248422,-1.7901280322524842
1,4427,-1.758802514,0.1696656669931723,-1.9284681809931723
1,4428,-1.778022853,0.26694728836538134,-2.0449701413653814
1,4429,-1.799154034,0.04767837760880511,-1.8468324116088053
1,4430,-1.80717217,0.11480587900732471,-1.9219780490073248
1,4431,-1.830823225,0.1754688530936479,-2.006292078093648
1,4432,-1.868561933,0.15052999624060912,-2.0190919292406093
1,4433,-1.880467871,0.1515479892377731,-2.032015860237773
1,4434,-1.884500963,0.243766857570246,-2.128267820570246
1,4435,-1.909414366,0.26694728836538134,-2.1763616543653814
1,4436,-1.909414366,0.1326039804688775,-2.0420183464688777
1,4437,-1.909414366,0.11548265006716792,-2.0248970160671678
1,4438,-1.941670433,0.2077732421469658,-2.1494436751469657
1,4439,-1.976173932,0.03438439531857248,-2.0105583273185723
1,4440,-1.999451828,0.04767837760880511,-2.047130205608805
1,4441,-2.16105763,0.1696656669931723,-2.3307232969931726
1,4442,1.690807924,0.5164942825318406,1.1743136414681594
1,4443,-0.257339126,0.011542605381258541,-0.26888173138125854
1,4444,-0.562577432,-0.006389773392260426,-0.5561876586077396
1,4445,-0.870891366,0.047009167410296405,-0.9179005334102963
1,4446,1.636142085,0.5164942825318406,1.1196478024681593
1,4447,0.60943964,-0.006389773392260426,0.6158294133922604
1,4448,0.587297214,0.047009167410296405,0.5402880465897036
1,4449,0.418683756,0.09327450120908377,0.32540925479091626
1,4450,0.07146898,0.011542605381258541,0.05992637461874146
1,4451,3.131377134,0.19381507545569338,2.9375620585443065
1,4452,2.944467757,0.09327450120908377,2.8511932557909163
1,4453,2.039405625,0.5164942825318406,1.5229113424681595
1,4454,0.826742274,0.5164942825318406,0.3102479914681594
1,4455,0.662819777,0.09327450120908377,0.5695452757909163
1,4456,0.30390492,-0.054997709765591575,0.3589026297655916
1,4457,0.172282029,-0.006389773392260426,0.17867180239226044
1,4458,-0.028582373,0.06261715991834983,-0.09119953291834984
1,4459,-0.047811392,0.029774240110712082,-0.07758563211071208
1,4460,-0.05049618,0.19381507545569338,-0.24431125545569338
1,4461,-1.134969653,-0.05375812373286542,-1.0812115292671345
1,4462,0.330972753,0.37711106620928225,-0.046138313209282245
1,4463,0.102827924,0.11565703564054376,-0.012829111640543761
1,4464,0.040606607,0.15247902446395425,-0.11187241746395425
1,4465,0.037916991,0.4970272852985395,-0.4591102942985395
1,4466,-0.083836027,0.1388006287216514,-0.22263665572165137
1,4467,-0.208278661,0.18909433882186238,-0.39737299982186236
1,4468,-0.270512783,0.16883588587916804,-0.439348668879168
1,4469,-0.324080214,0.1256585464992931,-0.44973876049929307
1,4470,-0.374202173,0.13531948371772817,-0.5095216567177282
1,4471,-0.425245397,0.10849900575306701,-0.533744402753067
1,4472,-0.43642349,0.1427567898479493,-0.5791802798479493
1,4473,-0.885641222,0.14730445326316952,-1.0329456752631694
1,4474,-0.887001353,0.18909433882186238,-1.0760956918218625
1,4475,-0.9718653,0.16955440192604973,-1.1414197019260497
1,4476,-1.079377099,0.18916279604333633,-1.2685398950433364
1,4477,-1.556407195,-0.006389773392260426,-1.5500174216077396
1,4478,-0.104576466,0.00197775405177436,-0.10655422005177437
1,4479,-0.270499978,0.047009167410296405,-0.3175091454102964
1,4480,0.102827924,0.12536178406728554,-0.02253386006728554
1,4481,-0.146057344,0.12536178406728554,-0.2714191280672855
1,4482,-0.975674904,0.11730162127393659,-1.0929765252739365
1,4483,-0.291240417,0.09327450120908377,-0.38451491820908373
1,4484,0.828743289,0.09327450120908377,0.7354687877909163
1,4485,0.890964606,0.06618512356403308,0.824779482435967
1,4486,0.330972753,0.19381507545569338,0.13715767754430663
1,4487,1.630336152,0.5164942825318406,1.1138418694681593
1,4488,-0.383951218,0.09327450120908377,-0.47722571920908374
1,4489,-0.887171514,0.03197894663086537,-0.9191504606308654
1,4490,-1.081343431,0.017425997627256152,-1.0987694286272562
1,4491,-1.141942622,0.047009167410296405,-1.1889517894102963
1,4492,-1.144045084,0.12536178406728554,-1.2694068680672856
1,4493,-1.150311416,0.09327450120908377,-1.243585917209084
1,4494,-1.358655285,0.00197775405177436,-1.3606330390517742
1,4496,0.077655342,0.5331971804902282,-0.4555418384902282
1,4498,-0.087398079,0.5600241634568536,-0.6474222424568535
1,4512,1.975769688,0.5331971804902282,1.4425725075097717
1,4514,1.233029292,0.5600241634568536,0.6730051285431465
1,4528,1.948260785,0.5331971804902282,1.4150636045097718
1,4530,1.067975871,0.5600241634568536,0.5079517075431464
1,4543,-0.334978211,0.21848936260139823,-0.5534675736013983
1,4544,-0.004871368,0.28602873550325497,-0.29090010350325496
1,4546,-0.059889175,0.30208284488571,-0.36197201988571004
1,4547,0.270217667,0.23518805709994184,0.035029609900058156
1,4548,0.325235474,0.3111305466036972,0.014104927396302813
1,4549,0.105164246,0.3343022810758091,-0.2291380350758091
1,4559,0.930431353,0.32788118459377963,0.6025501684062204
1,4560,0.737869028,0.39137684845893556,0.3464921795410644
1,4561,0.13267315,0.3662061023671528,-0.2335329523671528
1,4562,0.682851221,0.3969951039248281,0.28585611707517183
1,4563,0.60032451,0.36688720939165453,0.23343730060834544
1,4564,1.975769688,0.3829407041177047,1.5928289838822953
1,4565,0.545306703,0.4171416015400423,0.12816510145995763
1,4568,0.270217667,0.28839318570188593,-0.01817551870188594
1,4569,1.975769688,0.7188137872164648,1.2569559007835351
1,4571,-0.389996018,0.28642449227288985,-0.6764205102728899
1,4574,1.975769688,0.5646911567900943,1.4110785312099057
1,4575,0.187690957,0.20669662864213534,-0.019005671642135347
1,4576,0.627833414,0.2675682428874374,0.3602651711125626
1,4577,0.435271089,0.22339722689379718,0.21187386210620282
1,4578,-0.334978211,0.29565930103548116,-0.6306375120354812
1,4579,0.187690957,0.22645792584737084,-0.03876696884737085
1,4580,1.45310052,0.29133251637240165,1.1617680036275984
1,4581,-0.087398079,0.3199173166276424,-0.4073153956276424
1,4582,1.975769688,-0.42364551529292893,2.399415203292929
1,4583,0.655342317,0.4088325526755146,0.2465097643244854
1,4584,-0.142415886,0.04844128157523989,-0.19085716757523988
1,4585,0.792886835,0.33795485942629694,0.4549319755737031
1,4586,0.105164246,-0.01792322147629446,0.12308746747629445
1,4587,-0.032380272,-0.015377392579429742,-0.017002879420570258
1,4588,-0.142415886,0.35041035713557067,-0.49282624313557066
1,4589,1.700680653,-0.2807556953286054,1.9814363483286055
1,4590,1.012958063,0.2749105048843576,0.7380475581156423
1,4592,1.095484774,0.17509995142645257,0.9203848225735474
1,4594,0.737869028,0.26676771480432193,0.47110131319567805
1,4597,-0.527540536,0.38185136957400595,-0.9093919055740058
1,4608,0.682851221,0.17509995142645257,0.5077512695735473
1,4610,0.022637535,0.26676771480432193,-0.24413017980432195
1,4613,0.022637535,0.38185136957400595,-0.35921383457400596
1,4624,0.160182053,0.5331971804902282,-0.37301512749022825
1,4626,-1.077718607,0.5600241634568536,-1.6377427704568537
1,4639,-0.527540536,-0.21937684650086728,-0.30816368949913264
1,4640,-0.665085054,-0.2574055666042976,-0.40767948739570237
1,4642,-1.655405582,-0.23137448426895005,-1.42403109773105
1,4643,-2.013021328,-0.31118699507591835,-1.701834332924082
1,4644,-0.059889175,-0.16727376674157884,0.10738459174157884
1,4645,-1.902985714,-0.0406109478932138,-1.8623747661067862
1,4655,-0.802629572,-0.014918573155662326,-0.7877109988443376
1,4656,0.325235474,-0.05271082821877377,0.3779463022187738
1,4657,-1.325298739,-0.11064455689734705,-1.2146541821026529
1,4658,-0.417504922,-0.026087449865007852,-0.3914174721349922
1,4659,-0.142415886,-0.07604968452495141,-0.06636620147504858
1,4660,1.508118328,0.011006357553691191,1.4971119704463087
1,4661,-1.627896679,0.11947154896212311,-1.7473682279621232
1,4662,-1.737932293,-0.47841515271471535,-1.2595171402852847
1,4663,0.572815607,-0.07786414973597151,0.6506797567359716
1,4664,0.60032451,-0.11738924147810913,0.7177137514781091
1,4665,1.975769688,-0.016146437012606773,1.9919161250126067
1,4666,-0.059889175,-0.14315405607262177,0.08326488107262177
1,4667,-0.087398079,-0.17044541556751086,0.08304733656751086
1,4668,-0.142415886,0.012596756160093222,-0.15501264216009322
1,4669,-1.517861064,-0.3701522149256089,-1.1477088490743912
1,4670,-0.857647379,-0.06882276420159072,-0.7888246147984093
1,4671,-0.472522729,-0.09899087506146237,-0.3735318539385376
1,4672,-0.967682993,-0.14623093912138363,-0.8214520538786164
1,4673,-1.517861064,-0.21401329849663966,-1.3038477655033605
1,4674,-1.462843257,-0.11126644577863741,-1.3515768112213626
1,4675,-1.215263125,-0.17760685034492946,-1.0376562746550706
1,4676,-0.059889175,-0.04511564139288245,-0.014773533607117556
1,4677,-0.940174089,0.054416944402126445,-0.9945910334021264
1,4678,-2.26060146,-0.5916752229338468,-1.6689262370661533
1,4679,-0.389996018,-0.35015797861177994,-0.03983803938822006
1,4680,-0.279960404,-0.26713353007432333,-0.012826873925676663
1,4681,-0.802629572,-0.23690561891740633,-0.5657239530825936
1,4682,-0.747611765,-0.25902717706089334,-0.4885845879391067
1,4683,-1.105227511,-0.3771728772369959,-0.7280546337630042
1,4684,-1.682914486,-0.20453699556313953,-1.4783774904368605
1,4685,-0.747611765,-0.5145845853751136,-0.2330271796248864
1,4686,-2.398145978,-0.2731088659478547,-2.125037112052145
1,4688,0.022637535,0.17509995142645257,-0.15246241642645258
1,4690,0.655342317,0.26676771480432193,0.3885746021956781
1,4693,-0.059889175,0.38185136957400595,-0.44174054457400597
1,4704,1.975769688,0.17509995142645257,1.8006697365735473
1,4706,0.737869028,0.26676771480432193,0.47110131319567805
1,4709,0.022637535,0.38185136957400595,-0.35921383457400596
1,4720,-0.087398079,0.5331971804902282,-0.6205952594902282
1,4722,0.490288896,0.5600241634568536,-0.0697352674568536
1,4735,0.517797799,-0.21937684650086728,0.7371746455008673
1,4736,0.435271089,-0.2574055666042976,0.6926766556042976
1,4738,0.022637535,-0.23137448426895005,0.25401201926895006
1,4739,-1.517861064,-0.31118699507591835,-1.2066740689240818
1,4740,-0.059889175,-0.16727376674157884,0.10738459174157884
1,4741,-1.352807643,-0.0406109478932138,-1.3121966951067863
1,4751,0.352744378,-0.014918573155662326,0.36766295115566233
1,4752,0.380253282,-0.05271082821877377,0.4329641102187738
1,4753,-0.2524515,-0.11064455689734705,-0.14180694310265296
1,4754,0.352744378,-0.026087449865007852,0.37883182786500785
1,4755,1.975769688,-0.07604968452495141,2.0518193725249514
1,4756,0.352744378,0.011006357553691191,0.34173802044630885
1,4757,-0.940174089,0.11947154896212311,-1.059645637962123
1,4758,0.022637535,-0.47841515271471535,0.5010526877147153
1,4759,0.352744378,-0.07786414973597151,0.4306085277359715
1,4760,0.050146439,-0.11738924147810913,0.16753568047810913
1,4761,0.050146439,-0.016146437012606773,0.06629287601260678
1,4762,0.022637535,-0.14315405607262177,0.16579159107262176
1,4763,0.792886835,-0.17044541556751086,0.9633322505675108
1,4764,0.187690957,0.012596756160093222,0.17509420083990676
1,4765,-0.665085054,-0.3701522149256089,-0.29493283907439105
1,4766,0.325235474,-0.06882276420159072,0.39405823820159075
1,4767,-0.720102861,-0.09899087506146237,-0.6211119859385377
1,4768,0.325235474,-0.14623093912138363,0.47146641312138365
1,4769,-0.995191897,-0.21401329849663966,-0.7811785985033604
1,4770,-0.16992479,-0.11126644577863741,-0.05865834422136258
1,4771,-1.40782545,-0.17760685034492946,-1.2302185996550705
1,4772,0.105164246,-0.04511564139288245,0.15027988739288245
1,4773,-0.55504944,0.054416944402126445,-0.6094663844021264
1,4774,-1.435334354,-0.5916752229338468,-0.8436591310661533
1,4775,0.380253282,-0.35015797861177994,0.73041126061178
1,4776,0.545306703,-0.26713353007432333,0.8124402330743232
1,4777,-0.334978211,-0.23690561891740633,-0.0980725920825937
1,4778,0.352744378,-0.25902717706089334,0.6117715550608933
1,4779,-1.545369968,-0.3771728772369959,-1.168197090763004
1,4780,-0.967682993,-0.20453699556313953,-0.7631459974368605
1,4781,-0.775120668,-0.5145845853751136,-0.26053608262488637
1,4782,-1.682914486,-0.2731088659478547,-1.4098056200521454
1,4783,-0.329564277,-0.11502058616823002,-0.21454369083177
1,4784,-0.329564277,-0.11502058616823002,-0.21454369083177
1,4785,-0.329564277,-0.11502058616823002,-0.21454369083177
1,4786,-0.329564277,-0.11502058616823002,-0.21454369083177
1,4787,-0.329564277,-0.11502058616823002,-0.21454369083177
1,4788,-0.329564277,-0.15964693945245345,-0.16991733754754657
1,4789,-0.329564277,-0.15964693945245345,-0.16991733754754657
1,4790,-0.329564277,-0.15964693945245345,-0.16991733754754657
1,4791,0.590235084,-0.15964693945245345,0.7498820234524535
1,4792,-0.329564277,-0.15964693945245345,-0.16991733754754657
1,4793,0.590235084,-0.15964693945245345,0.7498820234524535
1,4794,-0.329564277,-0.15964693945245345,-0.16991733754754657
1,4795,0.590235084,-0.15964693945245345,0.7498820234524535
1,4796,-0.329564277,-0.15964693945245345,-0.16991733754754657
1,4797,-0.329564277,-0.15964693945245345,-0.16991733754754657
1,4798,-0.329564277,-0.15964693945245345,-0.16991733754754657
1,4799,-0.329564277,-0.15964693945245345,-0.16991733754754657
1,4800,-0.329564277,-0.15964693945245345,-0.16991733754754657
1,4801,-0.329564277,-0.15964693945245345,-0.16991733754754657
1,4802,-0.329564277,-0.15964693945245345,-0.16991733754754657
1,4803,-0.329564277,-0.15964693945245345,-0.16991733754754657
1,4804,-0.329564277,-0.15964693945245345,-0.16991733754754657
1,4805,-0.329564277,-0.15964693945245345,-0.16991733754754657
1,4806,-0.329564277,-0.15964693945245345,-0.16991733754754657
1,4807,-0.329564277,-0.15964693945245345,-0.16991733754754657
1,4808,-0.329564277,-0.15964693945245345,-0.16991733754754657
1,4809,-0.329564277,-0.15964693945245345,-0.16991733754754657
1,4810,-0.329564277,-0.15964693945245345,-0.16991733754754657
1,4811,-0.329564277,-0.15964693945245345,-0.16991733754754657
1,4812,-0.329564277,-0.15964693945245345,-0.16991733754754657
1,4813,-0.329564277,-0.15964693945245345,-0.16991733754754657
1,4819,-0.329564277,-0.23888515900923632,-0.0906791179907637
1,4820,-0.329564277,-0.23888515900923632,-0.0906791179907637
1,4821,-0.329564277,-0.23888515900923632,-0.0906791179907637
1,4822,-0.329564277,-0.23888515900923632,-0.0906791179907637
1,4823,-0.329564277,-0.23888515900923632,-0.0906791179907637
1,4824,-0.329564277,-0.23888515900923632,-0.0906791179907637
1,4825,-0.329564277,-0.23888515900923632,-0.0906791179907637
1,4826,-0.329564277,-0.23888515900923632,-0.0906791179907637
1,4827,-0.329564277,-0.23888515900923632,-0.0906791179907637
1,4828,-0.329564277,-0.23888515900923632,-0.0906791179907637
1,4829,-0.329564277,-0.23888515900923632,-0.0906791179907637
1,4830,-0.329564277,-0.23888515900923632,-0.0906791179907637
1,4831,-0.329564277,-0.23888515900923632,-0.0906791179907637
1,4832,-0.329564277,-0.23888515900923632,-0.0906791179907637
1,4833,-0.329564277,-0.23888515900923632,-0.0906791179907637
1,4834,-0.329564277,-0.23888515900923632,-0.0906791179907637
1,4835,-0.329564277,-0.23888515900923632,-0.0906791179907637
1,4836,-0.329564277,-0.23888515900923632,-0.0906791179907637
1,4837,-0.329564277,-0.23888515900923632,-0.0906791179907637
1,4838,-0.329564277,-0.23888515900923632,-0.0906791179907637
1,4839,-0.329564277,-0.23888515900923632,-0.0906791179907637
1,4840,-0.329564277,-0.23888515900923632,-0.0906791179907637
1,4841,-0.329564277,-0.23888515900923632,-0.0906791179907637
1,4842,-0.329564277,-0.23888515900923632,-0.0906791179907637
1,4843,-0.329564277,-0.23888515900923632,-0.0906791179907637
1,4844,-0.329564277,-0.23888515900923632,-0.0906791179907637
1,4845,-0.329564277,-0.15418547105870528,-0.17537880594129474
1,4846,2.986576872,-0.15418547105870528,3.1407623430587055
1,4847,1.017917429,-0.15418547105870528,1.172102900058705
1,4848,2.635059506,-0.15418547105870528,2.7892449770587056
1,4849,0.92970566,-0.15418547105870528,1.0838911310587052
1,4850,-0.329564277,-0.14349740086461701,-0.186066876135383
1,4851,-0.329564277,-0.14349740086461701,-0.186066876135383
1,4852,-0.329564277,-0.14349740086461701,-0.186066876135383
1,4853,-0.329564277,-0.14349740086461701,-0.186066876135383
1,4854,1.411422074,-0.14349740086461701,1.5549194748646171
1,4855,-0.329564277,-0.14349740086461701,-0.186066876135383
1,4856,4.153193451,-0.14349740086461701,4.296690851864617
1,4857,-0.329564277,-0.14349740086461701,-0.186066876135383
1,4858,2.503974024,-0.14349740086461701,2.647471424864617
1,4859,1.817907403,-0.14349740086461701,1.961404803864617
1,4860,-0.329564277,-0.14349740086461701,-0.186066876135383
1,4861,-0.329564277,-0.14349740086461701,-0.186066876135383
1,4862,-0.329564277,-0.14349740086461701,-0.186066876135383
1,4863,0.437588645,-0.14349740086461701,0.581086045864617
1,4864,-0.329564277,-0.14349740086461701,-0.186066876135383
1,4865,-0.329564277,-0.14349740086461701,-0.186066876135383
1,4866,-0.329564277,-0.14349740086461701,-0.186066876135383
1,4867,-0.329564277,-0.14349740086461701,-0.186066876135383
1,4868,-0.329564277,-0.14349740086461701,-0.186066876135383
1,4869,-0.329564277,-0.14349740086461701,-0.186066876135383
1,4870,-0.329564277,-0.14349740086461701,-0.186066876135383
1,4871,-0.329564277,-0.14349740086461701,-0.186066876135383
1,4872,-0.329564277,-0.14349740086461701,-0.186066876135383
1,4873,-0.329564277,-0.14349740086461701,-0.186066876135383
1,4874,-0.329564277,-0.14349740086461701,-0.186066876135383
1,4875,-0.329564277,-0.14349740086461701,-0.186066876135383
1,4876,-0.329564277,-0.17540796755709157,-0.15415630944290845
1,4877,-0.329564277,-0.17540796755709157,-0.15415630944290845
1,4878,-0.329564277,-0.17540796755709157,-0.15415630944290845
1,4879,-0.329564277,-0.17540796755709157,-0.15415630944290845
1,4880,-0.329564277,-0.17540796755709157,-0.15415630944290845
1,4881,-0.329564277,-0.2693593167060074,-0.06020496029399264
1,4882,-0.329564277,-0.2693593167060074,-0.06020496029399264
1,4883,-0.329564277,-0.2693593167060074,-0.06020496029399264
1,4884,-0.329564277,-0.2693593167060074,-0.06020496029399264
1,4885,-0.329564277,-0.2693593167060074,-0.06020496029399264
1,4886,-0.329564277,-0.2693593167060074,-0.06020496029399264
1,4887,-0.329564277,-0.2693593167060074,-0.06020496029399264
1,4888,-0.329564277,-0.2693593167060074,-0.06020496029399264
1,4889,-0.329564277,-0.2693593167060074,-0.06020496029399264
1,4890,-0.329564277,-0.2693593167060074,-0.06020496029399264
1,4891,-0.329564277,-0.2693593167060074,-0.06020496029399264
1,4892,-0.329564277,-0.2693593167060074,-0.06020496029399264
1,4893,-0.329564277,-0.2693593167060074,-0.06020496029399264
1,4894,-0.329564277,-0.2693593167060074,-0.06020496029399264
1,4895,-0.329564277,-0.2693593167060074,-0.06020496029399264
1,4896,-0.329564277,-0.2693593167060074,-0.06020496029399264
1,4897,-0.329564277,-0.2693593167060074,-0.06020496029399264
1,4898,-0.329564277,-0.2693593167060074,-0.06020496029399264
1,4899,-0.329564277,-0.2693593167060074,-0.06020496029399264
1,4900,-0.329564277,-0.2693593167060074,-0.06020496029399264
1,4901,-0.329564277,-0.2693593167060074,-0.06020496029399264
1,4902,-0.329564277,-0.2693593167060074,-0.06020496029399264
1,4903,-0.329564277,-0.2693593167060074,-0.06020496029399264
1,4904,-0.329564277,-0.2693593167060074,-0.06020496029399264
1,4905,-0.329564277,-0.2693593167060074,-0.06020496029399264
1,4906,-0.329564277,-0.2693593167060074,-0.06020496029399264
1,4912,-0.329564277,-0.09704874709136657,-0.23251552990863344
1,4913,-0.329564277,-0.09704874709136657,-0.23251552990863344
1,4914,-0.329564277,-0.09704874709136657,-0.23251552990863344
1,4915,2.503974024,-0.09704874709136657,2.6010227710913667
1,4916,-0.329564277,-0.09704874709136657,-0.23251552990863344
1,4917,-0.329564277,-0.09704874709136657,-0.23251552990863344
1,4918,-0.329564277,-0.09704874709136657,-0.23251552990863344
1,4919,-0.329564277,-0.09704874709136657,-0.23251552990863344
1,4920,-0.329564277,-0.09704874709136657,-0.23251552990863344
1,4921,-0.329564277,-0.09704874709136657,-0.23251552990863344
1,4922,-0.329564277,-0.09704874709136657,-0.23251552990863344
1,4923,-0.329564277,-0.09704874709136657,-0.23251552990863344
1,4924,-0.329564277,-0.09704874709136657,-0.23251552990863344
1,4925,-0.329564277,-0.09704874709136657,-0.23251552990863344
1,4926,-0.329564277,-0.09704874709136657,-0.23251552990863344
1,4927,-0.329564277,-0.09704874709136657,-0.23251552990863344
1,4928,-0.329564277,-0.09704874709136657,-0.23251552990863344
1,4929,-0.329564277,-0.09704874709136657,-0.23251552990863344
1,4930,-0.329564277,-0.09704874709136657,-0.23251552990863344
1,4931,-0.329564277,-0.09704874709136657,-0.23251552990863344
1,4932,-0.329564277,-0.09704874709136657,-0.23251552990863344
1,4933,-0.329564277,-0.09704874709136657,-0.23251552990863344
1,4934,-0.329564277,-0.09704874709136657,-0.23251552990863344
1,4935,-0.329564277,-0.09704874709136657,-0.23251552990863344
1,4936,-0.329564277,-0.09704874709136657,-0.23251552990863344
1,4937,-0.329564277,-0.09704874709136657,-0.23251552990863344
1,4943,-0.329564277,-0.15220619412915318,-0.17735808287084684
1,4944,-0.329564277,-0.15220619412915318,-0.17735808287084684
1,4945,2.157377979,-0.15220619412915318,2.3095841731291533
1,4946,-0.329564277,-0.15220619412915318,-0.17735808287084684
1,4947,-0.329564277,-0.15220619412915318,-0.17735808287084684
1,4948,3.53023246,-0.15220619412915318,3.6824386541291534
1,4949,-0.329564277,-0.15220619412915318,-0.17735808287084684
1,4950,1.411422074,-0.15220619412915318,1.5636282681291533
1,4951,-0.329564277,-0.15220619412915318,-0.17735808287084684
1,4952,-0.329564277,-0.15220619412915318,-0.17735808287084684
1,4953,-0.329564277,-0.15220619412915318,-0.17735808287084684
1,4954,-0.329564277,-0.15220619412915318,-0.17735808287084684
1,4955,-0.329564277,-0.15220619412915318,-0.17735808287084684
1,4956,-0.329564277,-0.15220619412915318,-0.17735808287084684
1,4957,-0.329564277,-0.15220619412915318,-0.17735808287084684
1,4958,-0.329564277,-0.15220619412915318,-0.17735808287084684
1,4959,-0.329564277,-0.15220619412915318,-0.17735808287084684
1,4960,-0.329564277,-0.15220619412915318,-0.17735808287084684
1,4961,-0.329564277,-0.15220619412915318,-0.17735808287084684
1,4962,-0.329564277,-0.15220619412915318,-0.17735808287084684
1,4963,-0.329564277,-0.15220619412915318,-0.17735808287084684
1,4964,-0.329564277,-0.15220619412915318,-0.17735808287084684
1,4965,-0.329564277,-0.15220619412915318,-0.17735808287084684
1,4966,-0.329564277,-0.15220619412915318,-0.17735808287084684
1,4967,-0.329564277,-0.15220619412915318,-0.17735808287084684
1,4968,-0.329564277,-0.15220619412915318,-0.17735808287084684
1,4969,-0.329564277,-0.1818731369167433,-0.1476911400832567
1,4970,-0.329564277,-0.1818731369167433,-0.1476911400832567
1,4971,4.097970969,-0.1818731369167433,4.279844105916744
1,4972,4.687760163,-0.1818731369167433,4.869633299916743
1,4973,4.461066409,-0.1818731369167433,4.642939545916743
1,4974,-0.329564277,-0.1608993860175767,-0.16866489098242332
1,4975,-0.329564277,-0.1608993860175767,-0.16866489098242332
1,4976,-0.329564277,-0.1608993860175767,-0.16866489098242332
1,4977,1.411422074,-0.1608993860175767,1.5723214600175768
1,4978,4.470603799,-0.1608993860175767,4.631503185017577
1,4979,-0.329564277,-0.1608993860175767,-0.16866489098242332
1,4980,1.510034442,-0.1608993860175767,1.6709338280175767
1,4981,2.748372351,-0.1608993860175767,2.9092717370175767
1,4982,4.665517253,-0.1608993860175767,4.826416639017577
1,4983,4.246732306,-0.1608993860175767,4.407631692017577
1,4984,-0.329564277,-0.1608993860175767,-0.16866489098242332
1,4985,-0.329564277,-0.1608993860175767,-0.16866489098242332
1,4986,-0.329564277,-0.1608993860175767,-0.16866489098242332
1,4987,3.349633163,-0.1608993860175767,3.5105325490175767
1,4988,-0.329564277,-0.1608993860175767,-0.16866489098242332
1,4989,-0.329564277,-0.1608993860175767,-0.16866489098242332
1,4990,-0.329564277,-0.1608993860175767,-0.16866489098242332
1,4991,-0.329564277,-0.1608993860175767,-0.16866489098242332
1,4992,-0.329564277,-0.1608993860175767,-0.16866489098242332
1,4993,-0.329564277,-0.1608993860175767,-0.16866489098242332
1,4994,-0.329564277,-0.1608993860175767,-0.16866489098242332
1,4995,-0.329564277,-0.1608993860175767,-0.16866489098242332
1,4996,-0.329564277,-0.1608993860175767,-0.16866489098242332
1,4997,-0.329564277,-0.1608993860175767,-0.16866489098242332
1,4998,-0.329564277,-0.1608993860175767,-0.16866489098242332
1,4999,-0.329564277,-0.1608993860175767,-0.16866489098242332
1,5000,0.92970566,-0.16676507671547913,1.0964707367154791
1,5001,-0.329564277,-0.16676507671547913,-0.16279920028452088
1,5002,-0.329564277,-0.16676507671547913,-0.16279920028452088
1,5003,-0.329564277,-0.16676507671547913,-0.16279920028452088
1,5004,-0.329564277,-0.16676507671547913,-0.16279920028452088
1,5005,0.0099063,-0.26228766214988675,0.2721939621498867
1,5006,-0.329564277,-0.26228766214988675,-0.06727661485011327
1,5007,0.92970566,-0.26228766214988675,1.1919933221498868
1,5008,0.0099063,-0.26228766214988675,0.2721939621498867
1,5009,-0.329564277,-0.26228766214988675,-0.06727661485011327
1,5010,-0.329564277,-0.26228766214988675,-0.06727661485011327
1,5011,-0.329564277,-0.26228766214988675,-0.06727661485011327
1,5012,-0.329564277,-0.26228766214988675,-0.06727661485011327
1,5013,-0.329564277,-0.26228766214988675,-0.06727661485011327
1,5014,-0.329564277,-0.26228766214988675,-0.06727661485011327
1,5015,-0.329564277,-0.26228766214988675,-0.06727661485011327
1,5016,-0.329564277,-0.26228766214988675,-0.06727661485011327
1,5017,-0.329564277,-0.26228766214988675,-0.06727661485011327
1,5018,-0.329564277,-0.26228766214988675,-0.06727661485011327
1,5019,-0.329564277,-0.26228766214988675,-0.06727661485011327
1,5020,-0.329564277,-0.26228766214988675,-0.06727661485011327
1,5021,-0.329564277,-0.26228766214988675,-0.06727661485011327
1,5022,-0.329564277,-0.26228766214988675,-0.06727661485011327
1,5023,-0.329564277,-0.26228766214988675,-0.06727661485011327
1,5024,-0.329564277,-0.26228766214988675,-0.06727661485011327
1,5025,-0.329564277,-0.26228766214988675,-0.06727661485011327
1,5026,-0.329564277,-0.26228766214988675,-0.06727661485011327
1,5027,-0.329564277,-0.26228766214988675,-0.06727661485011327
1,5028,-0.329564277,-0.26228766214988675,-0.06727661485011327
1,5029,-0.329564277,-0.26228766214988675,-0.06727661485011327
1,5030,-0.329564277,-0.26228766214988675,-0.06727661485011327
1,5031,-0.792186525,-0.07912860466812208,-0.7130579203318779
1,5032,2.200518126,-0.07912860466812208,2.279646730668122
1,5033,-0.044010363,-0.07912860466812208,0.03511824166812208
1,5034,-0.792186525,-0.11391166141446618,-0.6782748635855338
1,5035,1.452341963,-0.07923922642204867,1.5315811894220488
1,5036,0.7041658,-0.07923922642204867,0.7834050264220487
1,5037,-0.044010363,-0.07923922642204867,0.03522886342204867
1,5038,-0.792186525,-0.1630287637748223,-0.6291577612251776
1,5039,-0.044010363,-0.1630287637748223,0.11901840077482231
1,5040,-0.792186525,-0.1630287637748223,-0.6291577612251776
1,5041,-0.792186525,-0.19277328758694307,-0.599413237413057
1,5042,-0.792186525,-0.16033497527072793,-0.631851549729272
1,5043,-0.044010363,-0.16033497527072793,0.11632461227072793
1,5044,-0.044010363,-0.16033497527072793,0.11632461227072793
1,5045,-0.792186525,-0.1771073958595193,-0.6150791291404807
1,5046,-0.792186525,-0.1771073958595193,-0.6150791291404807
1,5047,2.200518126,-0.1771073958595193,2.3776255218595193
1,5048,-0.792186525,-0.22755671908581676,-0.5646298059141832
1,5049,-0.792186525,-0.17626480846526002,-0.6159217165347399
1,5050,1.452341963,-0.17626480846526002,1.6286067714652601
1,5051,0.7041658,-0.17626480846526002,0.88043060846526
1,5052,-0.044010363,-0.1620091898925221,0.11799882689252211
1,5053,-0.044010363,-0.1620091898925221,0.11799882689252211
1,5054,-0.044010363,-0.1620091898925221,0.11799882689252211
1,5055,-0.792186525,-0.22021393765593164,-0.5719725873440683
1,5056,-0.044010363,-0.17016863135397126,0.12615826835397126
1,5057,0.7041658,-0.17016863135397126,0.8743344313539712
1,5058,2.200518126,-0.17016863135397126,2.370686757353971
1,5059,-0.792186525,-0.11558104455065368,-0.6766054804493463
1,5060,-0.044010363,-0.11558104455065368,0.07157068155065369
1,5061,-0.792186525,-0.11558104455065368,-0.6766054804493463
1,5062,-0.792186525,-0.1315931822325026,-0.6605933427674974
1,5063,-0.792186525,-0.10359785893897158,-0.6885886660610284
1,5064,-0.044010363,-0.10359785893897158,0.059587495938971585
1,5065,-0.044010363,-0.10359785893897158,0.059587495938971585
1,5066,-0.044010363,-0.21651344366810865,0.17250308066810865
1,5067,0.7041658,-0.21651344366810865,0.9206792436681086
1,5068,-0.792186525,-0.21651344366810865,-0.5756730813318913
1,5069,-0.792186525,-0.256261238025055,-0.5359252869749449
1,5070,-0.044010363,-0.22332390716590036,0.17931354416590037
1,5071,2.948694289,-0.22332390716590036,3.1720181961659004
1,5072,-0.044010363,-0.22332390716590036,0.17931354416590037
1,5073,-0.792186525,-0.12659754270228862,-0.6655889822977114
1,5074,-0.044010363,-0.12659754270228862,0.08258717970228863
1,5075,-0.792186525,-0.12659754270228862,-0.6655889822977114
1,5076,-0.792186525,-0.17166902286382157,-0.6205175021361784
1,5077,-0.044010363,-0.13046226229327623,0.08645189929327624
1,5078,0.7041658,-0.13046226229327623,0.8346280622932762
1,5079,-0.044010363,-0.13046226229327623,0.08645189929327624
1,5080,-0.044010363,-0.10449004686352652,0.06047968386352652
1,5081,1.452341963,-0.10449004686352652,1.5568320098635267
1,5082,-0.792186525,-0.10449004686352652,-0.6876964781364735
1,5083,-0.792186525,-0.15536802361842633,-0.6368185013815737
1,5084,0.7041658,-0.11030490569191824,0.8144707056919182
1,5085,1.452341963,-0.11030490569191824,1.5626468686919184
1,5086,-0.044010363,-0.11030490569191824,0.06629454269191824
1,5087,2.200518126,-0.09590714459931697,2.296425270599317
1,5088,-0.044010363,-0.09590714459931697,0.051896781599316974
1,5089,-0.044010363,-0.09590714459931697,0.051896781599316974
1,5090,-0.792186525,-0.12667538839585946,-0.6655111366041405
1,5091,-0.044010363,-0.08282419208498719,0.03881382908498719
1,5092,-0.044010363,-0.08282419208498719,0.03881382908498719
1,5093,-0.044010363,-0.08282419208498719,0.03881382908498719
1,5094,-0.044010363,-0.09137342634605036,0.047363063346050366
1,5095,2.200518126,-0.09137342634605036,2.2918915523460504
1,5096,-0.792186525,-0.09137342634605036,-0.7008130986539496
1,5097,-0.792186525,-0.11748335018184347,-0.6747031748181564
1,5098,-0.044010363,-0.08287908485143781,0.03886872185143782
1,5099,-0.044010363,-0.08287908485143781,0.03886872185143782
1,5100,-0.044010363,-0.08287908485143781,0.03886872185143782
1,5101,-0.792186525,-0.09137342634605036,-0.7008130986539496
1,5102,2.948694289,-0.09137342634605036,3.0400677153460505
1,5103,-0.792186525,-0.09137342634605036,-0.7008130986539496
1,5104,-0.792186525,-0.12853212203728806,-0.6636544029627119
1,5105,-0.044010363,-0.09137342634605036,0.047363063346050366
1,5106,2.948694289,-0.09137342634605036,3.0400677153460505
1,5107,-0.044010363,-0.09137342634605036,0.047363063346050366
1,5108,-0.044010363,-0.006278510663215081,-0.037731852336784916
1,5109,-0.044010363,-0.006278510663215081,-0.037731852336784916
1,5110,-0.044010363,-0.006278510663215081,-0.037731852336784916
1,5111,-0.792186525,-0.03412693046783651,-0.7580595945321634
1,5112,2.948694289,-0.012492629584652143,2.9611869185846524
1,5113,2.200518126,-0.012492629584652143,2.2130107555846523
1,5114,0.7041658,-0.012492629584652143,0.7166584295846521
1,5115,-0.792186525,-0.15375422026587537,-0.6384323047341246
1,5116,0.7041658,-0.15375422026587537,0.8579200202658753
1,5117,-0.044010363,-0.15375422026587537,0.10974385726587538
1,5118,-0.792186525,-0.18760351676175518,-0.6045830082382448
1,5119,1.452341963,-0.14907521460805312,1.6014171776080532
1,5120,2.948694289,-0.14907521460805312,3.097769503608053
1,5121,-0.044010363,-0.14907521460805312,0.10506485160805312
1,5122,-0.044010363,-0.09137342634605036,0.047363063346050366
1,5123,-0.044010363,-0.09137342634605036,0.047363063346050366
1,5124,0.7041658,-0.09137342634605036,0.7955392263460503
1,5125,-0.792186525,-0.11748335018184347,-0.6747031748181564
1,5126,-0.792186525,-0.08287908485143781,-0.7093074401485622
1,5127,-0.792186525,-0.08287908485143781,-0.7093074401485622
1,5128,-0.792186525,-0.08287908485143781,-0.7093074401485622
1,5129,-0.044010363,-0.07888265277129172,0.034872289771291726
1,5130,-0.044010363,-0.07888265277129172,0.034872289771291726
1,5131,-0.792186525,-0.07888265277129172,-0.7133038722287083
1,5132,-0.792186525,-0.10111695212103643,-0.6910695728789635
1,5133,-0.792186525,-0.07092705111357275,-0.7212594738864272
1,5134,-0.792186525,-0.07092705111357275,-0.7212594738864272
1,5135,-0.792186525,-0.07092705111357275,-0.7212594738864272
1,5136,-0.044010363,-0.09137342634605036,0.047363063346050366
1,5137,-0.044010363,-0.09137342634605036,0.047363063346050366
1,5138,-0.792186525,-0.09137342634605036,-0.7008130986539496
1,5139,-0.792186525,-0.11748335018184347,-0.6747031748181564
1,5140,-0.792186525,-0.08287908485143781,-0.7093074401485622
1,5141,-0.792186525,-0.08287908485143781,-0.7093074401485622
1,5142,-0.792186525,-0.08287908485143781,-0.7093074401485622
1,5143,-0.044010363,-0.07888265277129172,0.034872289771291726
1,5144,-0.044010363,-0.07888265277129172,0.034872289771291726
1,5145,-0.792186525,-0.07888265277129172,-0.7133038722287083
1,5146,-0.792186525,-0.10111695212103643,-0.6910695728789635
1,5147,-0.792186525,-0.07092705111357275,-0.7212594738864272
1,5148,-0.792186525,-0.07092705111357275,-0.7212594738864272
1,5149,-0.792186525,-0.07092705111357275,-0.7212594738864272
1,5150,-0.464524301,0.20893678659822856,-0.6734610875982285
1,5151,-2.778175684,0.09939392056996406,-2.8775696045699637
1,5152,-0.531732547,0.09871392176522086,-0.6304464687652209
1,5153,-0.250460588,0.15242514344326474,-0.4028857314432647
1,5154,-0.171853991,0.22151874968129234,-0.39337274068129235
1,5155,-0.302591354,0.1710204312889094,-0.47361178528890935
1,5156,0.449401969,0.13711714561071817,0.3122848233892819
1,5157,-2.778175684,0.04897020334598267,-2.8271458873459823
1,5158,0.287469021,0.13699732171984277,0.15047169928015722
1,5159,0.742072279,0.13699732171984277,0.6050749572801571
1,5160,0.663465682,0.13699732171984277,0.5264683602801572
1,5161,0.287469021,0.13699732171984277,0.15047169928015722
1,5162,0.397271203,0.09610673118656252,0.30116447181343753
1,5163,0.16813001,0.1293495442673832,0.03878046573261679
1,5164,-0.08852764,0.21841128377336308,-0.30693892377336307
1,5165,0.125536073,0.0832696671905295,0.0422664058094705
1,5166,0.742072279,0.17058870683892727,0.5714835721610727
1,5167,0.944644174,0.17058870683892727,0.7740554671610728
1,5168,0.544126671,0.17058870683892727,0.37353796416107277
1,5169,0.16813001,0.17058870683892727,-0.002458696838927271
1,5170,0.962717268,0.10792897163248086,0.8547882963675192
1,5171,1.105676091,0.157035300436759,0.948640790563241
1,5172,0.962717268,0.22232611360766222,0.7403911543923378
1,5173,0.449401969,0.1758624177023629,0.2735395512976371
1,5174,-2.778175684,0.20984715389112005,-2.98802283789112
1,5175,0.449401969,0.22277205415101065,0.22662991484898937
1,5176,0.125536073,0.188197062625615,-0.062660989625615
1,5177,-0.08852764,0.2244843191064877,-0.3130119591064877
1,5178,0.235338255,0.14637784050888258,0.08896041449111741
1,5179,0.510695471,0.12401089207919654,0.3866845789208035
1,5180,-0.08852764,0.21766892917102118,-0.30619656917102117
1,5292,0.5195668,-0.13401926773840409,0.6535860677384041
1,5295,1.300688251,-0.13100044214000553,1.4316886931400055
1,5296,1.292717624,0.01832815488848252,1.2743894691115174
1,5298,0.671008714,-0.4741012857636777,1.1451099997636778
1,5316,0.686949968,-0.04786065118193433,0.7348106191819344
1,5317,0.862303763,-0.04786065118193433,0.9101644141819343
1,5318,1.715160857,-0.04786065118193433,1.7630215081819345
1,5319,1.420247657,-0.04786065118193433,1.4681083081819344
1,5320,1.013745677,-0.04786065118193433,1.0616063281819343
1,5321,0.583331817,-0.04786065118193433,0.6311924681819343
1,5322,1.173158218,0.0606596177681869,1.1124986002318131
1,5323,0.591302444,0.016307816377849536,0.5749946276221505
1,5324,1.484012673,0.016307816377849536,1.4677048566221504
1,5325,1.794867128,0.016307816377849536,1.7785593116221503
1,5326,1.157216964,0.016307816377849536,1.1409091476221505
1,5327,1.563718943,0.016307816377849536,1.5474111266221504
1,5342,0.822450628,-0.004110352654990985,0.826560980654991
1,5466,-0.539375784,-0.13401926773840409,-0.40535651626159586
1,5469,-0.318065927,-0.13100044214000553,-0.1870654848599945
1,5470,-0.318065927,0.01832815488848252,-0.3363940818884825
1,5472,-0.428720856,-0.4741012857636777,0.04538042976367773
1,5490,-0.417072968,-0.04786065118193433,-0.36921231681806566
1,5491,-0.318065927,-0.04786065118193433,-0.2702052758180657
1,5492,-0.318065927,-0.04786065118193433,-0.2702052758180657
1,5493,-0.318065927,-0.04786065118193433,-0.2702052758180657
1,5494,-0.318065927,-0.04786065118193433,-0.2702052758180657
1,5495,-0.492784235,-0.04786065118193433,-0.4449235838180657
1,5496,-0.318065927,0.0606596177681869,-0.37872554476818693
1,5497,-0.486960292,0.016307816377849536,-0.5032681083778495
1,5498,-0.318065927,0.016307816377849536,-0.3343737433778496
1,5499,-0.318065927,0.016307816377849536,-0.3343737433778496
1,5500,0.089610126,0.016307816377849536,0.07330230962215047
1,5501,0.264328435,0.016307816377849536,0.24802061862215044
1,5504,-0.213234942,-0.004110352654990985,-0.20912458934500902
1,5505,1.429117158,0.059107320616568454,1.3700098373834315
1,5506,2.35010035,0.0366617107433106,2.3134386392566895
1,5507,2.35010035,0.0366617107433106,2.3134386392566895
1,5508,2.35010035,0.057918195923076,2.292182154076924
1,5509,2.35010035,0.01962595643053203,2.330474393569468
1,5510,2.256396054,0.0366617107433106,2.2197343432566896
1,5511,2.201088459,0.01962595643053203,2.181462502569468
1,5512,2.164731449,0.0366617107433106,2.1280697382566895
1,5513,2.158071332,-0.2827280004405673,2.4407993324405672
1,5514,1.468594503,0.057918195923076,1.4106763070769242
1,5515,2.086877407,0.057918195923076,2.028959211076924
1,5516,2.07411058,0.045135470157425646,2.0289751098425746
1,5517,1.993929408,0.015577290413466371,1.9783521175865337
1,5518,1.990956067,0.021401856526029824,1.96955421047397
1,5519,1.904287455,-0.2146192329913579,2.118906687991358
1,5520,1.857420211,-0.15332696150919445,2.0107471725091943
1,5521,1.846043179,0.01962595643053203,1.826417222569468
1,5522,1.822594816,0.05893871227986234,1.7636561037201377
1,5523,1.822594816,-0.19831175767911574,2.020906573679116
1,5524,1.806417154,0.04563763093102145,1.7607795230689787
1,5525,1.703433779,0.11001338671724391,1.5934203922827561
1,5526,1.693547834,-0.20708327546354138,1.9006311094635415
1,5527,1.693547834,-0.14487409475186655,1.8384219287518666
1,5528,1.68348995,-0.21155914038173904,1.895049090381739
1,5529,1.482224774,0.003968967595769241,1.4782558064042308
1,5530,1.540321399,0.11001338671724391,1.430308012282756
1,5531,1.513727576,0.057918195923076,1.455809380076924
1,5532,1.4929476,0.11001338671724391,1.382934213282756
1,5533,1.471393041,0.01962595643053203,1.451767084569468
1,5534,1.456563671,-0.2146192329913579,1.671182903991358
1,5535,1.441344009,0.003968967595769241,1.4373750414042308
1,5536,1.433581293,0.003968967595769241,1.4296123254042308
1,5537,0.561837201,0.016883864542428847,0.5449533364575712
1,5538,1.358586826,0.045135470157425646,1.3134513558425744
1,5539,1.349620542,0.03792978446313708,1.311690757536863
1,5540,0.355830635,0.04563763093102145,0.31019300406897854
1,5541,1.302577241,0.018125818581368948,1.2844514224186312
1,5542,1.261977154,-0.2692789613143531,1.5312561153143531
1,5543,0.953786374,0.03792978446313708,0.9158565895368629
1,5544,1.183250045,-0.14487409475186655,1.3281241397518666
1,5545,1.145926533,-0.2977270763030204,1.4436536093030203
1,5546,1.145926533,-0.2827280004405673,1.4286545334405671
1,5547,1.145926533,0.11001338671724391,1.035913146282756
1,5548,1.145926533,0.01962595643053203,1.1263005765694678
1,5549,1.145926533,0.045135470157425646,1.1007910628425743
1,5550,1.145926533,0.03677364463568249,1.1091528883643174
1,5551,1.145926533,-0.19831175767911574,1.3442382906791157
1,5552,1.119635017,0.01962595643053203,1.100009060569468
1,5553,1.063169348,-0.15332696150919445,1.2164963095091945
1,5554,1.000587945,-0.2624280951983608,1.2630160401983608
1,5555,1.000587945,-0.2146192329913579,1.2152071779913578
1,5556,0.983824054,0.06535288902010622,0.9184711649798938
1,5557,0.966559675,-0.19831175767911574,1.1648714326791156
1,5558,0.930403294,0.003968967595769241,0.9264343264042307
1,5559,0.930403294,-0.15332696150919445,1.0837302555091943
1,5560,0.911440489,0.041905636939217866,0.8695348520607821
1,5561,0.911440489,0.01962595643053203,0.891814532569468
1,5562,0.891834756,0.01962595643053203,0.872208799569468
1,5563,0.342890641,0.06535288902010622,0.2775377519798938
1,5564,0.871540963,0.06535288902010622,0.8061880739798937
1,5565,0.871540963,-0.2624280951983608,1.1339690581983608
1,5566,0.850509054,0.03792978446313708,0.8125792695368629
1,5567,0.828683304,0.03792978446313708,0.7907535195368629
1,5568,0.828683304,0.03792978446313708,0.7907535195368629
1,5569,0.782393507,0.024670998430665954,0.757722508569334
1,5570,0.782393507,-0.15332696150919445,0.9357204685091944
1,5571,0.757780697,-0.15332696150919445,0.9111076585091944
1,5572,0.705170468,-0.20459472369092457,0.9097651916909246
1,5573,0.705170468,-0.14487409475186655,0.8500445627518666
1,5574,0.676954445,-0.2827280004405673,0.9596824454405672
1,5575,0.676954445,-0.2077339620928808,0.8846884070928809
1,5576,0.676954445,0.01962595643053203,0.657328488569468
1,5577,-0.159575011,0.015577290413466371,-0.17515230141346635
1,5578,0.647290828,-0.2977270763030204,0.9450179043030205
1,5579,0.647290828,0.052427385957186295,0.5948634420428137
1,5580,0.647290828,0.003968967595769241,0.6433218604042308
1,5581,0.647290828,0.003968967595769241,0.6433218604042308
1,5582,0.647290828,-0.20708327546354138,0.8543741034635415
1,5583,0.616023011,0.024670998430665954,0.591352012569334
1,5584,0.616023011,0.0429635249076255,0.5730594860923746
1,5585,0.616023011,0.045135470157425646,0.5708875408425743
1,5586,0.582967514,0.0366617107433106,0.5463058032566894
1,5587,0.582967514,0.08203904222601656,0.5009284717739835
1,5588,0.582967514,0.024670998430665954,0.558296515569334
1,5589,0.582967514,0.0783269268626836,0.5046405871373164
1,5590,0.582967514,0.03792978446313708,0.5450377295368629
1,5591,0.582967514,0.06535288902010622,0.5176146249798939
1,5592,0.582967514,0.04587633618975228,0.5370911778102477
1,5593,0.547907463,0.003968967595769241,0.5439384954042308
1,5594,0.547907463,-0.20708327546354138,0.7549907384635415
1,5595,0.547907463,-0.14487409475186655,0.6927815577518666
1,5596,0.510583949,0.052427385957186295,0.4581565630428137
1,5597,0.510583949,0.07844289279823498,0.4321410562017651
1,5598,0.510583949,-0.006091033143921037,0.516674982143921
1,5599,0.510583949,-0.21579646452283038,0.7263804135228304
1,5600,0.510583949,-0.20459472369092457,0.7151786726909246
1,5601,0.510583949,-0.21155914038173904,0.7221430893817391
1,5602,0.254663925,0.057918195923076,0.196745729076924
1,5603,0.470684424,0.1235754693925559,0.34710895460744406
1,5604,0.470684424,0.19963705502105533,0.27104736897894466
1,5605,0.470684424,0.052427385957186295,0.41825703804281367
1,5606,0.470684424,0.052427385957186295,0.41825703804281367
1,5607,0.470684424,0.024670998430665954,0.44601342556933404
1,5608,0.470684424,-0.22582091854535336,0.6965053425453533
1,5609,0.470684424,0.050211954999983904,0.4204724690000161
1,5610,0.470684424,0.1086033065231642,0.3620811174768358
1,5611,0.470684424,0.02061879062067822,0.45006563337932176
1,5612,0.470684424,-0.27006185157839824,0.7407462755783982
1,5613,0.470684424,-0.20038320357563622,0.6710676275756362
1,5614,0.470684424,0.06535288902010622,0.40533153497989377
1,5615,0.470684424,-0.2692789613143531,0.739963385314353
1,5616,0.540049393,0.041905636939217866,0.4981437560607821
1,5617,0.427826765,0.0366617107433106,0.3911650542566894
1,5618,0.427826765,0.018125818581368948,0.40970094641863103
1,5619,0.427826765,-0.22582091854535336,0.6536476835453533
1,5620,0.427826765,-0.1687202773757944,0.5965470423757944
1,5621,0.427826765,-0.2827280004405673,0.7105547654405673
1,5622,0.427826765,0.0024498688698104966,0.4253768961301895
1,5623,0.427826765,-0.27006185157839824,0.6978886165783982
1,5624,0.308832867,0.0366617107433106,0.2721711562566894
1,5625,0.137835762,0.009217946583035333,0.12861781541696465
1,5626,0.027960194,-0.00997242900863468,0.03793262300863468
1,5627,-1.120076992,0.016528202926101965,-1.136605194926102
1,5628,0.381536967,0.041905636939217866,0.33963133006078217
1,5629,0.381536967,0.052427385957186295,0.32910958104281374
1,5630,0.381536967,0.018125818581368948,0.36341114841863104
1,5631,0.381536967,-0.2977270763030204,0.6792640433030204
1,5632,0.381536967,-0.22582091854535336,0.6073578855453534
1,5633,0.381536967,0.009217946583035333,0.3723190204169647
1,5634,0.381536967,0.009217946583035333,0.3723190204169647
1,5635,0.381536967,0.0024498688698104966,0.3790870981301895
1,5636,0.381536967,0.06535288902010622,0.3161840779798938
1,5637,0.381536967,-0.21155914038173904,0.593096107381739
1,5638,0.381536967,-0.20708327546354138,0.5886202424635414
1,5639,0.458189228,0.018125818581368948,0.44006340941863104
1,5640,0.331217092,0.041905636939217866,0.28931145506078215
1,5641,0.331217092,-0.2977270763030204,0.6289441683030204
1,5642,0.331217092,0.024670998430665954,0.30654609356933404
1,5643,0.331217092,0.0783269268626836,0.2528901651373164
1,5644,0.331217092,-0.006091033143921037,0.337308125143921
1,5645,0.331217092,-0.2077339620928808,0.5389510540928808
1,5646,0.331217092,-0.20038320357563622,0.5316002955756363
1,5647,0.331217092,0.04563763093102145,0.2855794610689785
1,5648,0.331217092,0.10790227900175668,0.2233148129982433
1,5649,0.331217092,0.03792978446313708,0.29328730753686294
1,5650,0.331217092,0.003968967595769241,0.32724812440423073
1,5651,0.331217092,-0.2624280951983608,0.5936451871983608
1,5652,0.331217092,-0.19831175767911574,0.5295288496791157
1,5653,0.920990706,0.0429635249076255,0.8780271810923745
1,5654,0.800675119,0.0024498688698104966,0.7982252501301895
1,5655,0.276097906,0.041905636939217866,0.23419226906078214
1,5656,0.276097906,0.08203904222601656,0.19405886377398346
1,5657,0.276097906,0.08203904222601656,0.19405886377398346
1,5658,0.276097906,0.018125818581368948,0.25797208741863104
1,5659,0.276097906,-0.15360694169085268,0.4297048476908527
1,5660,0.276097906,-0.15360694169085268,0.4297048476908527
1,5661,0.276097906,-0.22561900559422318,0.5017169115942232
1,5662,0.276097906,-0.22561900559422318,0.5017169115942232
1,5663,0.276097906,0.0024498688698104966,0.2736480371301895
1,5664,0.276097906,0.050211954999983904,0.2258859510000161
1,5665,0.276097906,0.050211954999983904,0.2258859510000161
1,5666,0.276097906,0.11784327451827643,0.15825463148172358
1,5667,0.276097906,0.02061879062067822,0.2554791153793218
1,5668,0.276097906,-0.1724737938380848,0.4485716998380848
1,5669,0.276097906,-0.16778002568258815,0.44387793168258816
1,5670,0.276097906,0.04563763093102145,0.23046027506897854
1,5671,0.276097906,0.04563763093102145,0.23046027506897854
1,5672,0.276097906,0.045135470157425646,0.23096243584257437
1,5673,0.276097906,0.015577290413466371,0.2605206155865336
1,5674,0.276097906,-0.21155914038173904,0.487657046381739
1,5675,1.434079319,0.04229828462158875,1.3917810343784114
1,5676,-0.08387787,0.08203904222601656,-0.16591691222601657
1,5677,0.215166472,0.10373088226564968,0.11143558973435032
1,5678,0.215166472,-0.2827280004405673,0.4978944724405673
1,5679,0.215166472,-0.22344978951421676,0.43861626151421673
1,5680,0.215166472,0.1366015695517452,0.07856490244825479
1,5681,0.215166472,0.0429635249076255,0.1722029470923745
1,5682,0.215166472,-0.2788200234272543,0.4939864954272543
1,5683,0.215166472,-0.2327227311056433,0.4478892031056433
1,5684,0.147050924,0.1235754693925559,0.0234754546074441
1,5685,0.147050924,-0.24193658151456296,0.38898750551456296
1,5686,0.147050924,-0.15360694169085268,0.3006578656908527
1,5687,0.147050924,0.050211954999983904,0.0968389690000161
1,5688,0.147050924,-0.006091033143921037,0.15314195714392104
1,5689,1.146372065,0.03381568968635999,1.11255637531364
1,5690,0.233570221,0.03838200828780598,0.195188212712194
1,5691,0.069827884,0.057918195923076,0.011909688076924003
1,5692,0.069827884,0.1235754693925559,-0.05374758539255589
1,5693,0.069827884,0.08203904222601656,-0.012211158226016552
1,5694,0.069827884,0.024670998430665954,0.04515688556933405
1,5695,0.069827884,0.018125818581368948,0.05170206541863106
1,5696,0.069827884,-0.24193658151456296,0.31176446551456294
1,5697,0.069827884,0.1153365958967638,-0.045508711896763795
1,5698,0.069827884,-0.00997242900863468,0.07980031300863469
1,5699,0.069827884,-0.2788200234272543,0.3486479074272543
1,5700,0.069827884,-0.2077339620928808,0.2775618460928808
1,5701,0.069827884,-0.21579646452283038,0.28562434852283036
1,5702,0.069827884,-0.12217361795359681,0.19200150195359683
1,5703,0.069827884,-0.16778002568258815,0.23760790968258816
1,5704,0.069827884,0.15691171781641008,-0.08708383381641008
1,5705,0.069827884,0.11001338671724391,-0.0401855027172439
1,5706,0.069827884,-0.11783567445853106,0.18766355845853105
1,5707,0.678505643,0.02061879062067822,0.6578868523793219
1,5708,-0.019319573,0.1744009739961136,-0.1937205469961136
1,5709,-0.019319573,-0.22582091854535336,0.20650134554535335
1,5710,-0.019319573,-0.1687202773757944,0.1494007043757944
1,5711,-0.019319573,-0.1687202773757944,0.1494007043757944
1,5712,-0.019319573,-0.24193658151456296,0.22261700851456295
1,5713,-0.019319573,-0.1724737938380848,0.1531542208380848
1,5714,-0.019319573,-0.09828469843149865,0.07896512543149864
1,5715,-0.124758634,0.1235754693925559,-0.2483341033925559
1,5716,-0.124758634,0.041905636939217866,-0.16666427093921787
1,5717,-0.124758634,0.15397134621527758,-0.27872998021527756
1,5718,-0.124758634,0.018125818581368948,-0.14288445258136895
1,5719,-0.124758634,-0.2977270763030204,0.17296844230302044
1,5720,-0.124758634,-0.25080029492163564,0.12604166092163566
1,5721,-0.124758634,-0.24193658151456296,0.11717794751456297
1,5722,-0.124758634,-0.22344978951421676,0.09869115551421677
1,5723,-0.124758634,-0.22344978951421676,0.09869115551421677
1,5724,-0.124758634,0.06049138709983303,-0.18525002109983302
1,5725,-0.124758634,0.0429635249076255,-0.16772215890762548
1,5726,-0.124758634,-0.006091033143921037,-0.11866760085607896
1,5727,-0.124758634,-0.006091033143921037,-0.11866760085607896
1,5728,-0.124758634,0.08138108206549359,-0.20613971606549358
1,5729,-0.124758634,-0.2788200234272543,0.15406138942725434
1,5730,-0.124758634,0.1385981201574464,-0.2633567541574464
1,5731,-0.124758634,0.06535288902010622,-0.1901115230201062
1,5732,-0.124758634,0.06535288902010622,-0.1901115230201062
1,5733,-0.124758634,0.13768274879323486,-0.26244138279323487
1,5734,-0.124758634,0.003968967595769241,-0.12872760159576924
1,5735,-0.124758634,-0.20708327546354138,0.08232464146354139
1,5736,-0.124758634,-0.2624280951983608,0.13766946119836082
1,5737,-0.124758634,-0.09828469843149865,-0.026473935568501347
1,5738,-0.124758634,-0.14487409475186655,0.020115460751866557
1,5739,-0.124758634,0.054988380220493675,-0.17974701422049366
1,5740,-0.253805616,0.08203904222601656,-0.33584465822601656
1,5741,-0.253805616,0.1235754693925559,-0.3773810853925559
1,5742,-0.253805616,0.052427385957186295,-0.3062330019571863
1,5743,-0.253805616,0.08203904222601656,-0.33584465822601656
1,5744,-0.253805616,0.041905636939217866,-0.29571125293921785
1,5745,-0.253805616,-0.12147652050497997,-0.13232909549502003
1,5746,-0.253805616,0.047301238990377345,-0.30110685499037737
1,5747,-0.253805616,-0.15360694169085268,-0.10019867430914733
1,5748,-0.253805616,0.009217946583035333,-0.26302356258303533
1,5749,-0.253805616,0.0783269268626836,-0.3321325428626836
1,5750,-0.253805616,-0.00997242900863468,-0.24383318699136533
1,5751,-0.253805616,0.0429635249076255,-0.2967691409076255
1,5752,-0.253805616,-0.21579646452283038,-0.03800915147716963
1,5753,-0.253805616,0.06491318578352014,-0.31871880178352013
1,5754,-0.253805616,0.015577290413466371,-0.2693829064134664
1,5755,-0.253805616,0.015577290413466371,-0.2693829064134664
1,5756,-0.253805616,0.04563763093102145,-0.2994432469310215
1,5757,-0.253805616,-0.2692789613143531,0.01547334531435307
1,5758,-0.253805616,-0.2624280951983608,0.008622479198360788
1,5759,-0.253805616,0.0982442786550846,-0.3520498946550846
1,5760,1.558678999,-0.00662494137643107,1.565303940376431
1,5761,-0.420176111,0.1235754693925559,-0.5437515803925559
1,5762,-0.420176111,-0.22582091854535336,-0.19435519245464666
1,5763,-0.420176111,0.06355476980135417,-0.4837308808013542
1,5764,-0.420176111,0.050211954999983904,-0.47038806599998395
1,5765,-0.420176111,0.02061879062067822,-0.44079490162067825
1,5766,-0.420176111,0.0429635249076255,-0.4631396359076255
1,5767,-0.420176111,0.02061879062067822,-0.44079490162067825
1,5768,-0.420176111,0.02061879062067822,-0.44079490162067825
1,5769,-0.420176111,0.0024498688698104966,-0.42262597986981054
1,5770,-0.420176111,-0.006091033143921037,-0.414085077856079
1,5771,-0.420176111,0.02061879062067822,-0.44079490162067825
1,5772,-0.420176111,0.040458190601298225,-0.46063430160129826
1,5773,-0.420176111,-0.20459472369092457,-0.21558138730907545
1,5774,-0.420176111,-0.20459472369092457,-0.21558138730907545
1,5775,-0.420176111,0.001655308058617824,-0.4218314190586178
1,5776,-0.420176111,-0.16778002568258815,-0.25239608531741187
1,5777,-0.420176111,-0.12217361795359681,-0.2980024930464032
1,5778,-0.420176111,0.015577290413466371,-0.4357534014134664
1,5779,-0.420176111,-0.11783567445853106,-0.30234043654146897
1,5780,-0.420176111,-0.2212633935715861,-0.19891271742841393
1,5781,-0.420176111,-0.2146192329913579,-0.2055568780086421
1,5782,0.214178137,0.009217946583035333,0.20496019041696467
1,5783,-0.654662155,0.057918195923076,-0.712580350923076
1,5784,-0.654662155,0.13085326012688822,-0.7855154151268883
1,5785,-0.654662155,0.024670998430665954,-0.679333153430666
1,5786,-0.654662155,0.08203904222601656,-0.7367011972260166
1,5787,-0.654662155,-0.24193658151456296,-0.41272557348543704
1,5788,-0.654662155,0.009217946583035333,-0.6638801015830353
1,5789,-0.654662155,0.0024498688698104966,-0.6571120238698105
1,5790,-0.654662155,-0.006091033143921037,-0.648571121856079
1,5791,-0.654662155,0.009217946583035333,-0.6638801015830353
1,5792,-0.654662155,-0.2788200234272543,-0.3758421315727457
1,5793,-0.654662155,-0.2327227311056433,-0.42193942389435674
1,5794,-0.654662155,0.0429635249076255,-0.6976256799076255
1,5795,-0.654662155,-0.1724737938380848,-0.4821883611619152
1,5796,-0.654662155,0.050211954999983904,-0.7048741099999839
1,5797,-0.654662155,-0.00395355403216134,-0.6507086009678387
1,5798,-0.654662155,-0.07030903673843172,-0.5843531182615683
1,5799,-1.721361802,0.04563763093102145,-1.7669994329310215
1,5800,-1.055518694,0.12190713905756129,-1.1774258330575613
1,5801,-1.055518694,0.1235754693925559,-1.179094163392556
1,5802,-1.055518694,0.052427385957186295,-1.1079460799571863
1,5803,-1.055518694,0.0366617107433106,-1.0921804047433108
1,5804,-1.055518694,0.0366617107433106,-1.0921804047433108
1,5805,-1.055518694,0.08203904222601656,-1.1375577362260167
1,5806,-1.055518694,0.024670998430665954,-1.080189692430666
1,5807,-1.055518694,0.024670998430665954,-1.080189692430666
1,5808,-1.055518694,0.1546892053735923,-1.2102078993735923
1,5809,-1.055518694,0.018125818581368948,-1.073644512581369
1,5810,-1.055518694,0.018125818581368948,-1.073644512581369
1,5811,-1.055518694,0.10227249524473322,-1.1577911892447332
1,5812,-1.055518694,-0.12147652050497997,-0.9340421734950202
1,5813,-1.055518694,-0.1687202773757944,-0.8867984166242057
1,5814,-1.055518694,-0.1687202773757944,-0.8867984166242057
1,5815,-1.055518694,-0.04841061169289149,-1.0071080823071086
1,5816,-1.055518694,-0.13730640180350764,-0.9182122921964925
1,5817,-1.055518694,-0.25080029492163564,-0.8047183990783644
1,5818,-1.055518694,-0.22344978951421676,-0.8320689044857833
1,5819,-1.055518694,-0.22344978951421676,-0.8320689044857833
1,5820,-1.055518694,0.033518522380317474,-1.0890372163803175
1,5821,-1.055518694,-0.15360694169085268,-0.9019117523091474
1,5822,-1.055518694,-0.04841061169289149,-1.0071080823071086
1,5823,-1.055518694,0.06347453299416675,-1.118993226994167
1,5824,-1.055518694,-0.22561900559422318,-0.8298996884057769
1,5825,-1.055518694,-0.22561900559422318,-0.8298996884057769
1,5826,-1.055518694,-0.22561900559422318,-0.8298996884057769
1,5827,-1.055518694,-0.13730640180350764,-0.9182122921964925
1,5828,-1.055518694,-0.00997242900863468,-1.0455462649913654
1,5829,-1.055518694,0.0783269268626836,-1.1338456208626837
1,5830,-1.055518694,0.0429635249076255,-1.0984822189076255
1,5831,-1.055518694,0.0783269268626836,-1.1338456208626837
1,5832,-1.055518694,0.0783269268626836,-1.1338456208626837
1,5833,-1.055518694,-0.006091033143921037,-1.049427660856079
1,5834,-1.055518694,0.0024498688698104966,-1.0579685628698106
1,5835,-1.055518694,0.09653941403705624,-1.1520581080370564
1,5836,-1.055518694,0.050211954999983904,-1.105730648999984
1,5837,-1.055518694,0.10179262735719345,-1.1573113213571935
1,5838,-1.055518694,-0.00997242900863468,-1.0455462649913654
1,5839,-1.055518694,-0.00997242900863468,-1.0455462649913654
1,5840,-1.055518694,-0.00997242900863468,-1.0455462649913654
1,5841,-1.055518694,-0.00997242900863468,-1.0455462649913654
1,5842,-1.055518694,0.0451780270119908,-1.100696721011991
1,5843,-1.055518694,0.0429635249076255,-1.0984822189076255
1,5844,-1.055518694,-0.006091033143921037,-1.049427660856079
1,5845,-1.055518694,0.02061879062067822,-1.0761374846206784
1,5846,-1.055518694,0.02061879062067822,-1.0761374846206784
1,5847,-1.055518694,-0.00997242900863468,-1.0455462649913654
1,5848,-1.055518694,-0.2788200234272543,-0.7766986705727458
1,5849,-1.055518694,0.0783269268626836,-1.1338456208626837
1,5850,-1.055518694,-0.2077339620928808,-0.8477847319071192
1,5851,-1.055518694,-0.2077339620928808,-0.8477847319071192
1,5852,-1.055518694,-0.1179359751900602,-0.9375827188099399
1,5853,-1.055518694,-0.1724737938380848,-0.8830449001619153
1,5854,-1.055518694,-0.1724737938380848,-0.8830449001619153
1,5855,-1.055518694,-0.07030903673843172,-0.9852096572615684
1,5856,-1.055518694,-0.21579646452283038,-0.8397222294771697
1,5857,-1.055518694,-0.21579646452283038,-0.8397222294771697
1,5858,-1.055518694,0.011853226961334166,-1.0673719209613342
1,5859,-1.055518694,-0.27006185157839824,-0.7854568424216019
1,5860,-1.055518694,-0.27006185157839824,-0.7854568424216019
1,5861,-1.055518694,-0.27006185157839824,-0.7854568424216019
1,5862,-1.055518694,0.07046666123444092,-1.125985355234441
1,5863,-1.055518694,-0.20459472369092457,-0.8509239703090755
1,5864,-1.055518694,-0.1179359751900602,-0.9375827188099399
1,5865,-1.055518694,-0.16778002568258815,-0.887738668317412
1,5866,-1.055518694,-0.16778002568258815,-0.887738668317412
1,5867,-1.055518694,-0.20038320357563622,-0.8551354904243639
1,5868,-1.055518694,-0.20038320357563622,-0.8551354904243639
1,5869,-1.055518694,-0.20038320357563622,-0.8551354904243639
1,5870,-1.055518694,0.015577290413466371,-1.0710959844134664
1,5871,-1.055518694,0.11001338671724391,-1.165532080717244
1,5872,-1.055518694,0.11001338671724391,-1.165532080717244
1,5873,-1.055518694,0.1889365460975177,-1.2444552400975177
1,5874,-1.055518694,0.045135470157425646,-1.1006541641574257
1,5875,-1.055518694,0.045135470157425646,-1.1006541641574257
1,5876,-1.055518694,0.11306220993528804,-1.1685809039352881
1,5877,-1.055518694,0.015577290413466371,-1.0710959844134664
1,5878,-1.055518694,0.08108445854004284,-1.1366031525400428
1,5879,-1.055518694,0.06535288902010622,-1.1208715830201064
1,5880,-1.055518694,0.07512413407243859,-1.1306428280724388
1,5881,-1.055518694,0.015577290413466371,-1.0710959844134664
1,5882,-1.055518694,-0.2692789613143531,-0.786239732685647
1,5883,-1.055518694,-0.2692789613143531,-0.786239732685647
1,5884,-1.055518694,-0.2212633935715861,-0.834255300428414
1,5885,-1.055518694,-0.21155914038173904,-0.843959553618261
1,5886,-1.055518694,-0.042418825636056263,-1.0130998683639438
1,5887,-1.055518694,-0.2146192329913579,-0.8408994610086422
1,5888,-1.055518694,-0.042418825636056263,-1.0130998683639438
1,5889,-1.055518694,-0.19831175767911574,-0.8572069363208843
1,5890,4.620220094,-0.029281692576345827,4.649501786576346
1,5891,3.693790104,-0.22828114876251324,3.9220712527625134
1,5892,3.627182454,-0.09494215341344264,3.7221246074134426
1,5893,3.272692433,0.021305588287494334,3.251386844712506
1,5894,2.788686181,-0.020895403649240293,2.8095815846492402
1,5895,2.598132241,-0.0535646166389791,2.651696857638979
1,5896,2.590114322,0.0015222284297741822,2.5885920935702256
1,5897,2.115784939,-0.058563275778269815,2.17434821477827
1,5898,1.975479952,-0.03604450635036468,2.0115244583503644
1,5899,1.872667789,-0.22711663948979216,2.099784428489792
1,5900,1.61397161,-0.19616754679589607,1.810139156795896
1,5901,1.593990982,-0.03058365010947402,1.624574632109474
1,5902,1.581218868,-0.2201581635280377,1.8013770315280377
1,5903,1.557745456,-0.04504635549209727,1.6027918114920972
1,5904,1.543060711,-0.058563275778269815,1.60162398677827
1,5905,1.448934292,-0.21681664612858295,1.6657509381285829
1,5906,1.428015105,0.03622034591754353,1.3917947590824564
1,5907,1.374602827,0.009513786037598341,1.3650890409624015
1,5908,1.364124788,0.03760309989953407,1.326521688100466
1,5909,1.353154139,-0.004274456811395736,1.3574285958113956
1,5910,1.252009507,-0.30277611842963126,1.554785625429631
1,5911,1.247355765,-0.18721704446567383,1.4345728094656738
1,5912,1.174276895,-0.07489072157196477,1.2491676165719647
1,5913,1.111893551,-0.024382237164144286,1.1362757881641443
1,5914,1.087300492,0.03521406304273106,1.052086428957269
1,5915,1.069978653,-0.2228874822596699,1.2928661352596698
1,5916,1.015201274,-0.232919437365296,1.2481207113652961
1,5917,1.00654534,0.016049765895920685,0.9904955741040793
1,5918,0.967657193,0.023690956267165383,0.9439662367328346
1,5919,0.961797834,-0.027051282271078617,0.9888491162710786
1,5920,0.960618805,-0.2450773648774063,1.2056961698774062
1,5921,0.952895959,-0.029281692576345827,0.9821776515763458
1,5922,0.943247122,0.09255336605639936,0.8506937559436007
1,5923,0.863150144,-0.21565992391742525,1.0788100679174253
1,5924,0.853998305,-0.05408721410047273,0.9080855191004726
1,5925,0.839629523,0.023690956267165383,0.8159385667328347
1,5926,0.803613919,-0.18700478447687943,0.9906187034768794
1,5927,0.785527855,-0.004274456811395736,0.7898023118113957
1,5928,0.783928093,0.0192699894938651,0.764658103506135
1,5929,0.693979092,-0.07904323105664003,0.77302232305664
1,5930,0.689281148,-0.021958131652284617,0.7112392796522846
1,5931,0.664216964,-0.060884018970631455,0.7251009829706314
1,5932,0.647221214,-0.2430547987560125,0.8902760127560125
1,5933,0.595238721,-0.1900607270051435,0.7852994480051435
1,5934,0.556210687,-0.1707936209087025,0.7270043079087025
1,5935,0.511798051,-0.058563275778269815,0.5703613267782698
1,5936,0.462293604,-0.06588013344894766,0.5281737374489477
1,5937,0.462293604,0.019155236967930884,0.44313836703206916
1,5938,0.42775715,0.03437608683603172,0.39338106316396826
1,5939,0.423291385,-0.22828114876251324,0.6515725337625132
1,5940,0.415770944,0.0038374854934510785,0.4119334585065489
1,5941,0.408151418,0.02043542100121738,0.3877159969987826
1,5942,0.392604414,-0.09788296688523608,0.4904873808852361
1,5943,0.3701116,-0.29737024179086013,0.6674818417908601
1,5944,0.36186162,0.03622034591754353,0.32564127408245647
1,5945,0.336381123,-0.08959687223599602,0.425977995235996
1,5946,0.30790454,-0.25519712029178643,0.5631016602917864
1,5947,0.258413313,0.008740198828147826,0.24967311417185215
1,5948,0.184304824,-0.18405052895305138,0.3683553529530514
1,5949,0.146981309,0.036615467249837816,0.11036584175016219
1,5950,0.129862951,0.016727685951463792,0.11313526504853622
1,5951,0.109657795,0.03923163079239858,0.07042616420760142
1,5952,0.104494245,-0.3609672297770967,0.4654614747770967
1,5953,0.096661434,0.02184092884470318,0.07482050515529683
1,5954,0.091379994,-0.0032823184685229867,0.094662312468523
1,5955,0.06975827,0.14735188936393406,-0.07759361936393407
1,5956,0.05299438,0.03760309989953407,0.015391280100465927
1,5957,0.035730001,0.006264609349270219,0.02946539165072978
1,5958,0.032801823,-0.24569072998664193,0.27849255298664194
1,5959,0.029858745,-0.27242229665726975,0.30228104165726977
1,5960,0.026900612,0.014117417532604372,0.012783194467395629
1,5961,-0.000426381,-0.22711663948979216,0.22669025848979216
1,5962,-0.019389187,0.034229664994289276,-0.05361885199428927
1,5963,-0.038994919,-0.37562673991480816,0.33663182091480814
1,5964,-0.049052803,-0.23488885746748348,0.18583605446748347
1,5965,-0.069709061,-0.24569072998664193,0.17598166898664191
1,5966,-0.087504734,-0.37562673991480816,0.2881220059148082
1,5967,-0.091130537,0.03675302466533442,-0.12788356166533443
1,5968,-0.094779217,-0.242132930723569,0.147353713723569
1,5969,-0.117168352,-0.25863266811573754,0.14146431611573754
1,5970,-0.156524604,0.06405385676165938,-0.22057846076165938
1,5971,-0.160611644,-0.23084549514232008,0.07023385114232009
1,5973,-0.164727774,0.03750052995083004,-0.20222830395083002
1,5974,-0.181491664,-0.09235059865317631,-0.08914106534682369
1,5975,-0.185759682,-0.007342984612100132,-0.17841669738789986
1,5976,-0.185759682,-0.297497823198719,0.11173814119871897
1,5977,-0.190059432,0.015166102523715332,-0.20522553452371534
1,5978,-0.190059432,0.11425101343448951,-0.3043104454344895
1,5979,-0.207585432,0.007853021399152695,-0.21543845339915269
1,5980,-0.225659208,-0.20250623490016367,-0.023152973099836327
1,5981,-0.23026731,-0.28254205207164973,0.05227474207164973
1,5982,-0.239595152,-0.037290293944952056,-0.20230485805504794
1,5983,-0.244316108,0.03437608683603172,-0.27869219483603175
1,5984,-0.249075918,-0.07489072157196477,-0.17418519642803523
1,5985,-0.25387523,-0.2425311161537886,-0.011344113846211396
1,5986,-0.263595017,0.15625770565713704,-0.419852722657137
1,5987,-0.263595017,-0.18700478447687943,-0.07659023252312055
1,5988,-0.273480963,-0.019971245944012218,-0.2535097170559878
1,5989,-0.314806664,-0.24271019746874042,-0.07209646653125959
1,5990,-0.336632414,-0.3577630668475454,0.021130652847545395
1,5991,-0.34222003,-0.22711663948979216,-0.11510339051020785
1,5993,-0.382922212,-0.2228874822596699,-0.1600347297403301
1,5994,-0.407535021,0.04903549189523268,-0.45657051289523265
1,5995,-0.460145252,0.1406185994315859,-0.6007638514315858
1,5996,-0.460145252,0.0038374854934510785,-0.4639827374934511
1,5997,-0.467071247,0.03923163079239858,-0.5063028777923986
1,5998,-0.474081196,-0.19429273170070252,-0.2797884642992975
1,5999,-0.474081196,-0.025821536051906072,-0.4482596599480939
1,6000,-0.488361274,-0.28254205207164973,-0.20581922192835028
1,6001,-0.495635756,0.03923163079239858,-0.5348673867923985
1,6002,-0.510465126,0.05489517577991804,-0.565360301779918
1,6003,-0.533447504,0.013433485938889968,-0.5468809899388899
1,6004,-0.533447504,0.1215026239063007,-0.6549501279063007
1,6005,-0.533447504,-0.3208852105019671,-0.21256229349803285
1,6006,-0.549292707,-0.27825335224793235,-0.27103935475206764
1,6008,-0.654731769,-0.209678012075573,-0.44505375692442695
1,6009,-0.654731769,0.10634417347536193,-0.7610759424753619
1,6010,-0.664451557,-0.3625643689092876,-0.3018871880907124
1,6011,-0.674337502,-0.22711663948979216,-0.4472208625102078
1,6012,-0.684395386,-0.19603004847093516,-0.48836533752906486
1,6013,-0.684395386,-0.037290293944952056,-0.647105092055048
1,6014,-0.694631295,-0.1902647103587998,-0.5043665846412002
1,6015,-0.705051644,-0.19332282303385567,-0.5117288209661444
1,6016,-0.705051644,0.033592080360791005,-0.738643724360791
1,6017,-0.726473121,-0.24060132076314014,-0.48587180023685994
1,6018,-0.726473121,-0.34474484555801843,-0.3817282754419816
1,6019,-0.7487187,-0.16355677463414245,-0.5851619253658575
1,6020,-0.821102265,-0.21681664612858295,-0.6042856188714171
1,6021,-0.821102265,-0.2537653969599224,-0.5673368680400777
1,6022,-0.84739378,-0.32439505104001093,-0.5229987289599891
1,6023,-0.86100179,0.008740198828147826,-0.8697419888281478
1,6024,-0.86100179,-0.30277611842963126,-0.5582256715703687
1,6026,-0.889217813,0.03923163079239858,-0.9284494437923986
1,6027,-0.91888143,-0.03891688369564338,-0.8799645463043566
1,6028,-0.934304044,0.15625770565713704,-1.090561749657137
1,6029,-0.950149247,0.0015222284297741822,-0.9516714754297743
1,6030,-0.983204744,0.0018616978873399015,-0.9850664418873399
1,6031,-1.018264795,-0.032089854109986,-0.9861749408900139
1,6032,-1.036625504,0.0018616978873399015,-1.03848720188734
1,6033,-1.036625504,-0.07503332280228608,-0.961592181197714
1,6034,-1.095487834,0.005085969738848478,-1.1005738037388486
1,6035,-1.116519743,-0.2017691591736392,-0.9147505838263608
1,6036,-1.209248101,-0.19332282303385567,-1.0159252779661443
1,6037,-1.209248101,0.019155236967930884,-1.2284033379679309
1,6038,-1.209248101,-0.22449575697219107,-0.984752344027809
1,6039,-1.234955166,0.028359904681839805,-1.26331507068184
1,6040,-1.234955166,-0.3126911292406672,-0.9222640367593328
1,6041,-1.234955166,0.010382816101088075,-1.2453379821010881
1,6042,-1.26185833,-0.23739226465733612,-1.0244660653426638
1,6043,-1.26185833,-0.37562673991480816,-0.8862315900851918
1,6044,-1.31973797,-0.21749427265650884,-1.1022436973434913
1,6045,-1.31973797,-0.044629352081179685,-1.2751086179188205
1,6046,-1.384061282,0.10657634892418637,-1.4906376309241864
1,6047,-1.384061282,-0.25519712029178643,-1.1288641617082136
1,6048,-1.496344374,-0.1620411036639542,-1.3343032703360458
1,6049,-1.539202032,0.1416781607681518,-1.6808801927681518
1,6050,-1.635811706,0.01905414381273182,-1.6548658498127318
1,6051,-1.690930892,-0.19511624228198607,-1.4958146497180138
1,6052,-1.690930892,-0.023663446949946078,-1.6672674450500538
1,6053,-1.690930892,0.04903549189523268,-1.7399663838952326
1,6054,-1.751862325,0.03658210690059611,-1.788444431900596
1,6055,-2.091787431,0.1626186196055251,-2.2544060506055255
1,6056,-2.091787431,-0.002859248612605117,-2.088928182387395
1,6057,-2.387204909,-0.002009724755510386,-2.3851951842444894
1,6058,-2.621690952,0.005085969738848478,-2.6267769217388484
1,6059,-2.621690952,0.029188963574491533,-2.6508799155744915
1,6060,-2.621690952,-0.010640028710340579,-2.611050923289659
1,6061,-2.621690952,-0.2425311161537886,-2.3791598358462114
1,6062,-2.621690952,-0.24271019746874042,-2.3789807545312596
1,6063,-2.621690952,-0.11738587343680634,-2.5043050785631933
1,6064,-2.621690952,-0.07019275307958857,-2.5514981989204113
1,6065,-2.621690952,-0.03902722840285624,-2.5826637235971437
1,6066,2.14385827,-0.09494215341344264,2.2388004234134424
1,6067,1.890696465,0.021305588287494334,1.8693908767125056
1,6068,1.71324925,0.009217946583035333,1.7040313034169647
1,6069,1.700883158,-0.07489072157196477,1.7757738795719646
1,6070,1.58299641,-0.22711663948979216,1.8101130494897921
1,6071,1.576634717,-0.024382237164144286,1.6010169541641441
1,6072,1.398072912,-0.00662494137643107,1.404697853376431
1,6073,1.297595622,-0.21681664612858295,1.514412268128583
1,6074,1.280641592,-0.04504635549209727,1.3256879474920973
1,6075,1.280641592,-0.060884018970631455,1.3415256109706315
1,6076,1.172079297,-0.30277611842963126,1.4748554154296314
1,6077,0.799687361,-0.03058365010947402,0.8302710111094741
1,6078,0.752969757,0.04229828462158875,0.7106714723784112
1,6079,0.736386376,-0.2201581635280377,0.9565445395280376
1,6080,0.644177653,-0.020895403649240293,0.6650730566492402
1,6081,0.623532021,-0.004274456811395736,0.6278064778113958
1,6082,0.531323307,0.03521406304273106,0.4961092439572689
1,6083,0.50538184,0.03622034591754353,0.46916149408245644
1,6084,0.449129732,-0.03604450635036468,0.48517423835036466
1,6085,0.385828767,0.0024498688698104966,0.3833788981301895
1,6086,0.127479966,-0.2228874822596699,0.3503674482596699
1,6087,0.127479966,-0.18700478447687943,0.3144847504768794
1,6088,-0.169791508,0.009513786037598341,-0.17930529403759835
1,6089,-0.169791508,-0.029281692576345827,-0.14050981542365418
1,6090,-0.282645661,0.003968967595769241,-0.28661462859576925
1,6091,-0.428139876,0.057918195923076,-0.486058071923076
1,6092,-0.428139876,0.0429635249076255,-0.4711034009076255
1,6093,-0.428139876,0.03381568968635999,-0.46195556568636
1,6094,-0.428139876,-0.058563275778269815,-0.36957660022173017
1,6095,-0.428139876,-0.05408721410047273,-0.37405266189952724
1,6096,-0.633202216,-0.029281692576345827,-0.6039205234236542
1,6097,-0.633202216,-0.021958131652284617,-0.6112440843477154
1,6098,-0.983757555,0.041905636939217866,-1.0256631919392178
1,6099,-0.983757555,0.02061879062067822,-1.0043763456206782
1,6100,-0.983757555,-0.22828114876251324,-0.7554764062374867
1,6101,-0.983757555,-0.0535646166389791,-0.9301929383610208
1,6102,-0.983757555,0.0015222284297741822,-0.9852797834297742
1,6103,-0.983757555,-0.058563275778269815,-0.9251942792217301
1,6104,-0.983757555,-0.19616754679589607,-0.7875900082041039
1,6105,-0.983757555,0.03760309989953407,-1.021360654899534
1,6106,-0.983757555,-0.004274456811395736,-0.9794830981886042
1,6107,-0.983757555,-0.18721704446567383,-0.7965405105343262
1,6108,-0.983757555,-0.232919437365296,-0.750838117634704
1,6109,-0.983757555,0.016049765895920685,-0.9998073208959206
1,6110,-0.983757555,0.023690956267165383,-1.0074485112671654
1,6111,-0.983757555,-0.027051282271078617,-0.9567062727289213
1,6112,-0.983757555,-0.2450773648774063,-0.7386801901225937
1,6113,-0.983757555,0.09255336605639936,-1.0763109210563993
1,6114,-0.983757555,-0.21565992391742525,-0.7680976310825747
1,6115,-0.983757555,0.023690956267165383,-1.0074485112671654
1,6116,-0.983757555,-0.20250623490016367,-0.7812513200998363
1,6117,0.817508475,0.31661470334616576,0.5008937716538342
1,6118,-1.083308655,0.31661470334616576,-1.3999233583461657
1,6119,-0.596779256,0.31661470334616576,-0.9133939593461657
1,6120,-0.312177803,0.31661470334616576,-0.6287925063461657
1,6121,-0.596779256,0.31661470334616576,-0.9133939593461657
1,6122,0.282552045,0.31661470334616576,-0.034062658346165786
1,6123,1.349338334,0.31661470334616576,1.0327236306538343
1,6124,-1.083308655,0.24170706328508582,-1.3250157182850857
1,6125,-1.083308655,0.2246398898963739,-1.307948544896374
1,6126,-1.083308655,0.6349368547596461,-1.718245509759646
1,6127,-0.312177803,0.23135883000425186,-0.5435366330042518
1,6128,0.282552045,0.009102850298007847,0.27344919470199214
1,6129,-1.083308655,0.05923843158017998,-1.14254708658018
1,6130,-1.083308655,0.05923843158017998,-1.14254708658018
1,6131,-1.083308655,0.4030640865754207,-1.4863727415754207
1,6132,0.905362182,0.191788937407536,0.713573244592464
1,6133,-0.596779256,0.147610775805249,-0.744390031805249
1,6134,1.147410391,0.147610775805249,0.999799615194751
1,6135,-1.083308655,0.147610775805249,-1.230919430805249
1,6136,-1.083308655,0.147610775805249,-1.230919430805249
1,6137,-0.596779256,0.1046291155014112,-0.7014083715014112
1,6138,-0.596779256,0.31661470334616576,-0.9133939593461657
1,6139,-0.596779256,0.31661470334616576,-0.9133939593461657
1,6140,-0.596779256,0.31661470334616576,-0.9133939593461657
1,6141,0.532907021,0.31661470334616576,0.21629231765383422
1,6142,-0.596779256,0.31661470334616576,-0.9133939593461657
1,6143,1.55672867,0.31661470334616576,1.2401139666538343
1,6144,1.147410391,0.31661470334616576,0.8307956876538343
1,6145,-1.083308655,0.24170706328508582,-1.3250157182850857
1,6146,0.376279539,0.2246398898963739,0.1516396491036261
1,6147,-1.083308655,0.6349368547596461,-1.718245509759646
1,6148,1.716613297,0.23135883000425186,1.4852544669957481
1,6149,0.717064053,0.009102850298007847,0.7079612027019921
1,6150,-0.596779256,0.05923843158017998,-0.65601768758018
1,6151,-0.596779256,0.05923843158017998,-0.65601768758018
1,6152,-1.083308655,0.4030640865754207,-1.4863727415754207
1,6153,-0.312177803,0.191788937407536,-0.503966740407536
1,6154,1.432011844,0.147610775805249,1.284401068194751
1,6155,2.018335441,0.147610775805249,1.8707246651947511
1,6156,0.376279539,0.147610775805249,0.228668763194751
1,6157,-1.083308655,0.147610775805249,-1.230919430805249
1,6158,0.599806528,0.1046291155014112,0.4951774124985888
1,6159,-1.083308655,0.31661470334616576,-1.3999233583461657
1,6160,-1.083308655,0.31661470334616576,-1.3999233583461657
1,6161,0.376279539,0.31661470334616576,0.059664835653834236
1,6162,1.203593451,0.31661470334616576,0.8869787476538342
1,6163,0.532907021,0.31661470334616576,0.21629231765383422
1,6164,0.905362182,0.31661470334616576,0.5887474786538343
1,6165,0.532907021,0.31661470334616576,0.21629231765383422
1,6166,-1.083308655,0.24170706328508582,-1.3250157182850857
1,6167,-0.596779256,0.2246398898963739,-0.821419145896374
1,6168,-0.596779256,0.6349368547596461,-1.2317161107596462
1,6169,-0.596779256,0.23135883000425186,-0.8281380860042519
1,6170,0.376279539,0.009102850298007847,0.36717668870199216
1,6171,-0.312177803,0.05923843158017998,-0.37141623458017997
1,6172,-1.083308655,0.05923843158017998,-1.14254708658018
1,6173,-1.083308655,0.4030640865754207,-1.4863727415754207
1,6174,-0.596779256,0.191788937407536,-0.788568193407536
1,6175,2.15610697,0.147610775805249,2.008496194194751
1,6176,1.69012285,0.147610775805249,1.5425120741947511
1,6177,0.532907021,0.147610775805249,0.385296245194751
1,6178,-0.596779256,0.147610775805249,-0.744390031805249
1,6179,0.862808938,0.1046291155014112,0.7581798224985888
1,6180,1.147410391,0.31661470334616576,0.8307956876538343
1,6181,-0.596779256,0.31661470334616576,-0.9133939593461657
1,6182,-1.083308655,0.31661470334616576,-1.3999233583461657
1,6183,2.15610697,0.31661470334616576,1.8394922666538345
1,6184,-0.596779256,0.31661470334616576,-0.9133939593461657
1,6185,2.277096668,0.31661470334616576,1.9604819646538343
1,6186,1.147410391,0.31661470334616576,0.8307956876538343
1,6187,-0.596779256,0.24170706328508582,-0.8384863192850859
1,6188,-0.596779256,0.2246398898963739,-0.821419145896374
1,6189,-1.083308655,0.6349368547596461,-1.718245509759646
1,6190,-1.083308655,0.23135883000425186,-1.314667485004252
1,6191,0.282552045,0.009102850298007847,0.27344919470199214
1,6192,-0.312177803,0.05923843158017998,-0.37141623458017997
1,6193,-1.083308655,0.05923843158017998,-1.14254708658018
1,6194,-1.083308655,0.4030640865754207,-1.4863727415754207
1,6195,-0.596779256,0.191788937407536,-0.788568193407536
1,6196,-0.596779256,0.147610775805249,-0.744390031805249
1,6197,1.255610841,0.147610775805249,1.108000065194751
1,6198,0.282552045,0.147610775805249,0.13494126919475097
1,6199,0.376279539,0.147610775805249,0.228668763194751
1,6200,0.660880992,0.1046291155014112,0.5562518764985888
1,6201,0.282552045,0.31661470334616576,-0.034062658346165786
1,6202,-1.083308655,0.31661470334616576,-1.3999233583461657
1,6203,-0.596779256,0.31661470334616576,-0.9133939593461657
1,6204,1.230083899,0.31661470334616576,0.9134691956538343
1,6205,-1.083308655,0.31661470334616576,-1.3999233583461657
1,6206,0.717064053,0.31661470334616576,0.4004493496538342
1,6207,-0.596779256,0.31661470334616576,-0.9133939593461657
1,6208,-1.083308655,0.24170706328508582,-1.3250157182850857
1,6209,-0.596779256,0.2246398898963739,-0.821419145896374
1,6210,-0.596779256,0.6349368547596461,-1.2317161107596462
1,6211,-0.596779256,0.23135883000425186,-0.8281380860042519
1,6212,-0.312177803,0.009102850298007847,-0.3212806532980078
1,6213,0.599806528,0.05923843158017998,0.5405680964198201
1,6214,-0.312177803,0.05923843158017998,-0.37141623458017997
1,6215,-0.596779256,0.4030640865754207,-0.9998433425754207
1,6216,-1.083308655,0.191788937407536,-1.275097592407536
1,6217,-0.312177803,0.147610775805249,-0.459788578805249
1,6218,1.947194754,0.147610775805249,1.7995839781947511
1,6219,0.532907021,0.147610775805249,0.385296245194751
1,6220,-0.312177803,0.147610775805249,-0.459788578805249
1,6221,1.304037873,0.1046291155014112,1.1994087574985888
1,6222,1.147410391,0.31661470334616576,0.8307956876538343
1,6223,-1.083308655,0.31661470334616576,-1.3999233583461657
1,6224,-0.596779256,0.31661470334616576,-0.9133939593461657
1,6225,0.532907021,0.31661470334616576,0.21629231765383422
1,6226,-1.083308655,0.31661470334616576,-1.3999233583461657
1,6227,-0.312177803,0.31661470334616576,-0.6287925063461657
1,6228,-0.596779256,0.31661470334616576,-0.9133939593461657
1,6229,-0.596779256,0.24170706328508582,-0.8384863192850859
1,6230,-0.596779256,0.2246398898963739,-0.821419145896374
1,6231,0.376279539,0.6349368547596461,-0.2586573157596461
1,6232,-0.596779256,0.23135883000425186,-0.8281380860042519
1,6233,0.717064053,0.009102850298007847,0.7079612027019921
1,6234,1.937772953,0.05923843158017998,1.8785345214198201
1,6235,-0.596779256,0.05923843158017998,-0.65601768758018
1,6236,0.282552045,0.4030640865754207,-0.12051204157542073
1,6237,-1.083308655,0.191788937407536,-1.275097592407536
1,6238,1.469962359,0.147610775805249,1.322351583194751
1,6239,1.304037873,0.147610775805249,1.156427097194751
1,6240,-0.312177803,0.147610775805249,-0.459788578805249
1,6241,-0.312177803,0.147610775805249,-0.459788578805249
1,6242,0.862808938,0.1046291155014112,0.7581798224985888
1,6243,0.817508475,0.31661470334616576,0.5008937716538342
1,6244,-0.596779256,0.31661470334616576,-0.9133939593461657
1,6245,-0.596779256,0.31661470334616576,-0.9133939593461657
1,6246,-0.312177803,0.31661470334616576,-0.6287925063461657
1,6247,-0.596779256,0.31661470334616576,-0.9133939593461657
1,6248,-0.312177803,0.31661470334616576,-0.6287925063461657
1,6249,-0.596779256,0.31661470334616576,-0.9133939593461657
1,6250,-0.596779256,0.24170706328508582,-0.8384863192850859
1,6251,-0.596779256,0.2246398898963739,-0.821419145896374
1,6252,-0.596779256,0.6349368547596461,-1.2317161107596462
1,6253,-0.596779256,0.23135883000425186,-0.8281380860042519
1,6254,-0.596779256,0.009102850298007847,-0.6058821062980079
1,6255,1.662593299,0.05923843158017998,1.6033548674198201
1,6256,0.769081444,0.05923843158017998,0.7098430124198201
1,6257,-0.596779256,0.4030640865754207,-0.9998433425754207
1,6258,-0.596779256,0.191788937407536,-0.788568193407536
1,6259,1.469962359,0.147610775805249,1.322351583194751
1,6260,1.729492807,0.147610775805249,1.581882031194751
1,6261,0.862808938,0.147610775805249,0.715198162194751
1,6262,-0.596779256,0.147610775805249,-0.744390031805249
1,6263,0.376279539,0.1046291155014112,0.2716504234985888
1,6264,0.817508475,0.31661470334616576,0.5008937716538342
1,6265,1.505965817,0.31661470334616576,1.1893511136538344
1,6266,0.862808938,0.31661470334616576,0.5461942346538342
1,6267,-0.596779256,0.31661470334616576,-0.9133939593461657
1,6268,-1.083308655,0.31661470334616576,-1.3999233583461657
1,6269,2.414752359,0.31661470334616576,2.0981376556538343
1,6270,-0.596779256,0.31661470334616576,-0.9133939593461657
1,6271,1.280241914,0.24170706328508582,1.0385348507149144
1,6272,-0.596779256,0.2246398898963739,-0.821419145896374
1,6273,-1.083308655,0.6349368547596461,-1.718245509759646
1,6274,-1.083308655,0.23135883000425186,-1.314667485004252
1,6275,0.282552045,0.009102850298007847,0.27344919470199214
1,6276,-1.083308655,0.05923843158017998,-1.14254708658018
1,6277,0.282552045,0.05923843158017998,0.22331361341981998
1,6278,-1.083308655,0.4030640865754207,-1.4863727415754207
1,6279,-1.083308655,0.191788937407536,-1.275097592407536
1,6280,1.451243555,0.147610775805249,1.303632779194751
1,6281,0.282552045,0.147610775805249,0.13494126919475097
1,6282,0.717064053,0.147610775805249,0.5694532771947509
1,6283,-0.596779256,0.147610775805249,-0.744390031805249
1,6284,0.532907021,0.1046291155014112,0.4282779054985888
1,6285,0.817508475,0.3342789164585076,0.4832295585414924
1,6286,1.304037873,0.3342789164585076,0.9697589565414924
1,6287,1.824813749,0.3342789164585076,1.4905348325414924
1,6288,0.532907021,0.3342789164585076,0.19862810454149238
1,6289,0.717064053,0.3342789164585076,0.3827851365414924
1,6290,0.717064053,0.3342789164585076,0.3827851365414924
1,6291,-0.596779256,0.3342789164585076,-0.9310581724585076
1,6292,-0.596779256,0.2246398898963739,-0.821419145896374
1,6295,-0.596779256,0.22587297720404437,-0.8226522332040445
1,6296,1.304037873,0.05923843158017998,1.24479944141982
1,6297,0.376279539,-0.019664309061198836,0.3959438480611988
1,6298,-0.312177803,-0.019664309061198836,-0.29251349393880116
1,6299,1.230083899,0.37894981205995965,0.8511340869400403
1,6300,-1.083308655,0.17518991368338274,-1.2584985686833827
1,6301,1.868022067,0.21013099471970867,1.6578910722802913
1,6302,1.604066619,0.21013099471970867,1.3939356242802912
1,6303,0.945482446,0.21013099471970867,0.7353514512802913
1,6304,-0.596779256,0.21013099471970867,-0.8069102507197087
1,6305,-0.596779256,0.1649897057830983,-0.7617689617830983
1,6306,-0.596779256,0.237975091884436,-0.834754347884436
1,6307,0.660880992,0.237975091884436,0.42290590011556395
1,6308,-0.596779256,0.237975091884436,-0.834754347884436
1,6309,-0.596779256,0.237975091884436,-0.834754347884436
1,6310,0.376279539,0.237975091884436,0.138304447115564
1,6311,-0.312177803,0.237975091884436,-0.550152894884436
1,6312,0.769081444,0.237975091884436,0.531106352115564
1,6313,-1.083308655,0.18038455428177372,-1.2636932092817736
1,6314,-1.083308655,0.15440287604014294,-1.237711531040143
1,6315,-0.312177803,0.36224290715279756,-0.6744207101527975
1,6316,-0.596779256,0.21678894325133138,-0.8135681992513314
1,6317,-1.083308655,-0.05330552361559023,-1.0300031313844098
1,6318,-1.083308655,-0.016356405400526266,-1.0669522495994737
1,6319,-1.083308655,-0.016356405400526266,-1.0669522495994737
1,6320,-1.083308655,0.19822528934533915,-1.281533944345339
1,6321,-0.596779256,0.1266665176214765,-0.7234457736214766
1,6322,-0.596779256,0.11484742141565503,-0.7116266774156551
1,6323,-0.596779256,0.11484742141565503,-0.7116266774156551
1,6324,-0.596779256,0.11484742141565503,-0.7116266774156551
1,6325,-0.596779256,0.11484742141565503,-0.7116266774156551
1,6326,-1.083308655,0.08717447289924135,-1.1704831278992414
1,6327,1.588639326,0.8084899749644819,0.7801493510355181
1,6328,3.593634467,0.8084899749644819,2.7851444920355184
1,6329,1.908724109,0.8084899749644819,1.1002341340355182
1,6330,3.629458615,0.8084899749644819,2.820968640035518
1,6331,2.997708345,0.8084899749644819,2.189218370035518
1,6332,2.920253549,0.8084899749644819,2.111763574035518
1,6333,3.613084198,0.8084899749644819,2.8045942230355183
1,6334,2.871826516,0.6148518125056207,2.2569747034943792
1,6335,3.36707545,0.5626445248760933,2.804430925123907
1,6336,1.888668072,0.6349368547596461,1.2537312172403539
1,6337,1.304037873,0.49133205091707044,0.8127058220829295
1,6338,2.792279578,0.38212334903127426,2.410156228968726
1,6339,0.862808938,0.3536013312420341,0.509207606757966
1,6340,1.729492807,0.3536013312420341,1.3758914757579659
1,6341,0.717064053,0.4030640865754207,0.3139999664245793
1,6342,-0.596779256,0.3702673065401308,-0.9670465625401308
1,6343,1.69012285,0.5674806223829503,1.1226422276170498
1,6344,1.888668072,0.5674806223829503,1.3211874496170497
1,6345,1.469962359,0.5674806223829503,0.9024817366170497
1,6346,1.633939788,0.5674806223829503,1.0664591656170497
1,6347,0.532907021,0.5458509645338311,-0.012943943533831104
1,6348,1.053682897,0.8084899749644819,0.24519292203551812
1,6349,0.376279539,0.8084899749644819,-0.43221043596448194
1,6350,0.599806528,0.8084899749644819,-0.20868344696448193
1,6351,0.905362182,0.8084899749644819,0.09687220703551802
1,6352,1.451243555,0.8084899749644819,0.6427535800355181
1,6353,1.451243555,0.8084899749644819,0.6427535800355181
1,6354,2.43372415,0.8084899749644819,1.6252341750355184
1,6355,0.905362182,0.6148518125056207,0.29051036949437925
1,6356,-0.596779256,0.5626445248760933,-1.1594237808760934
1,6357,-1.083308655,0.6349368547596461,-1.718245509759646
1,6358,-1.083308655,0.49133205091707044,-1.5746407059170704
1,6359,0.817508475,0.38212334903127426,0.43538512596872575
1,6360,-1.083308655,0.3536013312420341,-1.436909986242034
1,6361,-0.596779256,0.4030640865754207,-0.9998433425754207
1,6362,-1.083308655,0.3702673065401308,-1.4535759615401307
1,6363,-1.083308655,0.5674806223829503,-1.6507892773829502
1,6364,-1.083308655,0.5674806223829503,-1.6507892773829502
1,6365,-1.083308655,0.5458509645338311,-1.629159619533831
1,6366,-0.596779256,0.7577428060162739,-1.354522062016274
1,6367,-1.083308655,0.7577428060162739,-1.8410514610162738
1,6368,0.282552045,0.7577428060162739,-0.4751907610162739
1,6369,-0.596779256,0.7577428060162739,-1.354522062016274
1,6370,-1.083308655,0.7577428060162739,-1.8410514610162738
1,6371,-1.083308655,0.7577428060162739,-1.8410514610162738
1,6372,-1.083308655,0.7577428060162739,-1.8410514610162738
1,6373,-1.083308655,0.5720580706520437,-1.6553667256520437
1,6374,-1.083308655,0.5195392167115432,-1.602847871711543
1,6375,-1.083308655,0.5968418496189124,-1.6801505046189122
1,6376,-1.083308655,0.45742558106895936,-1.5407342360689593
1,6377,-0.596779256,0.3373188047443466,-0.9340980607443466
1,6378,-1.083308655,0.31401141555086887,-1.3973200705508688
1,6379,-1.083308655,0.36085995524559517,-1.444168610245595
1,6380,-1.083308655,0.3251816100717721,-1.408490265071772
1,6381,0.769081444,0.5179340262825343,0.25114741771746574
1,6382,-1.083308655,0.5179340262825343,-1.6012426812825342
1,6383,-1.083308655,0.49794506709368763,-1.5812537220936875
1,6384,-0.596779256,0.23367756627066025,-0.8304568222706603
1,6385,-1.083308655,0.23367756627066025,-1.3169862212706602
1,6386,-0.596779256,0.23367756627066025,-0.8304568222706603
1,6387,-0.596779256,0.23367756627066025,-0.8304568222706603
1,6388,-0.596779256,0.23367756627066025,-0.8304568222706603
1,6389,0.282552045,0.23367756627066025,0.048874478729339726
1,6390,-0.312177803,0.23367756627066025,-0.5458553692706603
1,6391,1.304037873,0.13284996562212315,1.1711879073778768
1,6394,1.588639326,0.16776009252520435,1.4208792334747957
1,6395,-0.596779256,-0.06094607669956481,-0.5358331793004352
1,6396,-0.596779256,0.005650438010507128,-0.6024296940105072
1,6397,-1.083308655,0.005650438010507128,-1.088959093010507
1,6398,-0.596779256,0.4843802215423822,-1.0811594775423823
1,6399,-0.596779256,0.14996973875812603,-0.7467489947581261
1,6400,-0.596779256,0.06640250849444798,-0.663181764494448
1,6401,-0.596779256,0.06640250849444798,-0.663181764494448
1,6402,-0.596779256,0.06640250849444798,-0.663181764494448
1,6403,-0.596779256,0.06640250849444798,-0.663181764494448
1,6404,-0.596779256,-0.004528278447137177,-0.5922509775528628
1,6405,-1.083308655,0.23367756627066025,-1.3169862212706602
1,6406,-0.596779256,0.23367756627066025,-0.8304568222706603
1,6407,-0.596779256,0.23367756627066025,-0.8304568222706603
1,6408,2.00121475,0.23367756627066025,1.7675371837293397
1,6409,0.862808938,0.23367756627066025,0.6291313717293398
1,6410,0.532907021,0.23367756627066025,0.2992294547293397
1,6411,-0.596779256,0.23367756627066025,-0.8304568222706603
1,6412,0.862808938,0.13284996562212315,0.7299589723778769
1,6415,0.376279539,0.16776009252520435,0.20851944647479564
1,6416,1.451243555,-0.06094607669956481,1.5121896316995649
1,6417,-0.596779256,0.005650438010507128,-0.6024296940105072
1,6418,-0.596779256,0.005650438010507128,-0.6024296940105072
1,6419,-0.596779256,0.4843802215423822,-1.0811594775423823
1,6420,-0.596779256,0.14996973875812603,-0.7467489947581261
1,6421,0.376279539,0.06640250849444798,0.30987703050555204
1,6422,-0.312177803,0.06640250849444798,-0.37858031149444793
1,6423,0.717064053,0.06640250849444798,0.650661544505552
1,6424,-0.596779256,0.06640250849444798,-0.663181764494448
1,6425,-0.596779256,-0.004528278447137177,-0.5922509775528628
1,6426,-0.596779256,0.23367756627066025,-0.8304568222706603
1,6427,-0.312177803,0.23367756627066025,-0.5458553692706603
1,6428,-0.596779256,0.23367756627066025,-0.8304568222706603
1,6429,0.532907021,0.23367756627066025,0.2992294547293397
1,6430,1.451243555,0.23367756627066025,1.2175659887293397
1,6431,-0.596779256,0.23367756627066025,-0.8304568222706603
1,6432,-0.596779256,0.23367756627066025,-0.8304568222706603
1,6433,0.532907021,0.13284996562212315,0.40005705537787684
1,6436,0.532907021,0.16776009252520435,0.36514692847479563
1,6437,-0.312177803,-0.06094607669956481,-0.25123172630043517
1,6438,-0.596779256,0.005650438010507128,-0.6024296940105072
1,6439,0.376279539,0.005650438010507128,0.37062910098949287
1,6440,-0.596779256,0.4843802215423822,-1.0811594775423823
1,6441,-0.596779256,0.14996973875812603,-0.7467489947581261
1,6442,-0.596779256,0.06640250849444798,-0.663181764494448
1,6443,-0.312177803,0.06640250849444798,-0.37858031149444793
1,6444,1.69012285,0.06640250849444798,1.6237203415055521
1,6445,0.817508475,0.06640250849444798,0.7511059665055521
1,6446,-0.596779256,-0.004528278447137177,-0.5922509775528628
1,6447,0.376279539,0.23367756627066025,0.14260197272933975
1,6448,0.599806528,0.23367756627066025,0.36612896172933973
1,6449,-0.596779256,0.23367756627066025,-0.8304568222706603
1,6450,0.282552045,0.23367756627066025,0.048874478729339726
1,6451,0.862808938,0.23367756627066025,0.6291313717293398
1,6452,-0.596779256,0.23367756627066025,-0.8304568222706603
1,6453,-0.596779256,0.23367756627066025,-0.8304568222706603
1,6454,-0.596779256,0.13284996562212315,-0.7296292216221232
1,6457,-0.312177803,0.16776009252520435,-0.4799378955252043
1,6458,1.230083899,-0.06094607669956481,1.291029975699565
1,6459,0.905362182,0.005650438010507128,0.8997117439894928
1,6460,-0.596779256,0.005650438010507128,-0.6024296940105072
1,6461,0.717064053,0.4843802215423822,0.23268383145761778
1,6462,-0.596779256,0.14996973875812603,-0.7467489947581261
1,6463,-0.596779256,0.06640250849444798,-0.663181764494448
1,6464,0.532907021,0.06640250849444798,0.466504512505552
1,6465,0.599806528,0.06640250849444798,0.533404019505552
1,6466,0.532907021,0.06640250849444798,0.466504512505552
1,6467,0.282552045,-0.004528278447137177,0.28708032344713713
1,6468,-0.596779256,0.23367756627066025,-0.8304568222706603
1,6469,0.282552045,0.23367756627066025,0.048874478729339726
1,6470,-0.312177803,0.23367756627066025,-0.5458553692706603
1,6471,-0.596779256,0.23367756627066025,-0.8304568222706603
1,6472,0.282552045,0.23367756627066025,0.048874478729339726
1,6473,-1.083308655,0.23367756627066025,-1.3169862212706602
1,6474,-0.596779256,0.23367756627066025,-0.8304568222706603
1,6475,-0.596779256,0.13284996562212315,-0.7296292216221232
1,6478,-0.596779256,0.16776009252520435,-0.7645393485252043
1,6479,-1.083308655,-0.06094607669956481,-1.022362578300435
1,6480,1.349338334,0.005650438010507128,1.343687895989493
1,6481,-1.083308655,0.005650438010507128,-1.088959093010507
1,6482,0.532907021,0.4843802215423822,0.048526799457617786
1,6483,-0.596779256,0.14996973875812603,-0.7467489947581261
1,6484,-0.596779256,0.06640250849444798,-0.663181764494448
1,6485,0.282552045,0.06640250849444798,0.216149536505552
1,6486,-0.596779256,0.06640250849444798,-0.663181764494448
1,6487,-0.596779256,0.06640250849444798,-0.663181764494448
1,6488,-0.596779256,-0.004528278447137177,-0.5922509775528628
1,6489,-0.596779256,0.23367756627066025,-0.8304568222706603
1,6490,1.230083899,0.23367756627066025,0.9964063327293398
1,6491,0.717064053,0.23367756627066025,0.4833864867293397
1,6492,-0.596779256,0.23367756627066025,-0.8304568222706603
1,6493,-0.596779256,0.23367756627066025,-0.8304568222706603
1,6494,-1.083308655,0.23367756627066025,-1.3169862212706602
1,6495,-0.596779256,0.23367756627066025,-0.8304568222706603
1,6496,-1.083308655,0.13284996562212315,-1.216158620622123
1,6499,-0.312177803,0.16776009252520435,-0.4799378955252043
1,6500,1.947194754,-0.06094607669956481,2.0081408306995647
1,6501,0.905362182,0.005650438010507128,0.8997117439894928
1,6502,-0.312177803,0.005650438010507128,-0.3178282410105071
1,6503,-0.596779256,0.4843802215423822,-1.0811594775423823
1,6504,0.376279539,0.14996973875812603,0.22630980024187397
1,6505,-0.596779256,0.06640250849444798,-0.663181764494448
1,6506,0.905362182,0.06640250849444798,0.838959673505552
1,6507,-0.312177803,0.06640250849444798,-0.37858031149444793
1,6508,-1.083308655,0.06640250849444798,-1.149711163494448
1,6509,-0.596779256,-0.004528278447137177,-0.5922509775528628
1,6510,-1.083308655,0.23367756627066025,-1.3169862212706602
1,6511,-0.312177803,0.23367756627066025,-0.5458553692706603
1,6512,-0.596779256,0.23367756627066025,-0.8304568222706603
1,6513,-0.596779256,0.23367756627066025,-0.8304568222706603
1,6514,-0.596779256,0.23367756627066025,-0.8304568222706603
1,6515,-0.596779256,0.23367756627066025,-0.8304568222706603
1,6516,0.376279539,0.23367756627066025,0.14260197272933975
1,6517,-1.083308655,0.13284996562212315,-1.216158620622123
1,6520,-1.083308655,0.16776009252520435,-1.2510687475252042
1,6521,0.376279539,-0.06094607669956481,0.4372256156995648
1,6522,2.32785952,0.005650438010507128,2.322209081989493
1,6523,-0.596779256,0.005650438010507128,-0.6024296940105072
1,6524,-0.596779256,0.4843802215423822,-1.0811594775423823
1,6525,-1.083308655,0.14996973875812603,-1.233278393758126
1,6526,-0.312177803,0.06640250849444798,-0.37858031149444793
1,6527,1.304037873,0.06640250849444798,1.237635364505552
1,6528,-0.596779256,0.06640250849444798,-0.663181764494448
1,6529,-0.596779256,0.06640250849444798,-0.663181764494448
1,6530,-0.596779256,-0.004528278447137177,-0.5922509775528628
1,6531,-0.312177803,0.23367756627066025,-0.5458553692706603
1,6532,-0.596779256,0.23367756627066025,-0.8304568222706603
1,6533,-0.596779256,0.23367756627066025,-0.8304568222706603
1,6534,-0.596779256,0.23367756627066025,-0.8304568222706603
1,6535,-0.596779256,0.23367756627066025,-0.8304568222706603
1,6536,1.053682897,0.23367756627066025,0.8200053307293398
1,6537,-0.596779256,0.23367756627066025,-0.8304568222706603
1,6538,-0.596779256,0.13284996562212315,-0.7296292216221232
1,6541,-0.596779256,0.16776009252520435,-0.7645393485252043
1,6542,1.857466778,-0.06094607669956481,1.918412854699565
1,6543,-0.596779256,0.005650438010507128,-0.6024296940105072
1,6544,-0.596779256,0.005650438010507128,-0.6024296940105072
1,6545,-0.596779256,0.4843802215423822,-1.0811594775423823
1,6546,-1.083308655,0.14996973875812603,-1.233278393758126
1,6547,-0.596779256,0.06640250849444798,-0.663181764494448
1,6548,-0.596779256,0.06640250849444798,-0.663181764494448
1,6549,-0.596779256,0.06640250849444798,-0.663181764494448
1,6550,-1.083308655,0.06640250849444798,-1.149711163494448
1,6551,-0.596779256,-0.004528278447137177,-0.5922509775528628
1,6559,2.419543597,0.6259175082042521,1.793626088795748
1,6562,2.026741692,0.4828450740286852,1.5438966179713147
1,6563,2.599648637,0.4389224420164544,2.1607261949835457
1,6564,0.599806528,0.3948917878511888,0.20491474014881123
1,6565,0.532907021,0.3948917878511888,0.1380152331488112
1,6566,1.888668072,0.4843802215423822,1.4042878504576177
1,6567,-1.083308655,0.4122847639384638,-1.4955934189384639
1,6568,-0.312177803,0.6225293875891614,-0.9347071905891614
1,6569,0.282552045,0.6225293875891614,-0.33997734258916146
1,6570,-0.596779256,0.6225293875891614,-1.2193086435891614
1,6571,1.857466778,0.6225293875891614,1.2349373904108387
1,6573,-1.083308655,0.12328763693244724,-1.206596291932447
1,6574,-0.596779256,0.12328763693244724,-0.7200668929324473
1,6575,-0.596779256,0.12328763693244724,-0.7200668929324473
1,6576,-0.596779256,0.12328763693244724,-0.7200668929324473
1,6577,-0.596779256,0.12328763693244724,-0.7200668929324473
1,6578,-0.596779256,0.12328763693244724,-0.7200668929324473
1,6579,-0.596779256,0.12328763693244724,-0.7200668929324473
1,6580,-0.596779256,0.05045426705216066,-0.6472335230521606
1,6581,-0.596779256,0.027963713929196235,-0.6247429699291963
1,6583,-0.596779256,0.13015365491776723,-0.7269329109177672
1,6584,-1.083308655,-0.1384368184288243,-0.9448718365711757
1,6585,-1.083308655,-0.09749083176149904,-0.9858178232385009
1,6586,-1.083308655,-0.09749083176149904,-0.9858178232385009
1,6587,0.282552045,0.2500737727777906,0.03247827222220939
1,6588,-0.596779256,0.08084943425825894,-0.677628690258259
1,6589,-0.596779256,0.011949096631141048,-0.6087283526311411
1,6590,-1.083308655,0.011949096631141048,-1.095257751631141
1,6591,-1.083308655,0.011949096631141048,-1.095257751631141
1,6592,-0.312177803,0.011949096631141048,-0.32412689963114105
1,6593,-0.596779256,-0.039723330569300185,-0.5570559254306998
1,6601,0.862808938,0.08507605187059639,0.7777328861294036
1,6604,2.294428749,0.13761054334310766,2.1568182056568923
1,6605,-1.083308655,-0.2095062537297927,-0.8738024012702073
1,6606,-0.596779256,-0.08025866778312167,-0.5165205882168784
1,6607,-0.596779256,-0.08025866778312167,-0.5165205882168784
1,6608,-0.312177803,0.22289476848422973,-0.5350725714842297
1,6609,-0.596779256,0.024078816221778522,-0.6208580722217786
1,6610,-0.596779256,-0.1584565829583703,-0.43832267304162975
1,6611,-0.596779256,-0.1584565829583703,-0.43832267304162975
1,6612,-0.596779256,-0.1584565829583703,-0.43832267304162975
1,6613,-0.312177803,-0.1584565829583703,-0.15372122004162966
1,6622,0.282552045,0.08507605187059639,0.1974759931294036
1,6625,2.37519747,0.13761054334310766,2.237586926656892
1,6626,0.532907021,-0.2095062537297927,0.7424132747297927
1,6627,-0.596779256,-0.08025866778312167,-0.5165205882168784
1,6628,-0.596779256,-0.08025866778312167,-0.5165205882168784
1,6629,-0.596779256,0.22289476848422973,-0.8196740244842298
1,6630,-1.083308655,0.024078816221778522,-1.1073874712217784
1,6631,-0.596779256,-0.1584565829583703,-0.43832267304162975
1,6632,-0.596779256,-0.1584565829583703,-0.43832267304162975
1,6633,2.134942144,-0.1584565829583703,2.29339872695837
1,6634,1.469962359,-0.1584565829583703,1.6284189419583703
1,6643,1.147410391,0.08507605187059639,1.0623343391294036
1,6646,0.532907021,0.13761054334310766,0.39529647765689235
1,6647,-0.312177803,-0.2095062537297927,-0.10267154927020727
1,6648,-1.083308655,-0.08025866778312167,-1.0030499872168783
1,6649,-0.596779256,-0.08025866778312167,-0.5165205882168784
1,6650,-1.083308655,0.22289476848422973,-1.3062034234842297
1,6651,-0.596779256,0.024078816221778522,-0.6208580722217786
1,6652,-0.596779256,-0.1584565829583703,-0.43832267304162975
1,6653,-1.083308655,-0.1584565829583703,-0.9248520720416297
1,6654,-0.596779256,-0.1584565829583703,-0.43832267304162975
1,6655,-0.596779256,-0.1584565829583703,-0.43832267304162975
1,6664,-0.596779256,0.08507605187059639,-0.6818553078705964
1,6667,-0.596779256,0.13761054334310766,-0.7343897993431077
1,6668,1.451243555,-0.2095062537297927,1.6607498087297927
1,6669,0.945482446,-0.08025866778312167,1.0257411137831216
1,6670,-1.083308655,-0.08025866778312167,-1.0030499872168783
1,6671,-1.083308655,0.22289476848422973,-1.3062034234842297
1,6672,-0.596779256,0.024078816221778522,-0.6208580722217786
1,6673,0.282552045,-0.1584565829583703,0.44100862795837026
1,6674,-0.596779256,-0.1584565829583703,-0.43832267304162975
1,6675,-1.083308655,-0.1584565829583703,-0.9248520720416297
1,6676,-0.596779256,-0.1584565829583703,-0.43832267304162975
1,6685,-0.596779256,0.08507605187059639,-0.6818553078705964
1,6688,-0.596779256,0.13761054334310766,-0.7343897993431077
1,6689,1.147410391,-0.2095062537297927,1.3569166447297927
1,6690,-0.596779256,-0.08025866778312167,-0.5165205882168784
1,6691,-0.596779256,-0.08025866778312167,-0.5165205882168784
1,6692,-0.312177803,0.22289476848422973,-0.5350725714842297
1,6693,-0.596779256,0.024078816221778522,-0.6208580722217786
1,6694,-0.312177803,-0.1584565829583703,-0.15372122004162966
1,6695,-0.596779256,-0.1584565829583703,-0.43832267304162975
1,6696,0.282552045,-0.1584565829583703,0.44100862795837026
1,6697,-1.083308655,-0.1584565829583703,-0.9248520720416297
1,6710,-0.312177803,-0.15281434134303648,-0.1593634616569635
1,6711,-0.312177803,-0.07134801469978026,-0.24082978830021973
1,6712,-0.596779256,-0.07134801469978026,-0.5254312413002198
1,6713,-0.596779256,0.13599488734480747,-0.7327741433448075
1,6714,1.370937379,0.07853618123376908,1.2924011977662309
1,6730,0.282552045,-0.15281434134303648,0.4353663863430365
1,6731,-1.083308655,-0.07134801469978026,-1.0119606403002197
1,6732,1.451243555,-0.07134801469978026,1.5225915696997803
1,6733,-0.596779256,0.13599488734480747,-0.7327741433448075
1,6734,1.965667228,0.07853618123376908,1.887131046766231
1,6742,0.033087447,0.20534517725569137,-0.17225773025569138
1,6745,-0.728493611,-0.1957607023588989,-0.5327329086411011
1,6746,-1.486993581,-0.03051439649986173,-1.4564791845001381
1,6747,0.466414027,0.0832838840303275,0.3831301429696725
1,6748,-0.222117819,0.035754970057866146,-0.25787278905786615
1,6749,-1.556293443,-0.07258349655941429,-1.4837099464405856
1,6751,-0.935541568,-0.2305809770916765,-0.7049605909083235
1,6752,0.011949753,0.035754970057866146,-0.023805217057866146
1,6764,-1.001444567,0.029680854036758023,-1.0311254210367582
1,6765,-1.128355165,0.03775224301200155,-1.1661074080120017
1,6766,-0.782040816,0.010610111703200338,-0.7926509277032003
1,6785,0.903261167,-0.2246314731301724,1.1278926401301725
1,6786,1.012311029,-0.1722880288889129,1.1845990578889127
1,6787,0.695298514,-0.17104363438828568,0.8663421483882856
1,6788,0.792704694,-0.18961486874092034,0.9823195627409204
1,6789,0.377501582,-0.18461544462481186,0.5621170266248119
1,6790,-1.197033562,-0.20491320305857166,-0.9921203589414285
1,6791,1.13677193,-0.06499234994299906,1.201764279942999
1,6793,0.147650659,-0.12266411599815219,0.27031477499815215
1,6794,-1.510811657,-0.20690141797609704,-1.303910239023903
1,6795,1.279020378,-0.1722880288889129,1.4513084068889128
1,6797,1.359927679,-0.32772360535908196,1.6876512843590818
1,6799,0.253421229,0.1547125514747118,0.09870867752528822
1,6803,-1.608889119,0.20534517725569137,-1.8142342962556914
1,6806,-0.656689436,-0.1957607023588989,-0.4609287336411011
1,6807,0.295510246,0.0832838840303275,0.21222636196967248
1,6808,-0.974089331,0.035754970057866146,-1.0098443010578662
1,6809,-0.656689436,0.035754970057866146,-0.6924444060578661
1,6817,-1.608889119,0.010610111703200338,-1.6194992307032003
1,6828,0.612910141,0.1547125514747118,0.45819758952528816
1,6829,1.513234205,-0.1722880288889129,1.6855222338889129
1,6830,1.053314627,-0.23061722509008475,1.2839318520900846
1,6831,1.167704881,-0.10636496480061734,1.2740698458006172
1,6832,-0.774570874,0.004887355887595435,-0.7794582298875955
1,6834,0.605187859,-0.16989385456360384,0.7750817135636039
1,6835,0.605187859,-0.17005836140674124,0.7752462204067413
1,6838,0.526884846,0.20418905544081728,0.3226957905591827
1,6839,0.494541172,-0.1722880288889129,0.6668292008889128
1,6840,0.000539429,0.20418905544081728,-0.20364962644081727
1,6861,0.901445602,0.534406253927824,0.367039348072176
1,6862,2.205244227,0.7030428943300157,1.5022013326699843
1,6863,-1.401169513,0.30694798873889184,-1.7081175017388919
1,6864,0.863322835,0.3578745982585058,0.5054482367414941
1,6865,0.726080875,0.5001445415737934,0.22593633342620656
1,6866,1.32842059,0.34536781153072904,0.9830527784692709
1,6867,0.649835341,0.3586462117187227,0.29118912928127727
1,6868,1.015813902,0.4692603797767839,0.5465535222232162
1,6869,0.924319262,0.4924979022717889,0.4318213597282111
1,6870,2.068002266,0.6312176865002699,1.4367845794997303
1,6871,0.832824622,0.6832686146788469,0.14955600732115304
1,6872,0.939568369,0.35448990582692796,0.585078463173072
1,6873,1.313171483,0.5535613044985832,0.7596101785014169
1,6874,1.39704157,0.4490080531355909,0.9480335168644092
1,6875,2.23574244,0.5161620250975926,1.7195804149024077
1,6876,1.046312116,0.5016671952278267,0.5446449207721733
1,6877,2.037504053,0.7444700788505694,1.2930339741494308
1,6878,0.055120179,0.48344448843540494,-0.42832430943540495
1,6879,0.230484906,0.5323935777484071,-0.30190867174840713
1,6880,-1.204789014,0.12431322718469144,-1.3291022411846913
1,6881,-1.078860772,0.0399650733136108,-1.1188258453136108
1,6882,-1.132830019,0.054059048817070285,-1.1868890678170703
1,6883,-1.069865897,0.1678562630967033,-1.2377221600967032
1,6884,-1.213783889,0.14797432746269884,-1.3617582164626987
1,6885,-2.293168825,-0.03532600558923894,-2.257842819410761
1,6886,-0.359270814,0.19482625464134573,-0.5540970686413458
1,6887,-2.715927925,-0.015356671465829828,-2.70057125353417
1,6888,-0.889968408,0.12534918772445566,-1.0153175957244556
1,6889,-1.204789014,0.0861635078896327,-1.2909525218896327
1,6890,-0.593137551,0.008655413136990357,-0.6017929641369903
1,6891,-1.420666002,0.11225645314280039,-1.5329224551428002
1,6892,-1.024891525,0.041641172877848964,-1.0665326978778489
1,6893,-0.916953031,0.04599089151945468,-0.9629439225194547
1,6894,-1.474635249,0.1153582292859961,-1.5899934782859961
1,6895,-1.11484027,0.04077917559084206,-1.155619445590842
1,6896,-0.809014538,0.05068200533724585,-0.8596965433372459
1,6897,-0.674091421,0.1390138100393843,-0.8131052310393843
1,6898,-1.024891525,0.1570189066291883,-1.1819104316291882
1,6899,-1.123835144,-0.03448402851194297,-1.089351115488057
1,6900,-0.43122981,0.20737108389574058,-0.6386008938957406
1,6901,-2.203220081,-0.014308748081515272,-2.188911332918485
1,6902,-0.827004287,0.05262272367465913,-0.8796270106746591
1,6903,-1.249763387,0.06701982716907397,-1.316783214169074
1,6904,-0.43122981,0.015163721484229228,-0.4463935314842292
1,6905,-1.627548115,0.014293870338622915,-1.6418419853386228
1,6906,-1.069865897,0.014181347627842858,-1.0840472446278429
1,6907,-1.294737759,0.03900644978056897,-1.3337442087805689
1,6908,-1.222778763,-0.0093816738136128,-1.2133970891863872
1,6909,-1.708501985,-0.037911990177155845,-1.6705899948228442
1,6910,-0.701076044,-0.03774351990367856,-0.6633325240963215
1,6911,-2.104276461,0.0183127863320821,-2.122589247332082
1,6912,-1.483630123,0.04132180160255703,-1.524951924602557
1,6913,-1.933373846,-0.11885833023136949,-1.8145155157686306
1,6914,-0.862983785,0.0833137600623595,-0.9462975450623594
1,6915,-1.105845395,-0.10740408109006284,-0.9984413139099372
1,6916,-0.871978659,-0.04785281591231371,-0.8241258430876863
1,6917,-1.123835144,-0.024165821547272193,-1.0996693224527279
1,6918,-0.835999161,-0.08359411241824091,-0.7524050485817592
1,6919,-0.970922278,-0.09891779434181053,-0.8720044836581895
1,6920,-0.449219559,-0.06326430435991853,-0.38595525464008146
1,6921,-0.440224685,-0.04125839449746904,-0.39896629050253096
1,6922,-1.0338864,0.14787751752269215,-1.1817639175226922
1,6923,-1.384686504,0.05636856258116179,-1.441055066581162
1,6924,0.009519039,0.042045427975442196,-0.032526388975442196
1,6925,-1.861414851,0.17840096991764726,-2.039815820917647
1,6926,-1.11484027,0.16527843042010165,-1.2801187004201016
1,6927,-1.735486608,-0.10805024517200444,-1.6274363628279955
1,6928,-1.024891525,0.2253364947519357,-1.2502280197519355
1,6929,-1.96035847,-0.05923942580345243,-1.9011190441965478
1,6930,-1.204789014,0.007784058374370414,-1.2125730723743704
1,6931,-1.393681378,0.0880680115685211,-1.481749389568521
1,6932,-0.907958157,-0.05875420102498462,-0.8492039559750154
1,6933,-0.844994036,0.13652454607987763,-0.9815185820798776
1,6934,-0.377260563,0.059899607734497984,-0.437160170734498
1,6935,-0.557158053,0.023220063998409896,-0.5803781169984099
1,6936,0.117457533,0.12106569845670553,-0.003608165456705531
1,6937,0.83704749,0.0494848915854012,0.7875625984145989
1,6938,0.900011611,0.033328627536936516,0.8666829834630635
1,6939,0.792073118,0.15781528880047366,0.6342578291995263
1,6940,-1.888399474,0.16445771659595423,-2.0528571905959545
1,6941,-0.287311819,-0.11379297873498631,-0.1735188402650137
1,6942,0.783078243,0.23308691470604426,0.5499913282939557
1,6943,-0.620122174,-0.06314902992368922,-0.5569731440763108
1,6944,1.430709205,-0.010593277198737929,1.4413024821987381
1,6945,0.270370399,0.05915509599697107,0.2112153030030289
1,6946,1.835478556,-0.05712678435951929,1.8926053403595193
1,6947,0.83704749,-0.0012771044955674042,0.8383245944955674
1,6948,-0.017465585,0.027963994649052804,-0.0454295796490528
1,6949,1.313775837,0.007919735916032117,1.3058561010839678
1,6950,0.720114122,0.24806380586502294,0.47205031613497705
1,6951,0.25238065,0.24523709473714186,0.00714355526285812
1,6952,0.081478035,-0.011589295590307502,0.0930673305903075
1,6953,0.953980858,0.19163974597751368,0.7623411120224863
1,6954,1.34076046,-0.026109674580357223,1.3668701345803573
1,6955,1.808493933,0.1476359182442034,1.6608580147557968
1,6956,1.034934728,0.11137076816390366,0.9235639598360964
1,6957,1.17885272,0.284844851761303,0.8940078682386972
1,6958,1.034934728,0.1363500892355774,0.8985846387644227
1,6959,1.673570816,0.13846098010063776,1.5351098358993622
1,6960,0.171426779,-0.0022375977411455447,0.17366437674114554
1,6961,0.891016737,-0.07026566179645657,0.9612823987964565
1,6962,0.783078243,-0.07876116292208017,0.8618394059220801
1,6963,0.855037239,0.02965851147462658,0.8253787275253733
1,6964,0.468257637,0.041675504310062436,0.42658213268993755
1,6965,-0.197363074,-0.21638918726628545,0.01902611326628545
1,6966,1.727540062,0.09756979898676776,1.6299702630132322
1,6967,-0.053445082,-0.1841380445644275,0.1306929625644275
1,6968,1.538647699,-0.12823634177336857,1.6668840407733685
1,6969,0.504237135,-0.0560371810628483,0.5602743160628483
1,6970,1.961406799,-0.15443135464220784,2.115838153642208
1,6971,0.180421654,-0.13508684221627307,0.3155084962162731
1,6972,-0.134398953,-0.09063055029536454,-0.043768402704635445
1,6973,0.099467784,-0.08271061930028234,0.18217840330028234
1,6974,0.450267888,0.1039250067685164,0.3463428812314836
1,6975,-0.35027594,0.1053046647795007,-0.4555806047795007
1,6976,0.036503662,-0.12565453940584873,0.16215820140584872
1,6977,0.75609362,0.07976136448927398,0.6763322555107261
1,6978,1.070914226,-0.12838933756741341,1.1993035635674134
1,6979,1.799499058,0.015579557423765603,1.7839195005762345
1,6980,0.639160252,-0.024754264091153486,0.6639145160911535
1,6981,0.91800136,0.1379964729163686,0.7800048870836314
1,6982,0.513232009,-0.0022375977411455447,0.5154696067411455
1,6983,1.250811716,0.015579557423765603,1.2352321585762345
1,6984,-1.060871023,0.19543788666608472,-1.2563089096660847
1,6985,-1.555589119,0.07715249081216669,-1.6327416098121668
1,6986,-1.123835144,0.05897142406459362,-1.1828065680645936
1,6987,-0.026460459,0.21398797073017742,-0.2404484297301774
1,6988,-0.719065793,0.2114231117192617,-0.9304889047192617
1,6989,-1.35770188,-0.05653399974099303,-1.301167880259007
1,6990,-0.062439957,0.2373698363836132,-0.2998097933836132
1,6991,-2.778892047,0.0017334326281721367,-2.780625479628172
1,6992,-1.168809517,0.1654738285821979,-1.3342833455821979
1,6993,-0.458214434,0.12493721999699098,-0.583151653996991
1,6994,-0.85398891,0.0037821301161286925,-0.8577710401161287
1,6995,-1.996337968,0.16052569291667776,-2.156863660916678
1,6996,-1.27674801,0.08117835971235662,-1.3579263697123565
1,6997,-0.197363074,0.06182387476260786,-0.25918694876260784
1,6998,-1.204789014,0.17811322087804718,-1.382902234878047
1,6999,-1.807445604,0.07357003875013014,-1.8810156427501301
1,7000,-0.116409204,0.05209378746663738,-0.1685029914666374
1,7001,-0.647106797,0.20415097286261677,-0.8512577698626167
1,7002,-0.997906902,0.21524045357551666,-1.2131473555755166
1,7003,-0.952932529,-0.06003268259496714,-0.8928998464050328
1,7004,0.792073118,0.24705974895612837,0.5450133690438717
1,7005,-2.841856168,0.0015299343101177157,-2.843386102310118
1,7006,-1.078860772,0.06493933437461458,-1.1438001063746146
1,7007,-0.871978659,0.10002220131314904,-0.9720008603131491
1,7008,-0.701076044,0.0035694193396803866,-0.7046454633396804
1,7009,-1.492624997,0.05983589535487835,-1.5524608923548784
1,7010,-1.069865897,0.0630139413524169,-1.1328798383524168
1,7011,0.090472909,0.04891101210130655,0.041561896898693454
1,7012,-1.258758261,0.002696764716130532,-1.2614550257161306
1,7013,-0.77303504,-0.05506837220202637,-0.7179666677979737
1,7014,-0.440224685,-0.06258080971638931,-0.3776438752836107
1,7015,-0.305301568,0.034071516816294,-0.339373084816294
1,7016,-1.519609621,0.04692139791954892,-1.566531018919549
1,7017,-1.501619872,-0.1866792381517456,-1.3149406338482543
1,7018,-0.098419455,0.10413504020033867,-0.2025544952003387
1,7019,-1.735486608,-0.15193651190238075,-1.5835500960976192
1,7020,-0.584142676,-0.09194967939819991,-0.4921929966018001
1,7021,-0.809014538,-0.026990868586629434,-0.7820236694133705
1,7022,-0.260327195,-0.1362821892927921,-0.12404500570720792
1,7023,-1.186799266,-0.11525697778986993,-1.07154228821013
1,7024,-1.213783889,-0.06792990260391822,-1.1458539863960817
1,7025,0.162431905,-0.06042942180340624,0.22286132680340623
1,7026,-0.952932529,0.2341259652870835,-1.1870584942870834
1,7027,-0.925947906,0.13467565704027737,-1.0606235630402774
1,7028,-0.413240061,0.09751453338601411,-0.5107545943860141
1,7029,-0.952932529,0.266339455244153,-1.219271984244153
1,7030,-1.402676253,0.2727086334189519,-1.675384886418952
1,7031,-0.889968408,-0.03151531967532795,-0.858453088324672
1,7032,0.279365273,0.2821549489938261,-0.0027896759938260685
1,7033,-2.284173951,0.03993409478603216,-2.324108045786032
1,7034,-0.566152927,0.10660435813186353,-0.6727572851318635
1,7035,-0.997906902,0.1445446571950818,-1.1424515591950817
1,7036,0.018513913,0.0387251898305004,-0.020211276830500398
1,7037,-1.447650625,0.10134273505731517,-1.5489933600573154
1,7038,-1.420666002,0.10379629893001209,-1.524462300930012
1,7039,-0.539168304,0.08674666787996507,-0.6259149718799651
1,7040,-1.213783889,0.14274489987576294,-1.356528788875763
1,7041,-1.474635249,0.05941948289624853,-1.5340547318962485
1,7042,-0.656101672,0.03199334507268731,-0.6880950170726874
1,7043,-0.521178555,0.1668705319867215,-0.6880490869867215
1,7044,-1.528604495,0.17633994612025827,-1.7049444411202583
1,7045,-1.150819768,-0.10362231573521516,-1.047197452264785
1,7046,0.423283264,0.19460095584367432,0.22868230815632568
1,7047,-3.156676774,-0.031004560132834046,-3.125672213867166
1,7048,-0.764040165,0.030069451042588083,-0.7941096160425881
1,7049,-0.665096546,0.0783837761608451,-0.7434803221608451
1,7050,-0.521178555,-0.0358733004799777,-0.48530525452002227
1,7051,-1.447650625,0.04024355733756751,-1.4878941823375675
1,7052,-1.447650625,0.04985824330904528,-1.4975088683090454
1,7053,-0.35027594,0.02540738493158837,-0.3756833249315884
1,7054,-1.006901776,0.1668705319867215,-1.1737723079867215
1,7055,-1.006901776,0.06685083247450407,-1.0737526084745042
1,7056,-0.098419455,0.029539033422528723,-0.12795848842252872
1,7057,0.07248316,0.18726242621517658,-0.11477926621517658
1,7058,-1.11484027,0.17633994612025827,-1.2911802161202584
1,7059,-0.970922278,-0.10106924323342244,-0.8698530347665775
1,7060,-0.665096546,0.19157440327512934,-0.8566709492751293
1,7061,-2.311158574,-0.034919684119214964,-2.276238889880785
1,7062,-0.764040165,0.11908850656048223,-0.8831286715604822
1,7063,-0.638111923,0.1057356034452358,-0.7438475264452358
1,7064,-0.395250312,-0.037235351964565955,-0.35801496003543404
1,7065,-1.447650625,0.14022112786786228,-1.5878717528678623
1,7066,-1.141824893,0.06480771515386752,-1.2066326081538674
1,7067,0.189416528,0.03794667381554372,0.15146985418445627
1,7068,-0.062439957,0.2077374837734585,-0.2701774407734585
1,7069,1.025939854,0.11356392205569657,0.9123759319443034
1,7070,0.774083369,0.07478624812509974,0.6992971208749003
1,7071,0.25238065,0.24422394543797935,0.008156704562020639
1,7072,-0.233342572,0.24427215939114613,-0.47761473139114613
1,7073,-0.916953031,-0.07595898626098876,-0.8409940447390113
1,7074,0.360319143,0.27032944219803773,0.08998970080196228
1,7075,-0.26932207,-0.016980795958910926,-0.2523412740410891
1,7076,1.421714331,0.031186641202419717,1.3905276897975802
1,7077,0.090472909,0.10842633163347418,-0.017953422633474173
1,7078,1.34076046,-0.01666410430657696,1.357424564306577
1,7079,0.234390901,0.05198396162088203,0.18240693937911798
1,7080,-0.476204182,0.08201232114795981,-0.5582165031479598
1,7081,1.106893724,0.05221190178740065,1.0546818222125993
1,7082,0.171426779,0.29071334522968273,-0.11928656622968273
1,7083,-0.647106797,0.30664054181011186,-0.9537473388101119
1,7084,-0.377260563,0.030860211341384,-0.408120774341384
1,7085,0.171426779,0.26852550460974406,-0.09709872560974406
1,7086,0.792073118,0.014851220680765453,0.7772218973192345
1,7087,1.583622071,0.2028930223280058,1.380729048671994
1,7088,0.306349896,0.16404526732155303,0.14230462867844698
1,7089,0.810062867,0.3388915827344395,0.4711712842655605
1,7090,0.612175628,0.21326439399086594,0.3989112340091341
1,7091,1.160862971,0.18861027217074058,0.9722526988292595
1,7092,0.57619613,0.09878066635506189,0.47741546364493814
1,7093,0.91800136,0.03824807417390937,0.8797532858260906
1,7094,1.583622071,0.01343409965905348,1.5701879713409466
1,7095,-0.044450208,0.132786515724856,-0.177236723724856
1,7096,0.288360147,0.13574591791293428,0.15261422908706573
1,7097,-0.080429706,-0.16534261161770775,0.08491290561770774
1,7098,1.088903975,0.18421693472670853,0.9046870402732915
1,7099,-0.782029914,-0.09900807834371742,-0.6830218356562826
1,7100,1.430709205,-0.0463893309028884,1.4770985359028885
1,7101,1.016944979,0.04082947031621029,0.9761155086837897
1,7102,1.727540062,-0.10497266440023252,1.8325127264002326
1,7103,0.135447281,-0.021172501314150473,0.15661978231415047
1,7104,0.423283264,0.011018998005151293,0.4122642659948487
1,7105,0.828052616,-0.017005012981650778,0.8450576289816508
1,7106,1.079909101,0.22165105083397363,0.8582580501660263
1,7107,0.018513913,0.21536281483901082,-0.19684890183901083
1,7108,0.234390901,-0.049625177659694826,0.28401607865969486
1,7109,1.115888599,0.16154115651525985,0.9543474424847402
1,7110,1.52065795,-0.05550867650969333,1.5761666265096932
1,7111,1.889447803,0.10363536485532007,1.7858124381446798
1,7112,0.477252511,0.061153397817979925,0.4160991131820201
1,7113,1.556637448,0.25133797640334804,1.305299471596652
1,7114,-0.907958157,0.11009956958135968,-1.0180577265813597
1,7115,1.457693828,0.09784180847030996,1.3598520195296901
1,7116,0.369314018,0.132786515724856,0.23652750227514402
1,7117,0.351324269,0.046294578053720475,0.3050296909462795
1,7118,0.144442156,0.010979788008894875,0.1334623679911051
1,7119,-0.215352823,0.1561481257295743,-0.3715009487295743
1,7120,-0.116409204,0.13574591791293428,-0.25215512191293427
1,7121,-0.00847071,-0.16278953911591507,0.15431882911591507
1,7122,0.018513913,0.18119038215816355,-0.16267646915816356
1,7123,-0.566152927,-0.1027645901660983,-0.4633883368339017
1,7124,1.502668201,0.05225139270632263,1.4504168082936775
1,7125,0.603180754,0.07158959163830464,0.5315911623616953
1,7126,1.09789885,-0.10658121397212861,1.2044800639721287
1,7127,-0.125404078,0.11349652086639732,-0.2389005988663973
1,7128,-0.386255438,0.04684708153738445,-0.43310251953738443
1,7129,0.855037239,-0.002356891989882687,0.8573941309898826
1,7130,1.60161182,0.23912767606899485,1.3624841439310051
1,7131,0.108462658,0.21536281483901082,-0.10690015683901082
1,7132,0.189416528,-0.05338168948207579,0.2427982174820758
1,7133,1.169857845,0.16154115651525985,1.00831668848474
1,7134,0.864032113,-0.04537816878397724,0.9094102817839773
1,7135,1.853468305,0.10370769752819015,1.74976060747181
1,7136,0.75609362,0.06680535556118769,0.6892882644388123
1,7137,1.655581067,0.25133797640334804,1.4042430905966519
1,7138,1.232821967,0.1354855010996439,1.0973364659003562
1,7139,0.864032113,0.10370769752819015,0.7603244154718098
1,7140,-0.080429706,0.0852522688710186,-0.1656819748710186
1,7141,0.423283264,-0.012158977453176373,0.43544224145317634
1,7142,0.846042365,0.002255052349978815,0.8437873126500212
1,7143,0.018513913,0.12051579903493412,-0.10200188603493412
1,7144,-0.026460459,0.1023737479954831,-0.1288342069954831
1,7145,-0.152388702,-0.1039740537213819,-0.04841464827861809
1,7146,0.081478035,0.1765090945196971,-0.09503105951969709
1,7147,-0.647106797,-0.07553853627252488,-0.571568260727475
1,7148,1.574627196,0.09363192262417545,1.4809952733758245
1,7149,0.684134624,0.03642770075240929,0.6477069232475907
1,7150,1.187847594,-0.05607144042364047,1.2439190344236404
1,7151,-0.035455333,0.07557176229650554,-0.11102709529650553
1,7152,-0.530173429,-0.009050388603410784,-0.5211230403965892
1,7153,0.540216633,0.004622274427089878,0.5355943585729102
1,7154,0.432278139,0.20531930414657326,0.22695883485342674
1,7155,-0.602132425,0.18157574844794008,-0.7837081734479401
1,7156,0.369314018,-0.02020338568336172,0.38951740368336174
1,7157,0.819057741,0.14474743383813254,0.6743103071618675
1,7158,0.783078243,-0.05011405961319522,0.8331923026131952
1,7159,1.538647699,0.10864059158820397,1.430007107411796
1,7160,0.648155126,0.060410381997231394,0.5877447440027687
1,7161,0.819057741,0.20860932695468104,0.6104484140453189
1,7162,0.180421654,0.08333548464046386,0.09708616935953612
1,7163,0.558206382,0.11130328367848419,0.44690309832151576
1,7164,0.108462658,0.055447065622088884,0.05301559237791112
1,7165,-0.161383576,-0.013560265339871055,-0.14782331066012894
1,7166,1.061919352,-0.0011219911298455934,1.0630413431298458
1,7167,-0.404245187,0.08701446622169261,-0.4912596532216926
1,7168,0.279365273,0.1002266752091362,0.17913859779086383
1,7169,-0.647106797,-0.10422498064430814,-0.5428818163556918
1,7170,1.169857845,0.18103118599755527,0.9888266590024446
1,7171,0.234390901,-0.07558351688843251,0.3099744178884325
1,7172,1.439704079,-0.010048614054631057,1.449752693054631
1,7173,0.018513913,0.022285760446765435,-0.0037718474467654355
1,7174,1.511663075,-0.05563694650894771,1.5673000215089476
1,7175,0.693129499,-0.029894020049433142,0.7230235190494331
1,7176,0.027508788,-0.02144558161724014,0.04895436961724014
1,7177,0.162431905,-0.006466385882055169,0.16889829088205516
1,7178,0.944985984,0.1948669890566875,0.7501189949433125
1,7179,0.243385775,0.17965223382248383,0.06373354117751617
1,7180,0.135447281,-0.018843002402602716,0.15429028340260273
1,7181,1.079909101,0.1462028526763816,0.9337062483236183
1,7182,1.403724582,-0.06295015256424506,1.466674734564245
1,7183,1.880452928,0.12055153674390634,1.7599013912560937
1,7184,0.486247386,0.07163590631531488,0.41461147968468515
1,7185,1.385734833,0.20727875619422476,1.1784560768057752
1,7186,0.33333452,0.07367825589442552,0.2596562641055745
1,7187,1.124883473,0.12055633802750092,1.004327134972499
1,7188,0.099467784,-0.02772822781808768,0.12719601181808768
1,7189,0.33333452,-0.06856761022343069,0.4019021302234307
1,7190,0.054493411,-0.057988654431652575,0.11248206543165257
1,7191,-0.800019663,0.012821244903318567,-0.8128409079033186
1,7192,0.063488286,0.023096971094971167,0.04039131490502884
1,7193,0.126452407,-0.16503494845116046,0.29148735545116045
1,7194,1.286791213,0.10285826676983044,1.1839329462301698
1,7195,-0.764040165,-0.14648845718173448,-0.6175517078182655
1,7196,1.385734833,-0.08671667388691753,1.4724515068869177
1,7197,0.594185879,-0.03789035607335956,0.6320762350733595
1,7198,1.592616945,-0.1262845192444284,1.7189014642444285
1,7199,0.603180754,-0.11971956657517001,0.7229003205751701
1,7200,0.117457533,-0.0810348953968038,0.1984924283968038
1,7201,0.306349896,-0.0587243784473959,0.36507427444739593
1,7202,0.729108996,0.08885987204174402,0.640249123958256
1,7203,0.378308892,0.08798682631097425,0.29032206568902574
1,7204,0.25238065,-0.08973769775897301,0.342118347758973
1,7205,0.810062867,0.06319526390592288,0.7468676030940771
1,7206,1.25980659,-0.10368230675420317,1.3634888967542032
1,7207,1.592616945,0.037438564523147276,1.5551783804768529
1,7208,0.720114122,-0.007496299550016887,0.7276104215500169
1,7209,1.331765586,0.12223747102648637,1.2095281149735135
1,7210,0.531221758,-0.02772822781808768,0.5589499858180877
1,7211,1.052924477,0.037438564523147276,1.0154859124768527
1,7212,-0.035455333,0.091813112061899,-0.127268445061899
1,7213,0.036503662,0.01815635750496963,0.01834730449503037
1,7214,0.07248316,0.025019895718384373,0.04746326428161563
1,7215,0.810062867,0.1349698982053091,0.6750929687946908
1,7216,0.090472909,0.13721568716731786,-0.04674277816731785
1,7217,0.027508788,-0.09786895588069532,0.1253777438806953
1,7218,0.567201256,0.20227817330288694,0.3649230826971131
1,7219,-0.35027594,-0.060135067055323906,-0.2901408729446761
1,7220,1.160862971,0.01608079337035723,1.1447821776296427
1,7221,0.054493411,0.04031968528716488,0.014173725712835115
1,7222,1.25980659,-0.046009272480121904,1.305815862480122
1,7223,0.369314018,-0.017728248944482116,0.3870422669444821
1,7224,-0.359270814,-0.002719724894926759,-0.3565510891050732
1,7225,0.846042365,0.008976425206513754,0.8370659397934862
1,7226,0.648155126,0.22081901311662383,0.4273361128833762
1,7227,-1.27674801,0.211284947800767,-1.488032957800767
1,7228,-0.161383576,-0.007998616734833585,-0.1533849592651664
1,7229,0.900011611,0.17397074641560403,0.726040864584396
1,7230,0.549211507,-0.04891518215773737,0.5981266891577374
1,7231,1.889447803,0.1337299707540392,1.7557178322459608
1,7232,0.971970607,0.08286228416838184,0.8891083228316182
1,7233,0.594185879,0.23976308643474062,0.3544227925652593
1,7234,0.594185879,0.09927419603710406,0.4949116829628959
1,7235,0.998955231,0.13207423726895523,0.8668809937310449
1,7236,0.306349896,0.03852605957340014,0.26782383642659985
1,7237,0.324339645,-0.03033760676751848,0.35467725176751846
1,7238,0.441273013,-0.023821326113563735,0.46509433911356374
1,7239,0.49524226,0.07156504209655931,0.4236772179034407
1,7240,0.432278139,0.07721767282388885,0.35506046617611114
1,7241,-0.665096546,-0.1321823101294749,-0.5329142358705251
1,7242,0.477252511,0.13590571968492357,0.3413467913150764
1,7243,-0.242337446,-0.0972993813352574,-0.14503806466474262
1,7244,1.25980659,-0.03584438129618861,1.2956509712961886
1,7245,0.594185879,0.0035239787267789284,0.5906619002732211
1,7246,1.511663075,-0.07672896034143672,1.5883920353414367
1,7247,0.666144875,-0.052499296107214995,0.718644171107215
1,7248,0.099467784,-0.040125589668000644,0.13959337366800065
1,7249,1.17885272,-0.023899706045716885,1.202752426045717
1,7250,1.079909101,0.16696970972371075,0.9129393912762892
1,7251,-0.062439957,0.14996516412767913,-0.21240512112767912
1,7252,-0.620122174,-0.041194936476372776,-0.5789272375236273
1,7253,0.980965482,0.12002088324268961,0.8609445987573103
1,7254,1.007950105,-0.08436168500357696,1.0923117900035768
1,7255,1.934422175,0.08960141123607891,1.844820763763921
1,7256,2.006381171,0.17598476867855115,1.830396402321449
1,7257,0.324339645,0.056891765914447015,0.267447879085553
1,7258,1.016944979,0.08829036199841225,0.9286546170015878
1,7259,-0.701076044,0.07156504209655931,-0.7726410860965593
1,7260,-0.782029914,-0.01929240128162727,-0.7627375127183728
1,7261,-0.107414329,-0.026275637763722322,-0.08113869123627768
1,7262,-1.186799266,0.0946334544983963,-1.2814327204983962
1,7263,-0.548163178,0.08448813798385921,-0.6326513159838593
1,7264,-0.161383576,-0.12962923762768225,-0.03175433837231775
1,7265,-0.341281065,0.13590571968492357,-0.4771867846849236
1,7266,-1.078860772,-0.10121450532163842,-0.9776462666783616
1,7267,1.34076046,0.05982788791587064,1.2809325720841294
1,7268,0.720114122,0.02199377696665897,0.6981203450333411
1,7269,1.52065795,-0.07809101182602496,1.5987489618260249
1,7270,0.288360147,0.06855668003803636,0.21980346696196365
1,7271,-0.251332321,-0.026616515006440546,-0.22471580599355948
1,7272,1.124883473,-0.009366968617205993,1.134250441617206
1,7273,1.547642573,0.18390652511058186,1.3637360478894183
1,7274,-0.359270814,0.14996516412767913,-0.5092359781276792
1,7275,0.081478035,-0.04511006046275374,0.12658809546275374
1,7276,0.765088494,0.12354468172222664,0.6415438122777734
1,7277,1.088903975,-0.07132000827257307,1.1602239832725731
1,7278,1.907437552,0.08823485438510108,1.819202697614899
1,7279,0.41428839,0.036925445560591144,0.3773629444394089
1,7280,1.709550314,0.17598476867855115,1.5335655453214487
1,7281,0.261375524,0.07156504209655931,0.18981048190344071
1,7282,0.702124373,0.08823485438510108,0.6138895186148989
1,7283,-1.735486608,0.177636580032314,-1.913123188032314
1,7284,-1.429660876,0.07679816957003825,-1.5064590455700382
1,7285,-1.483630123,0.07422270747669811,-1.557852830476698
1,7286,-1.681517361,0.21930942715797055,-1.9008267881579706
1,7287,-1.501619872,0.21888918605082527,-1.7205090580508253
1,7288,-2.589999683,-0.041207123228900286,-2.5487925597710994
1,7289,-0.997906902,0.24176532621203922,-1.2396722282120392
1,7290,-1.933373846,0.006479107108979095,-1.9398529531089792
1,7291,-0.656101672,0.07548991995777209,-0.7315915919577721
1,7292,-1.35770188,0.09846716543749384,-1.4561690454374938
1,7293,-0.26932207,0.02489385165101934,-0.29421592165101934
1,7294,-1.573578868,0.0463683270201048,-1.6199471950201048
1,7295,-1.294737759,0.04668597028411221,-1.3414237292841122
1,7296,-1.303732634,0.05828519727769002,-1.36201783127769
1,7297,-1.465640374,0.0926283098252222,-1.5582686838252222
1,7298,-0.916953031,0.012505887833816792,-0.9294589188338168
1,7299,-1.168809517,0.007858860516089888,-1.1766683775160898
1,7300,-0.979917153,0.1259267066800984,-1.1058438596800984
1,7301,-1.582573742,0.13175320582658545,-1.7143269478265855
1,7302,-1.762471232,-0.09587139906402933,-1.6665998329359706
1,7303,-0.485199057,0.15558667636476653,-0.6407857333647665
1,7304,-0.395250312,-0.05103612875730401,-0.344214183242696
1,7305,0.522226884,0.011577245883289683,0.5106496381167103
1,7306,-1.069865897,0.04548131042673278,-1.1153472074267328
1,7307,0.711119248,-0.03215862992898746,0.7432778779289875
1,7308,-0.871978659,-0.009154707287718788,-0.8628239517122812
1,7309,-1.465640374,-0.009790669555320965,-1.455849704444679
1,7310,0.207406277,0.011854638757206732,0.19555163824279326
1,7311,-1.564583993,0.1259267066800984,-1.6905106996800985
1,7312,0.090472909,0.024312054541427187,0.06616085445857281
1,7313,-0.215352823,0.005404548865931308,-0.2207573718659313
1,7314,-0.943937655,0.1471242753667827,-1.0910619303667828
1,7315,-1.726491734,0.13902367098655583,-1.8655154049865557
1,7316,-1.528604495,-0.09331832656223661,-1.4352861684377634
1,7317,-0.341281065,0.15558667636476653,-0.4968677413647665
1,7318,-0.053445082,-0.05495125274368495,0.001506170743684955
1,7319,0.531221758,0.11370141342136643,0.41752034457863363
1,7320,-0.701076044,0.06627773681179824,-0.7673537808117983
1,7321,0.621170503,-0.03352068141357571,0.6546911844135757
1,7322,-0.943937655,0.09624974725040898,-1.040187402250409
1,7323,-1.060871023,0.007534701010170935,-1.068405724010171
1,7324,-0.395250312,0.02463856607682876,-0.41988887807682873
1,7325,-1.411671127,0.1259267066800984,-1.5375978336800984
1,7326,-0.683086295,0.024312054541427187,-0.7073983495414271
1,7327,-0.395250312,0.005404548865931308,-0.4006548608659313
1,7328,-1.35770188,0.14914117547505104,-1.5068430554750512
1,7329,-1.384686504,0.13902367098655583,-1.5237101749865558
1,7330,-2.059302089,-0.09331832656223661,-1.9659837624377634
1,7331,-0.871978659,0.15558667636476653,-1.0275653353647667
1,7332,-1.015896651,-0.05495125274368495,-0.9609453982563151
1,7333,0.369314018,0.11411780039099606,0.25519621760900396
1,7334,-1.303732634,0.06627773681179824,-1.370010370811798
1,7335,0.83704749,-0.03352068141357571,0.8705681714135757
1,7336,-1.015896651,0.09624974725040898,-1.112146398250409
1,7337,-1.348707006,0.007534701010170935,-1.3562417070101709
1,7338,-0.467209308,0.02463856607682876,-0.49184787407682873
1,7339,-1.726491734,0.10010353405437272,-1.8265952680543727
1,7340,-0.476204182,0.02328342339479311,-0.4994876053947931
1,7341,0.162431905,0.01302514511057408,0.14940675988942592
1,7342,-0.467209308,0.12459361522942115,-0.5918029232294212
1,7343,-1.321722383,0.12029584737369073,-1.4420182303736908
1,7344,-1.519609621,-0.06471611504700668,-1.4548935059529935
1,7345,0.117457533,0.14820898994448897,-0.03075145694448897
1,7346,-0.43122981,-0.04033432385295737,-0.3908954861470426
1,7347,0.594185879,0.11173140899723774,0.4824544700027622
1,7348,-1.258758261,0.06409478051130454,-1.3228530415113047
1,7349,0.801067992,-0.013522804591432876,0.8145907965914329
1,7350,-1.015896651,0.08301889642611888,-1.098915547426119
1,7351,-1.438655751,0.01636022173024092,-1.455015972730241
1,7352,-1.0338864,0.02775946946046315,-1.0616458694604631
1,7353,-0.00847071,0.132786515724856,-0.141257225724856
1,7354,-0.152388702,0.046294578053720475,-0.19868328005372046
1,7355,0.558206382,0.010979788008894875,0.5472265939911051
1,7356,0.729108996,0.1561481257295743,0.5729608702704257
1,7357,-0.017465585,0.13574591791293428,-0.15321150291293428
1,7358,-0.026460459,-0.16278953911591507,0.13632908011591507
1,7359,1.547642573,0.18119038215816355,1.3664521908418366
1,7360,-0.952932529,-0.09900807834371742,-0.8539244506562826
1,7361,1.376739958,0.049373713705170665,1.3273662442948293
1,7362,1.034934728,0.07158959163830464,0.9633451363616954
1,7363,1.142873222,-0.10658121397212861,1.2494544359721287
1,7364,-0.143393827,0.11349652086639732,-0.2568903478663973
1,7365,-0.251332321,0.04684708153738445,-0.29817940253738445
1,7366,0.657150001,-0.002356891989882687,0.6595068929898826
1,7367,-0.341281065,0.22622415717554348,-0.5675052221755434
1,7368,-0.206357948,0.21536281483901082,-0.42172076283901083
1,7369,0.909006486,-0.05338168948207579,0.9623881754820758
1,7370,1.151868096,0.16154115651525985,0.9903269394847403
1,7371,1.439704079,-0.04537816878397724,1.4850822477839771
1,7372,1.826483682,0.10370769752819015,1.72277598447181
1,7373,0.324339645,0.06680535556118769,0.2575342894388123
1,7374,0.962975733,0.25133797640334804,0.7116377565966518
1,7375,0.67513975,0.1354855010996439,0.5396542489003562
1,7376,0.900011611,0.10370769752819015,0.79630391347181
1,7377,-1.087855646,0.1668705319867215,-1.2547261779867214
1,7378,-1.294737759,0.06685083247450407,-1.361588591474504
1,7379,-0.449219559,0.029539033422528723,-0.4787585924225287
1,7380,-0.359270814,0.18726242621517658,-0.5465332402151766
1,7381,-1.024891525,0.17633994612025827,-1.2012314711202583
1,7382,-0.530173429,-0.10106924323342244,-0.42910418576657755
1,7383,-0.017465585,0.19157440327512934,-0.20903998827512935
1,7384,-2.014327717,-0.034919684119214964,-1.979408032880785
1,7385,-0.557158053,0.11968139410946593,-0.6768394471094659
1,7386,-0.485199057,0.1057356034452358,-0.5909346604452358
1,7387,0.261375524,-0.037235351964565955,0.298610875964566
1,7388,-1.555589119,0.14022112786786228,-1.6958102468678622
1,7389,-1.231773638,0.058615267288527756,-1.2903889052885278
1,7390,-0.143393827,0.03794667381554372,-0.18134050081554373
1,7391,-0.521178555,0.07156504209655931,-0.5927435970965593
1,7392,-0.017465585,-0.01929240128162727,0.001826816281627272
1,7393,-0.287311819,-0.026275637763722322,-0.2610361812362777
1,7394,-0.440224685,0.0946334544983963,-0.5348581394983963
1,7395,0.558206382,0.08448813798385921,0.4737182440161407
1,7396,-0.413240061,-0.12962923762768225,-0.28361082337231774
1,7397,0.873026988,0.13590571968492357,0.7371212683150764
1,7398,-0.889968408,-0.10121450532163842,-0.7887539026783615
1,7399,1.547642573,0.06810937581031765,1.4795331971896823
1,7400,-0.062439957,0.02199377696665897,-0.08443373396665897
1,7401,1.439704079,-0.07809101182602496,1.517795090826025
1,7402,0.243385775,0.06855668003803636,0.17482909496196364
1,7403,-0.08942458,-0.030472015382567233,-0.05895256461743277
1,7404,0.738103871,-0.009366968617205993,0.747470839617206
1,7405,1.286791213,0.18390652511058186,1.1028846878894183
1,7406,0.387303767,0.14996516412767913,0.2373386028723209
1,7407,0.432278139,-0.04511006046275374,0.47738819946275374
1,7408,1.115888599,0.12354468172222664,0.9923439172777734
1,7409,1.205837343,-0.07132000827257307,1.2771573512725731
1,7410,1.817488807,0.08823485438510108,1.729253952614899
1,7411,0.567201256,0.036925445560591144,0.5302758104394089
1,7412,1.484678452,0.17598476867855115,1.3086936833214489
1,7413,0.33333452,0.07156504209655931,0.26176947790344074
1,7414,0.612175628,0.08823485438510108,0.523940773614899
1,7415,-1.708501985,0.09756244397980678,-1.806064428979807
1,7416,-1.771466106,-0.01201405365910941,-1.7594520523408907
1,7417,-0.970922278,-0.02354101277738114,-0.9473812652226188
1,7418,-1.096850521,0.12044070284852473,-1.2172912238485247
1,7419,-1.762471232,0.11487287051179995,-1.8773441025117998
1,7420,-1.888399474,-0.11896238652631562,-1.7694370874736844
1,7421,-0.053445082,0.1299716956792228,-0.1834167776792228
1,7422,-2.356132947,-0.07836845229395648,-2.2777644947060436
1,7423,-0.737055542,0.0901124482561928,-0.8271679902561928
1,7424,-1.213783889,0.024383907213381167,-1.238167796213381
1,7425,-0.485199057,-0.06173312287374594,-0.42346593412625405
1,7426,-1.645537863,0.06425134887492125,-1.7097892118749212
1,7427,-1.564583993,-0.022183639374716225,-1.542400353625284
1,7428,-0.952932529,-0.011244691322259609,-0.9416878376777404
1,7429,-1.132830019,0.07552313386860846,-1.2083531528686084
1,7430,-0.404245187,-0.011586518814564049,-0.39265866818543593
1,7431,-0.242337446,-0.015517063479528137,-0.22682038252047187
1,7432,-0.584142676,0.09938595157966472,-0.6835286275796647
1,7433,-0.93494278,0.09756658892136691,-1.032509368921367
1,7434,-0.800019663,-0.08636252630423953,-0.7136571366957605
1,7435,-0.35027594,0.1228451434050244,-0.4731210834050244
1,7436,-1.222778763,-0.05975387469638284,-1.1630248883036172
1,7437,0.666144875,0.09092946264461257,0.5752154123553874
1,7438,-0.871978659,0.02498670382614092,-0.8969653628261409
1,7439,0.711119248,-0.03770454369389991,0.7488237916938999
1,7440,-0.988912027,0.050105614341368704,-1.0390176413413688
1,7441,-1.330717257,-0.017090558207799655,-1.3136266987922005
1,7442,-1.051876148,-0.005338035025371717,-1.0465381129746283
1,7443,0.360319143,0.08403993019974684,0.27627921280025314
1,7444,0.477252511,-0.009523543748158269,0.48677605474815827
1,7445,0.549211507,-0.03582247947929686,0.5850339864792968
1,7446,0.387303767,0.10706533027823037,0.2802384367217696
1,7447,0.693129499,0.08509171002658346,0.6080377889734165
1,7448,-0.188368199,-0.1874539381790729,-0.0009142608209270764
1,7449,1.646586192,0.12204729200173858,1.5245388999982614
1,7450,-0.69208117,-0.1295988631587306,-0.5624823068412694
1,7451,1.304780962,0.012981035998876506,1.2917999260011235
1,7452,1.169857845,0.024350860559797665,1.1455069844402022
1,7453,1.403724582,-0.12577947257143918,1.5295040545714391
1,7454,0.243385775,0.052312371123912356,0.19107340387608765
1,7455,-0.017465585,-0.011897814439844827,-0.005567770560155172
1,7456,0.873026988,-0.04449187931278616,0.9175188673127862
1,7457,0.513232009,0.16897679686719452,0.34425521213280547
1,7458,-0.314296442,0.14994500533665114,-0.4642414473366512
1,7459,0.57619613,-0.07913607098397694,0.6553322009839769
1,7460,1.034934728,0.11375261974460434,0.9211821082553957
1,7461,1.070914226,-0.09681284386758585,1.167727069867586
1,7462,1.772514435,0.05824828732954597,1.714266147670454
1,7463,0.962975733,0.02005909635880037,0.9429166366411996
1,7464,1.430709205,0.1865860725026749,1.2441231324973252
1,7465,0.49524226,0.08316012082648758,0.41208213917351244
1,7466,1.214832218,0.05824828732954597,1.156583930670454
1,7467,-1.231773638,0.12201118554725253,-1.3537848235472525
1,7468,-1.627548115,0.018012021500211937,-1.645560136500212
1,7469,-0.871978659,-0.01204630359588752,-0.8599323554041125
1,7470,-1.600563491,0.14221242269057408,-1.742775913690574
1,7471,-1.411671127,0.12955514970371707,-1.541226276703717
1,7472,-1.303732634,-0.12338738719595294,-1.180345246804047
1,7473,-0.359270814,0.14022984304598798,-0.499500657045988
1,7474,-1.969353344,-0.06296055449619986,-1.9063927895038
1,7475,-0.575147802,0.08316415529999595,-0.658311957299996
1,7476,-0.800019663,0.061374084513398826,-0.8613937475133989
1,7477,0.099467784,-0.055074778920326445,0.15454256292032645
1,7478,-1.402676253,0.0795745537831358,-1.482250806783136
1,7479,-1.4566455,0.013642531399073524,-1.4702880313990736
1,7480,0.423283264,5.8041612365756405e-05,0.4232252223876342
1,7481,-0.844994036,0.03668359791022023,-0.8816776339102202
1,7482,-0.287311819,-0.061005512604367346,-0.22630630639563268
1,7483,-0.323291316,-0.062475130999508056,-0.2608161850004919
1,7484,0.036503662,0.05556704969926695,-0.01906338769926695
1,7485,-0.152388702,0.051262777139513126,-0.20365147913951312
1,7486,0.045498537,-0.14902246850839615,0.19452100550839616
1,7487,1.070914226,0.09277726916996347,0.9781369568300365
1,7488,-0.907958157,-0.12239058196837026,-0.7855675750316298
1,7489,1.106893724,0.03453705441048779,1.0723566695895124
1,7490,0.891016737,-0.024347896772474464,0.9153646337724745
1,7491,1.448698954,-0.09680103117754144,1.5454999851775413
1,7492,-0.071434831,0.016252901442398743,-0.08768773244239875
1,7493,0.07248316,-0.06463819990817066,0.13712135990817065
1,7494,0.747098745,-0.04402366673502756,0.7911224117350275
1,7495,0.962975733,0.13303494730488913,0.8299407856951109
1,7496,-0.530173429,0.1012337361577586,-0.6314071651577586
1,7497,0.720114122,-0.06811442535091926,0.7882285473509193
1,7498,1.241816841,0.0879625308235899,1.15385431017641
1,7499,1.412719456,-0.0999805648823193,1.5127000208823194
1,7500,1.664575941,0.05397003471953517,1.610605906280465
1,7501,0.423283264,0.005356260710268301,0.4179270032897317
1,7502,1.106893724,0.12925182093639043,0.9776419030636097
1,7503,0.540216633,0.03668359791022023,0.5035330350897798
1,7504,0.405293516,0.05397003471953517,0.35132348128046487
1,7505,-2.032317466,0.11159484981784647,-2.1439123158178464
1,7506,-1.627548115,-0.005999858812648071,-1.621548256187352
1,7507,-0.952932529,-0.02027067275964096,-0.932661856240359
1,7508,-1.051876148,0.13743663695019717,-1.1893127849501972
1,7509,-1.816440478,0.13472338828021135,-1.9511638662802113
1,7510,-1.663527612,-0.11326207093178572,-1.5502655410682142
1,7511,-0.647106797,0.15121315208515132,-0.7983199490851512
1,7512,-1.834430227,-0.07266813669942654,-1.7617620903005733
1,7513,-0.476204182,0.10444543645949754,-0.5806496184594975
1,7514,-1.393681378,0.025534941172659975,-1.41921631917266
1,7515,0.018513913,-0.056032807279216015,0.07454672027921602
1,7516,-1.186799266,0.0825638272916874,-1.2693630932916873
1,7517,-1.582573742,-0.019670388390323524,-1.5629033536096764
1,7518,-1.465640374,-0.012129174235433178,-1.4535111997645667
1,7519,-1.096850521,0.0861251892692711,-1.182975710269271
1,7520,-0.287311819,-0.011098111767453098,-0.2762137072325469
1,7521,-0.521178555,-0.015261947905766599,-0.5059166070942334
1,7522,0.594185879,0.11295153524396023,0.48123434375603974
1,7523,-0.683086295,0.11115221525276373,-0.7942385102527637
1,7524,-0.413240061,-0.08263077153797242,-0.33060928946202756
1,7525,-0.08942458,0.13457861087780684,-0.22400319087780685
1,7526,-1.564583993,-0.04994448143434649,-1.5146395115656537
1,7527,0.198411403,0.09192098921388657,0.10649041378611342
1,7528,-0.997906902,0.027008535356933164,-1.0249154373569331
1,7529,1.079909101,-0.03397278892763283,1.1138818899276328
1,7530,-1.231773638,0.059203472425728355,-1.2909771104257284
1,7531,-1.339712132,-0.017055076915487574,-1.3226570550845125
1,7532,-0.755045291,-0.00708085244956558,-0.7479644385504344
1,7533,-0.683086295,0.0033123852197113127,-0.6863986802197113
1,7534,-0.530173429,0.14670365747833708,-0.6768770864783371
1,7535,1.142873222,-0.05783116524139164,1.2007043872413916
1,7536,0.594185879,0.1061063437195155,0.4880795352804845
1,7537,0.612175628,0.0583709903573336,0.5538046376426664
1,7538,-0.00847071,0.17144812710677074,-0.17991883710677073
1,7539,-0.134398953,0.08983622013371552,-0.2242351731337155
1,7540,-0.035455333,0.10865941622130819,-0.14411474922130818
1,7541,-0.143393827,0.11739872304134517,-0.26079255004134516
1,7542,-0.458214434,0.0029975841042602373,-0.46121201810426027
1,7543,0.657150001,-0.019103726972748626,0.6762537279727486
1,7544,0.081478035,0.14369480189795383,-0.06221676689795383
1,7545,-0.116409204,0.13267687994476093,-0.24908608394476095
1,7546,-0.413240061,-0.15591112989793493,-0.25732893110206506
1,7547,0.027508788,0.1613521360573744,-0.13384334805737438
1,7548,-0.332286191,-0.09743707700134728,-0.23484911399865271
1,7549,1.394729707,0.05989285604165565,1.3348368509583444
1,7550,0.090472909,0.03556486190103502,0.054908047098964984
1,7551,1.232821967,-0.10025085794442191,1.333072824944422
1,7552,0.07248316,0.08190591829623196,-0.009422758296231959
1,7553,-0.026460459,0.00035564576722404875,-0.02681610476722405
1,7554,0.729108996,-0.033631970560099006,0.762740966560099
1,7555,0.33333452,0.2138353829675168,0.11949913703248322
1,7556,0.027508788,0.1860175852997513,-0.1585087972997513
1,7557,0.567201256,-0.04929541149998186,0.6164966674999819
1,7558,0.621170503,0.15526015116701264,0.46591035183298735
1,7559,0.684134624,-0.08339986261310606,0.7675344866131061
1,7560,1.952411924,0.0988472946878875,1.8535646293121124
1,7561,1.169857845,0.060658103717141906,1.109199741282858
1,7562,0.83704749,0.2236726264216441,0.6133748635783559
1,7563,0.91800136,0.12066940181947015,0.7973319581805298
1,7564,1.223827092,0.0988472946878875,1.1249797973121125
1,7565,-1.375691629,0.15359772492933224,-1.5292893539293324
1,7566,-1.681517361,0.029996856144137437,-1.7115142171441375
1,7567,-1.060871023,0.010633973303007895,-1.0715049963030079
1,7568,-0.755045291,0.1825401847271766,-0.9375854757271765
1,7569,-1.645537863,0.17091140661281656,-1.8164492696128165
1,7570,-1.330717257,-0.0965830584750043,-1.2341341985249958
1,7571,-0.35027594,0.1804888273420196,-0.5307647673420196
1,7572,-1.969353344,-0.03178073607662483,-1.937572607923375
1,7573,-0.809014538,0.11820370939190303,-0.9272182473919031
1,7574,-0.880973534,0.07591879124341866,-0.9568923252434187
1,7575,0.666144875,-0.03166296596189056,0.6978078409618905
1,7576,-1.519609621,0.10915211643674873,-1.628761737436749
1,7577,-1.438655751,0.029198857903474255,-1.4678546089034743
1,7578,-0.422234936,0.02738464951925184,-0.44961958551925185
1,7579,-0.683086295,0.05344039061943786,-0.7365266856194378
1,7580,-0.359270814,-0.05152737982490026,-0.30774343417509975
1,7581,-0.728060668,-0.05476030842293922,-0.6733003595770608
1,7582,0.000524164,0.07442662469099065,-0.07390246069099066
1,7583,-0.629117048,0.06761007066554203,-0.696727118665542
1,7584,0.117457533,-0.14392044414071267,0.26137797714071265
1,7585,0.783078243,0.11034325650884995,0.67273498649115
1,7586,-0.764040165,-0.1112109191049175,-0.6528292458950825
1,7587,1.016944979,0.037607574283101686,0.9793374047168983
1,7588,-0.116409204,-0.019348768397194495,-0.0970604356028055
1,7589,0.684134624,-0.09017678041108787,0.7743114044110879
1,7590,-0.503188806,0.026247051357299687,-0.5294358573572997
1,7591,-0.152388702,-0.05968725659617642,-0.09270144540382357
1,7592,0.594185879,-0.03913252470950725,0.6333184037095072
1,7593,0.288360147,0.14454748629338676,0.14381266070661325
1,7594,-1.060871023,0.1227965184186597,-1.1836675414186597
1,7595,0.57619613,-0.06301240098323573,0.6392085309832357
1,7596,0.953980858,0.09823218585384964,0.8557486721461504
1,7597,0.998955231,-0.09253635035500624,1.0914915813550063
1,7598,1.853468305,0.05981104086386411,1.793657264136136
1,7599,0.513232009,0.011197266854597258,0.5020347421454028
1,7600,1.538647699,0.14630166693575314,1.392346032064247
1,7601,0.15343703,0.054273775394487106,0.0991632546055129
1,7602,0.882021862,0.06236411336565683,0.8196577486343432
1,7603,-0.907958157,0.17780000846010158,-1.0857581654601016
1,7604,-0.188368199,0.09549808937626424,-0.2838662883762642
1,7605,0.018513913,0.06403154503753561,-0.04551763203753561
1,7606,0.315344771,0.21113049150880817,0.10421427949119186
1,7607,-0.6111273,0.21456445949856312,-0.8256917594985631
1,7608,0.081478035,-0.09519865879885824,0.17667669379885825
1,7609,1.088903975,0.24142038567764568,0.8474835893223543
1,7610,-0.035455333,-0.033039730144100755,-0.002415602855899243
1,7611,1.736534937,0.025239590157188536,1.7112953468428116
1,7612,-0.305301568,0.1003036387153107,-0.40560520671531075
1,7613,1.349755335,-0.03199330560679724,1.3817486406067971
1,7614,-0.260327195,0.047163376410258286,-0.3074905714102583
1,7615,-0.305301568,0.0630248916094485,-0.36832645960944854
1,7616,0.036503662,0.049775713530210396,-0.013272051530210396
1,7617,0.432278139,0.28582528143843766,0.14645285756156234
1,7618,-0.305301568,0.26691059426204294,-0.572212162262043
1,7619,0.846042365,0.013405559868507127,0.8326368051314929
1,7620,0.962975733,0.24821720002278766,0.7147585329772123
1,7621,0.989960356,-0.0013776785251353562,0.9913380345251354
1,7622,1.295786088,0.18613693952137558,1.1096491484786244
1,7623,0.846042365,0.12942997174882834,0.7166123932511717
1,7624,0.846042365,0.3021094135504933,0.5439329514495066
1,7625,0.306349896,0.18332691867750894,0.12302297732249107
1,7626,0.621170503,0.18655494518857949,0.43461555781142047
1,7627,-1.834430227,0.003907457777724701,-1.8383376847777246
1,7628,-1.807445604,-0.007135551410707619,-1.8003100525892923
1,7629,-1.249763387,0.014616003515226845,-1.2643793905152267
1,7630,-1.798450729,0.12023723096377566,-1.9186879599637756
1,7631,-1.771466106,0.1328901709897983,-1.9043562769897984
1,7632,-2.616984306,-0.04072711534064395,-2.576257190659356
1,7633,-1.240768512,0.14563641028723318,-1.3864049222872332
1,7634,-1.690512236,0.0006737456779000772,-1.6911859816779
1,7635,0.243385775,0.05545786004461975,0.18792791495538025
1,7636,-1.402676253,0.0511424168614109,-1.453818669861411
1,7637,0.108462658,0.03128562752478882,0.07717703047521118
1,7638,-1.717496859,-0.008078594960335002,-1.709418264039665
1,7639,-1.546594244,0.0003516768622346815,-1.5469459208622347
1,7640,-1.186799266,0.0287980455836063,-1.2155973115836063
1,7641,-0.997906902,-0.0416376153012248,-0.9562692866987752
1,7642,-0.898963283,-0.04957409712728315,-0.8493891858727168
1,7643,-1.105845395,-0.03743971141024364,-1.0684056835897564
1,7644,-0.638111923,0.06678264261501213,-0.7048945656150121
1,7645,-0.215352823,0.07074025901424427,-0.28609308201424427
1,7646,-0.835999161,-0.09075776073495224,-0.7452414002650478
1,7647,-0.170378451,0.11735771125041694,-0.2877361622504169
1,7648,-1.53759937,-0.05409754915304958,-1.4835018208469504
1,7649,-1.429660876,-0.009542558960139681,-1.4201183170398604
1,7650,-1.105845395,-0.0031323382349099727,-1.10271305676509
1,7651,0.962975733,-0.03755848779404285,1.0005342207940429
1,7652,-1.060871023,-0.053081301512247964,-1.007789721487752
1,7653,-0.943937655,-0.04183223799730717,-0.9021054170026929
1,7654,-0.035455333,-0.04421500650357145,0.008759673503571451
1,7655,-1.798450729,-0.0427434259042367,-1.7557073030957633
1,7656,-0.943937655,-0.05365198119020751,-0.8902856738097925
1,7657,-1.168809517,-0.04751406987579101,-1.121295447124209
1,7658,-1.348707006,0.0697992456087584,-1.4185062516087583
1,7659,-1.249763387,0.07026683831074626,-1.3200302253107463
1,7660,-1.339712132,-0.0971935128888989,-1.242518619111101
1,7661,-0.332286191,0.10681237226205395,-0.439098563262054
1,7662,-1.690512236,-0.053238704662519815,-1.6372735313374802
1,7663,-0.494193931,-0.005828623001221035,-0.4883653079987789
1,7664,-1.267753136,-0.002390475735903795,-1.2653626602640962
1,7665,0.207406277,-0.04113914847960063,0.24854542547960062
1,7666,-1.312727508,-0.052222457021718204,-1.2605050509782818
1,7667,-1.330717257,-0.043945466966689876,-1.2867717900333102
1,7668,-1.051876148,-0.05076774064904168,-1.0011084073509584
1,7669,-0.314296442,0.07138997937274495,-0.38568642137274495
1,7670,0.045498537,-0.02205477168120257,0.06755330868120257
1,7671,-0.116409204,-0.014941652970475032,-0.10146755102952497
1,7672,-0.746050417,0.0917492197730842,-0.8377996367730842
1,7673,0.387303767,0.08536817216103171,0.3019355948389683
1,7674,-0.314296442,-0.1209464046758953,-0.19335003732410472
1,7675,0.846042365,0.1622009530969235,0.6838414119030765
1,7676,-0.26932207,-0.08849556756180665,-0.18082650243819337
1,7677,1.115888599,0.07597300984576301,1.039915589154237
1,7678,-0.584142676,0.025642310984943135,-0.6097849869849432
1,7679,1.088903975,-0.07180992509871921,1.1607139000987192
1,7680,0.018513913,0.06288295220771588,-0.04436903920771588
1,7681,-0.539168304,-0.019316028531921572,-0.5198522754680784
1,7682,0.567201256,0.008658424480796793,0.5585428315192033
1,7683,-0.017465585,0.17417289284091494,-0.19163847784091495
1,7684,-0.377260563,0.15818086373337664,-0.5354414267333767
1,7685,0.711119248,-0.04126048009648336,0.7523797280964833
1,7686,-0.143393827,0.12901560794635003,-0.27240943494635006
1,7687,0.117457533,-0.046976126034467276,0.16443365903446727
1,7688,1.52065795,0.09919309131641167,1.4214648586835883
1,7689,0.891016737,0.04762744443489155,0.8433892925651084
1,7690,0.953980858,0.1834364667421112,0.7705443912578888
1,7691,-0.314296442,0.0722340232884394,-0.38653046528843943
1,7692,-0.026460459,0.09919309131641167,-0.12565355031641168
1,7693,-1.69950711,0.17501717290550897,-1.874524282905509
1,7694,-0.791024789,0.06615600816930962,-0.8571807971693096
1,7695,-0.188368199,0.04645779534731711,-0.2348259943473171
1,7696,-1.096850521,0.1950502670015132,-1.2919007880015132
1,7697,-0.548163178,0.18810797560809162,-0.7362711536080917
1,7698,-0.404245187,-0.06369099165840533,-0.3405541953415947
1,7699,0.027508788,0.21607203372832184,-0.18856324572832184
1,7700,-0.368265689,-0.0185860975543532,-0.3496795914456468
1,7701,1.043929603,0.16522384827058376,0.8787057547294163
1,7702,-0.665096546,0.10351251469967132,-0.7686090606996714
1,7703,1.367745084,-0.002227080141316952,1.369972164141317
1,7704,-1.11484027,0.158799884742784,-1.273640154742784
1,7705,-1.4566455,0.05635447855413426,-1.5129999785541344
1,7706,-0.503188806,0.06359062952354007,-0.5667794355235402
1,7707,-0.395250312,0.04119793110521048,-0.43644824310521046
1,7708,-0.566152927,0.23798996303357636,-0.8041428900335763
1,7709,0.063488286,0.00028455292745812824,0.06320373307254187
1,7710,1.079909101,0.1963119677166829,0.883597133283317
1,7711,1.016944979,0.13345939185378028,0.8834855871462197
1,7712,0.477252511,0.2562472345259646,0.2210052764740354
1,7713,-0.539168304,0.18128521690063024,-0.7204535209006303
1,7714,0.000524164,0.1963119677166829,-0.19578780371668292
1,7715,-1.141824893,0.0895318283169221,-1.231356721316922
1,7716,-1.078860772,-0.017310030549905812,-1.0615507414500942
1,7717,-0.51218368,-0.0042649620662846555,-0.5079187179337153
1,7718,-1.069865897,0.11229198818392798,-1.1821578851839278
1,7719,-0.629117048,0.09947221094635696,-0.728589258946357
1,7720,-2.005332842,-0.11076683765874949,-1.8945660043412507
1,7721,0.468257637,0.17507845526919583,0.29317918173080415
1,7722,-1.735486608,-0.08045054881049414,-1.655036059189506
1,7723,-0.593137551,0.08714461197141654,-0.6802821629714165
1,7724,-0.584142676,0.029545964003784946,-0.613688640003785
1,7725,-0.080429706,-0.06117456649148501,-0.01925513950851499
1,7726,-1.429660876,0.07950979876241507,-1.5091706747624152
1,7727,-0.584142676,-0.0075141707573596695,-0.5766285052426403
1,7728,-0.08942458,0.013533581595929187,-0.10295816159592919
1,7729,-0.305301568,0.08179350070779332,-0.3870950687077933
1,7730,0.135447281,0.014460854686453159,0.12098642631354685
1,7731,0.873026988,0.008656288025961478,0.8643706999740385
1,7732,-0.764040165,0.12358774438610494,-0.887627909386105
1,7733,-0.161383576,0.13221631710626428,-0.2935998931062643
1,7734,0.018513913,-0.10537102766364552,0.12388494066364553
1,7735,1.439704079,0.19078882932889699,1.248915249671103
1,7736,-0.188368199,-0.06323260517996783,-0.12513559382003214
1,7737,1.745529811,0.007349584631942425,1.7381802263680575
1,7738,-0.215352823,0.04672075583517707,-0.26207357883517707
1,7739,1.376739958,-0.04794112644010185,1.4246810844401019
1,7740,0.216401152,-0.02470430327889134,0.24110545527889135
1,7741,0.810062867,0.0016824016390017248,0.8083804653609983
1,7742,0.783078243,0.0096279564205399,0.77345028657946
1,7743,0.603180754,0.20369908592718367,0.3994816680728164
1,7744,0.630165377,0.19717731993331286,0.4329880570666871
1,7745,1.511663075,-0.013852954145654428,1.5255160291456544
1,7746,1.268801465,0.1721009024307234,1.0967005625692765
1,7747,1.214832218,-0.049161867418690226,1.2639940854186902
1,7748,1.898442677,0.12448410295365547,1.7739585740463446
1,7749,0.828052616,0.06985334279522834,0.7581992732047717
1,7750,1.60161182,0.2256278710251848,1.3759839489748151
1,7751,0.657150001,0.09079074502640262,0.5663592559735974
1,7752,0.693129499,0.12282836946857152,0.5703011295314284
1,7753,-0.332286191,0.2098164215775369,-0.5421026125775369
1,7754,0.099467784,0.10763885478359046,-0.008171070783590459
1,7755,0.216401152,0.08190245142034716,0.13449870057965285
1,7756,0.558206382,0.23582484643455695,0.322381535565443
1,7757,-0.08942458,0.24196997466142808,-0.3313945546614281
1,7758,-0.656101672,-0.05328126343159366,-0.6028204085684064
1,7759,0.279365273,0.24801939474282733,0.031345878257172693
1,7760,-0.988912027,0.006386872371564418,-0.9952988993715645
1,7761,1.565632322,0.0843878021463378,1.4812445198536621
1,7762,-0.907958157,0.11685840348265801,-1.024816560482658
1,7763,1.322770711,0.02092812690040338,1.3018425840995966
1,7764,0.189416528,0.08391568549165276,0.10550084250834724
1,7765,-0.584142676,0.0685845771365883,-0.6527272531365883
1,7766,-0.377260563,0.07592802805108922,-0.4531885910510892
1,7767,0.000524164,0.3222509259022437,-0.3217267619022437
1,7768,0.054493411,0.2802291686201225,-0.2257357576201225
1,7769,-0.134398953,0.05819552931900952,-0.1925944823190095
1,7770,0.234390901,0.28493527257232415,-0.05054437157232414
1,7771,1.17885272,0.007778196384145201,1.1710745236158548
1,7772,1.547642573,0.21841295265002492,1.3292296203499752
1,7773,1.007950105,0.1513298289699953,0.8566202760300046
1,7774,0.828052616,0.3064178217583899,0.5216347942416102
1,7775,0.063488286,0.2153433317949443,-0.1518550457949443
1,7776,0.774083369,0.2167572191649409,0.557326149835059
1,7777,-0.782029914,0.10803879059990087,-0.8900687045999008
1,7778,-0.566152927,0.027384779780452274,-0.5935377067804523
1,7779,-0.530173429,0.0165135989850907,-0.5466870279850907
1,7780,-1.402676253,0.14677774124540519,-1.5494539942454053
1,7781,-0.35027594,0.15155964907893663,-0.5018355890789367
1,7782,-1.006901776,-0.09624381561949974,-0.9106579603805003
1,7783,0.360319143,0.20375638040970473,0.15656276259029528
1,7784,-1.060871023,-0.052711463660956435,-1.0081595593390436
1,7785,0.585191005,0.01369180330287555,0.5714992016971244
1,7786,0.000524164,0.05251895465402213,-0.05199479065402213
1,7787,0.702124373,-0.03835812280586761,0.7404824958058676
1,7788,-0.575147802,-0.0225155331918092,-0.5526322688081908
1,7789,-0.251332321,0.011165498596555436,-0.26249781959655544
1,7790,-0.098419455,0.013450758562672298,-0.1118702135626723
1,7791,-0.332286191,-0.007664144426555843,-0.3246220465734442
1,7792,-0.43122981,0.18864669221164046,-0.6198765022116405
1,7793,0.594185879,-0.044297829119167575,0.6384837081191675
1,7794,1.142873222,0.13856989502622613,1.0043033269737738
1,7795,-0.43122981,0.08445157422024759,-0.5156813842202476
1,7796,0.612175628,0.24057081878270514,0.3716048092172949
1,7797,-0.368265689,0.11356570081730825,-0.4818313898173083
1,7798,0.07248316,0.13810200040977902,-0.06561884040977901
1,7799,0.801067992,0.19688035417659064,0.6041876378234093
1,7800,-0.988912027,-0.060135067055323906,-0.9287769599446761
1,7801,0.612175628,-0.006182768980086108,0.6183583969800861
1,7802,0.018513913,0.04031968528716488,-0.021805772287164883
1,7803,1.529652824,-0.046009272480121904,1.575662096480122
1,7804,-0.224347697,-0.02798583124288797,-0.19636186575711204
1,7805,0.225396026,-0.002719724894926759,0.22811575089492675
1,7806,0.279365273,0.008976425206513754,0.27038884779348626
1,7807,1.09789885,0.20752557977233524,0.8903732702276648
1,7808,-0.467209308,0.20588712867447073,-0.6730964366744707
1,7809,0.15343703,-0.007998616734833585,0.1614356467348336
1,7810,0.666144875,0.17042655476872573,0.49571832023127427
1,7811,0.729108996,-0.04898113452667289,0.7780901305266729
1,7812,1.934422175,0.12848294182398556,1.8059392331760145
1,7813,-0.080429706,0.07761525523832821,-0.15804496123832823
1,7814,1.214832218,0.23436526730844434,0.9804669506915556
1,7815,0.585191005,0.09250551419960405,0.4926854908003959
1,7816,1.151868096,0.12848294182398556,1.0233851541760144
1,7817,0.594185879,0.20539213471575826,0.38879374428424174
1,7818,-2.248194453,-0.049097243878749273,-2.1990972091212506
1,7819,1.403724582,-0.008193976513873423,1.4119185585138734
1,7820,-0.044450208,0.027265161467249558,-0.07171536946724956
1,7821,1.511663075,-0.045434882367807995,1.5570979573678079
1,7822,0.180421654,-0.014284055091192505,0.1947057090911925
1,7823,-0.755045291,0.005570100556314359,-0.7606153915563143
1,7824,0.57619613,0.0049191015180109965,0.571277028481989
1,7825,0.729108996,0.19243330574396916,0.5366756902560308
1,7826,-0.125404078,0.21428048778261433,-0.3396845657826143
1,7827,0.684134624,-0.013396648828779632,0.6975312728287797
1,7828,0.83704749,0.1716151253225561,0.6654323646774439
1,7829,1.457693828,-0.04475402587311819,1.5024478538731183
1,7830,1.952411924,0.1280593231450136,1.8243526008549864
1,7831,-0.179373325,0.08488852140773041,-0.2642618464077304
1,7832,1.565632322,0.2424380791256101,1.32319424287439
1,7833,1.376739958,0.11219050004964236,1.2645494579503576
1,7834,1.556637448,0.1280593231450136,1.4285781248549865
1,7835,0.558206382,0.2366836184349676,0.32152276356503234
1,7836,-1.096850521,-0.01922762210714387,-1.077622898892856
1,7837,1.286791213,0.027044376966727547,1.2597468360332726
1,7838,-0.485199057,0.05397268834759834,-0.5391717453475984
1,7839,1.376739958,-0.018793114631447116,1.395533072631447
1,7840,-0.017465585,-0.01662142182535849,-0.0008441631746415081
1,7841,-0.6111273,0.033833847758043316,-0.6449611477580434
1,7842,0.198411403,0.02937700169176298,0.169034401308237
1,7843,-0.332286191,0.023016461336846598,-0.3553026523368466
1,7844,0.891016737,0.2166199146060294,0.6743968223939706
1,7845,0.702124373,-0.021155852155421786,0.7232802251554218
1,7846,1.547642573,0.1588520201197397,1.3887905528802604
1,7847,-0.413240061,0.10949406745921791,-0.522734128459218
1,7848,0.909006486,0.27481209501546827,0.6341943909845318
1,7849,-0.053445082,0.14485758607959778,-0.1983026680795978
1,7850,0.603180754,0.1588520201197397,0.44432873388026034
1,7851,0.67513975,0.2231689473463117,0.45197080265368833
1,7852,-0.260327195,-0.04601025078302378,-0.21431694421697622
1,7853,0.953980858,-0.0062838491250181575,0.9602647071250181
1,7854,0.027508788,0.03196734677700753,-0.004458558777007529
1,7855,1.448698954,-0.04126825665928544,1.4899672106592854
1,7856,0.369314018,-0.012852695779729955,0.38216671377973
1,7857,-0.827004287,0.007409519763761723,-0.8344138067637616
1,7858,0.306349896,0.00630554100430217,0.3000443549956978
1,7859,0.081478035,0.20886327602911717,-0.12738524102911716
1,7860,-0.413240061,0.23046305117371788,-0.6437031121737179
1,7861,0.396298641,-0.013213847681684803,0.4095124886816848
1,7862,0.998955231,0.18729747658224782,0.8116577544177522
1,7863,0.989960356,-0.04132035742622095,1.031280713426221
1,7864,1.925427301,0.14178264295997264,1.7836446580400274
1,7865,-0.26932207,0.09746854709005409,-0.3667906170900541
1,7866,1.17885272,0.25862064251671363,0.9202320774832864
1,7867,1.466688703,0.12654446593508956,1.3401442370649104
1,7868,1.889447803,0.14178264295997264,1.7476651600400273
1,7869,-0.053445082,0.23974576622343302,-0.293190848223433
1,7870,-2.679948427,-0.042193568217020284,-2.6377548587829796
1,7871,-0.656101672,0.02013617854532133,-0.6762378505453214
1,7872,-1.474635249,0.06058153765643701,-1.535216786656437
1,7873,-0.080429706,-0.02605529164854825,-0.05437441435145175
1,7874,-1.141824893,0.012849029753453095,-1.154673922753453
1,7875,-1.78046098,0.02109805417545742,-1.8015590341754575
1,7876,-0.827004287,0.028489290670225334,-0.8554935776702253
1,7877,0.621170503,0.259806423134996,0.36136407986500396
1,7878,-0.557158053,-0.022959253978714463,-0.5341987990212855
1,7879,1.358750209,0.02050397000716666,1.3382462389928333
1,7880,-0.494193931,0.10092354049986894,-0.5951174714998689
1,7881,1.358750209,-0.02296710090400094,1.381717309904001
1,7882,0.342329394,0.04315203342189242,0.29917736057810757
1,7883,-0.620122174,0.07450953001435455,-0.6946317040143546
1,7884,0.279365273,0.047520007184517064,0.23184526581548295
1,7885,0.270370399,0.28315284800283763,-0.012782449002837648
1,7886,-0.440224685,0.2954131145242925,-0.7356377995242924
1,7887,-0.062439957,0.023085772374686505,-0.0855257293746865
1,7888,0.891016737,0.26482081403766444,0.6261959229623355
1,7889,0.909006486,0.01015932607788186,0.8988471599221182
1,7890,2.033365794,0.17711112664066944,1.8562546673593303
1,7891,0.000524164,0.1378512319450331,-0.1373270679450331
1,7892,1.295786088,0.32766415544862,0.9681219325513801
1,7893,0.648155126,0.20224825117850231,0.4459068748214977
1,7894,0.926996235,0.17711112664066944,0.7498851083593305
1,7895,0.432278139,0.13590571968492357,0.2963724193150764
1,7896,-1.393681378,-0.10121450532163842,-1.2924668726783615
1,7897,1.349755335,0.06810937581031765,1.2816459591896823
1,7898,0.369314018,0.02199377696665897,0.347320241033341
1,7899,1.151868096,-0.07809101182602496,1.229959107826025
1,7900,-0.125404078,0.06855668003803636,-0.19396075803803636
1,7901,0.531221758,-0.030472015382567233,0.5616937733825673
1,7902,0.063488286,-0.009366968617205993,0.072855254617206
1,7903,0.036503662,0.18390652511058186,-0.14740286311058187
1,7904,-0.997906902,0.14996516412767913,-1.1478720661276791
1,7905,0.783078243,-0.04511006046275374,0.8281883034627537
1,7906,0.783078243,0.12354468172222664,0.6595335612777733
1,7907,0.549211507,-0.07132000827257307,0.620531515272573
1,7908,1.709550314,0.08823485438510108,1.6213154596148989
1,7909,-1.27674801,0.036925445560591144,-1.3136734555605911
1,7910,1.277796339,0.17598476867855115,1.1018115703214488
1,7911,0.15343703,0.07156504209655931,0.08187198790344069
1,7912,0.774083369,0.08823485438510108,0.6858485146148989
1,7913,0.387303767,0.09277726916996347,0.29452649783003654
1,7914,-0.979917153,-0.12239058196837026,-0.8575265710316298
1,7915,1.061919352,0.03453705441048779,1.0273822975895124
1,7916,-0.179373325,-0.024347896772474464,-0.15502542822752555
1,7917,0.450267888,-0.09680103117754144,0.5470689191775414
1,7918,0.432278139,0.016252901442398743,0.41602523755760124
1,7919,-0.674091421,-0.06463819990817066,-0.6094532210918293
1,7920,0.67513975,-0.04402366673502756,0.7191634167350276
1,7921,0.360319143,0.13303494730488913,0.22728419569511088
1,7922,-0.233342572,0.1012337361577586,-0.33457630815775863
1,7923,0.765088494,-0.06811442535091926,0.8332029193509193
1,7924,0.971970607,0.0879625308235899,0.8840080761764102
1,7925,1.250811716,-0.0999805648823193,1.3507922808823194
1,7926,1.367745084,0.05397003471953517,1.313775049280465
1,7927,1.565632322,0.005356260710268301,1.5602760612897315
1,7928,0.819057741,0.12925182093639043,0.6898059200636095
1,7929,0.099467784,0.03668359791022023,0.06278418608977977
1,7930,0.450267888,0.05397003471953517,0.39629785328046485
1,7931,0.144442156,0.14652022280819982,-0.00207806680819983
1,7932,-0.368265689,-0.08100365962205106,-0.287262029377949
1,7933,1.043929603,0.06395372399657573,0.9799758790034243
1,7934,0.387303767,0.017386431979456645,0.36991733502054336
1,7935,1.106893724,-0.07356906979863842,1.1804627937986385
1,7936,0.15343703,0.060892009041038725,0.09254502095896128
1,7937,-0.404245187,-0.021602421122248947,-0.38264276587775103
1,7938,-0.080429706,-0.011581478428511103,-0.0688482275714889
1,7939,-0.071434831,0.17604808848032913,-0.24748291948032913
1,7940,-0.755045291,0.1574351655718544,-0.9124804565718544
1,7941,1.142873222,-0.04178375189324262,1.1846569738932426
1,7942,1.070914226,0.12364722468946458,0.9472670013105354
1,7943,0.783078243,-0.06486735625120062,0.8479455992512006
1,7944,1.403724582,0.08702543775452165,1.3166991442454783
1,7945,1.421714331,0.0442860187849778,1.3774283122150222
1,7946,1.313775837,0.18313422283174854,1.1306416141682514
1,7947,1.493673326,0.08346698156990127,1.4102063444300987
1,7948,1.232821967,0.08702543775452165,1.1457965292454784
1,7949,-0.485199057,0.09377883891478353,-0.5789778959147835
1,7950,-0.93494278,-0.10923697097648033,-0.8257058090235196
1,7951,0.612175628,0.02878305235911944,0.5833925756408805
1,7952,-0.062439957,-0.030648092411031894,-0.0317918645889681
1,7953,0.801067992,-0.09545532971033353,0.8965233217103336
1,7954,-0.206357948,0.008793905577049777,-0.2151518535770498
1,7955,-0.062439957,-0.062402255284392846,-3.770171560715102e-05
1,7956,-0.386255438,-0.051529166121824656,-0.33472627187817533
1,7957,-0.116409204,0.09988748928238081,-0.21629669328238083
1,7958,1.124883473,-0.06796435734158678,1.1928478303415866
1,7959,0.900011611,0.08276718229960606,0.8172444287003939
1,7960,0.828052616,-0.10215854039530013,0.9302111563953002
1,7961,1.781509309,0.04746272659773391,1.7340465824022662
1,7962,1.295786088,0.0015262319827791487,1.294259856017221
1,7963,1.547642573,0.12624698552247426,1.4213955874775257
1,7964,1.52065795,0.0387023906675561,1.4819555593324438
1,7965,0.720114122,0.04746272659773391,0.6726513954022662
1,7966,-0.988912027,0.1473388748614608,-1.1362509018614608
1,7967,-2.185230332,-0.08961654033324971,-2.0956137916667505
1,7968,-0.494193931,0.06667610182705348,-0.5608700328270535
1,7969,-1.429660876,0.021840173489144587,-1.4515010494891447
1,7970,-0.602132425,-0.0712284350739354,-0.5309039899260646
1,7971,-1.384686504,0.07658993929853256,-1.4612764432985326
1,7972,-0.943937655,-0.017961689518163147,-0.9259759654818369
1,7973,-0.737055542,0.006198921009974799,-0.7432544630099748
1,7974,-0.800019663,-0.03837643049108827,-0.7616432325089117
1,7975,-0.835999161,0.13799273149810232,-0.9739918924981024
1,7976,-0.107414329,-0.04833671112687644,-0.059077617873123565
1,7977,0.25238065,0.10072738120470945,0.15165326879529054
1,7978,-0.206357948,0.053437554144020606,-0.25979550214402064
1,7979,-0.206357948,0.1844088087372514,-0.3907667567372514
1,7980,-0.638111923,0.08094917487967719,-0.7190610978796772
1,7981,-0.557158053,0.10328045370650213,-0.6604385067065022
1,7982,-0.593137551,0.09865868623339986,-0.6917962372333999
1,7983,-2.311158574,-0.1136479124759991,-2.1975106615240008
1,7984,-0.233342572,0.033618132111111795,-0.2669607041111118
1,7985,-0.647106797,-0.016169378398664013,-0.6309374186013359
1,7986,-0.044450208,-0.08945411196260805,0.045003903962608054
1,7987,-1.591568617,0.020826810539688833,-1.612395427539689
1,7988,-2.536030436,-0.05498316953978406,-2.481047266460216
1,7989,-0.215352823,-0.032944019593139875,-0.1824088034068601
1,7990,-0.85398891,-0.06089645291640999,-0.79309245708359
1,7991,0.477252511,0.09693440525528169,0.3803181057447183
1,7992,-0.701076044,-0.08482314818077699,-0.616252895819223
1,7993,0.441273013,0.060999143296747854,0.38027386970325217
1,7994,-0.206357948,0.013065313092440897,-0.21942326109244092
1,7995,-0.503188806,0.13212412288198985,-0.6353129288819899
1,7996,-0.701076044,0.0405159925802373,-0.7415920365802373
1,7997,-0.458214434,0.06355221579854055,-0.5217666497985406
1,7998,0.225396026,0.08316673050331279,0.14222929549668722
1,7999,0.846042365,0.0943321185337722,0.7517102464662277
1,8000,1.214832218,-0.048539199373980796,1.2633714173739807
1,8001,0.459262762,-0.01970452133788481,0.4789672833378848
1,8002,0.25238065,0.0692586306548826,0.1831220193451174
1,8003,0.585191005,0.08823485438510108,0.4969561506148989
1,8004,0.944985984,0.0821249356120431,0.8628610483879569
1,8005,0.540216633,0.09200563410285326,0.4482109988971468
1,8006,0.234390901,0.07156504209655931,0.1628258589034407
1,8007,0.423283264,0.0943321185337722,0.3289511454662278
1,8008,1.376739958,0.08346698156990127,1.2932729764300988
1,8009,0.711119248,0.08702543775452165,0.6240938102454784
1,8010,0.49524226,0.07149585337107786,0.42374640662892216
1,8011,0.621170503,0.09549456744004935,0.5256759355599506
1,8012,-0.483910812,0.07617957254718975,-0.5600903845471897
1,8013,0.969575679,0.026081488366284756,0.9434941906337152
1,8014,0.283660706,0.016103441260877628,0.26755726473912234
1,8015,-0.394088613,0.12671265678340987,-0.5208012697834099
1,8016,-0.581898665,0.10353999082247031,-0.6854386558224703
1,8017,-0.704383482,-0.06958335820068216,-0.6348001237993178
1,8018,0.406145522,0.17043482690209777,0.2357106950979022
1,8019,0.161175889,-0.0220655479553996,0.1832414369553996
1,8020,1.39418971,0.026757016146901062,1.367432693853099
1,8021,-0.59006432,0.07752461178052741,-0.6675889317805274
1,8022,1.157385731,-0.005898918878443314,1.1632846498784433
1,8023,0.185672852,0.17151133568663457,0.01416151631336543
1,8024,0.07135369,0.1972233165310437,-0.1258696265310437
1,8025,0.242832433,0.030672140133282025,0.21216029286671795
1,8026,0.716440391,0.15573686658907512,0.5607035244109249
1,8027,1.02673526,-0.009650682710695743,1.0363859427106956
1,8028,0.58578992,0.11360451854503086,0.4721854014549691
1,8029,0.855256517,0.04881705692450566,0.8064394600754944
1,8030,0.863422171,0.22012588295489224,0.6432962880451077
1,8031,-0.034799818,0.07418433070269786,-0.10898414870269788
1,8032,1.647324998,0.11360451854503086,1.533720479454969
1,8033,-0.892193534,0.07196303000860291,-0.964156564008603
1,8034,0.324488978,0.04284094997896844,0.28164802802103156
1,8035,0.046856727,0.021507597451371954,0.025349129548628047
1,8036,-0.728880445,0.09186642867275471,-0.8207468736727548
1,8037,-0.900359189,0.0969965517154274,-0.9973557407154274
1,8038,-1.014678351,-0.04152958025879639,-0.9731487707412035
1,8039,0.340820287,0.1593661477509673,0.1814541392490327
1,8040,-1.365801492,-0.019155692304431714,-1.346645799695568
1,8041,1.32069882,0.03177044347696627,1.2889283765230337
1,8042,0.185672852,0.08893348418454891,0.09673936781545109
1,8043,0.994072642,0.021981309033894378,0.9720913329661056
1,8044,0.120347617,-0.036622993118250485,0.15697061011825048
1,8045,-1.308641911,0.032417080060122644,-1.3410589910601227
1,8046,-0.263438142,0.074788263723068,-0.338226405723068
1,8047,0.724606046,0.15234176970197022,0.5722642762980298
1,8048,-0.549236048,0.1857442963193493,-0.7349803443193493
1,8049,0.504133376,0.035685567463347216,0.46844780853665274
1,8050,-0.181781598,0.1512739589303362,-0.33305555693033617
1,8051,1.239042276,0.013402278563067957,1.225639997436932
1,8052,1.043066569,0.13085825272831966,0.9122083162716804
1,8053,0.700109082,0.06852008861058584,0.6315889933894141
1,8054,0.863422171,0.20399265211192155,0.6594295188880784
1,8055,-0.353260341,0.08109151597943765,-0.4343518569794376
1,8056,1.165551386,0.13085825272831966,1.0346931332716802
1,8057,-1.349470183,-0.005481273595997819,-1.343988909404002
1,8058,-1.226985367,-0.026437649312506716,-1.2005477176874932
1,8059,-1.349470183,-0.03175228364470815,-1.3177178993552918
1,8060,-1.357635838,0.006292428287843934,-1.363928266287844
1,8061,-1.814912487,0.015362020991397884,-1.8302745079913978
1,8062,-2.72130013,-0.09008669747050992,-2.63121343252949
1,8063,-0.214444216,0.0849952434798391,-0.2994394594798391
1,8064,-2.623312276,-0.07343018330355779,-2.5498820926964423
1,8065,-1.202488403,-0.02135497755370104,-1.181133425446299
1,8066,-1.226985367,0.021437430577625177,-1.2484227975776252
1,8067,-0.410419922,-0.030385007198561832,-0.38003491480143814
1,8068,-1.235151021,-0.08506984988970444,-1.1500811711102956
1,8069,-0.933021807,-0.03132146833026467,-0.9017003386697353
1,8070,-1.006512697,0.011263218257317065,-1.0177759152573171
1,8071,-0.647223901,-0.11179167440647039,-0.5354322265935296
1,8072,-0.394088613,-0.10643892491440969,-0.28764968808559027
1,8073,-0.271603797,-0.11414096572345608,-0.1574628312765439
1,8074,-0.573733011,-0.10199264560643022,-0.4717403653935697
1,8075,-0.835033953,-0.10357280066183139,-0.7314611523381687
1,8076,-0.010302854,-0.2680541186055635,0.2577512646055635
1,8077,0.651115156,0.07385474982641303,0.577260406173587
1,8078,-0.679886519,-0.24425921210157264,-0.4356273068984273
1,8079,0.887919134,-0.18526346830179374,1.0731826023017939
1,8080,-0.598229974,-0.05418522942453358,-0.5440447445754664
1,8081,1.132888768,-0.19009629323522495,1.322985061235225
1,8082,-0.22260987,-0.24946065675618428,0.026850786756184297
1,8083,-0.622726938,-0.1111977770222631,-0.5115291609777369
1,8084,-0.214444216,-0.05817122389005062,-0.15627299210994938
1,8085,0.765434318,-0.04660285053407393,0.8120371685340739
1,8086,-1.014678351,0.08417146761086232,-1.0988498186108622
1,8087,0.030525418,-0.1813483443154128,0.2118737623154128
1,8088,0.046856727,-0.03532818391228622,0.08218491091228622
1,8089,1.165551386,-0.12895457875331054,1.2945059647533106
1,8090,0.969575679,-0.0385821339893423,1.0081578129893423
1,8091,1.386024055,-0.12117855496520434,1.5072026099652043
1,8092,1.02673526,0.07255860379654652,0.9541766562034534
1,8093,-0.198112907,-0.11101114377251906,-0.08710176322748095
1,8094,1.39418971,-0.0385821339893423,1.4327718439893424
1,8095,-0.361425995,0.07196303000860291,-0.4333890250086029
1,8096,0.07135369,0.04284094997896844,0.02851274002103156
1,8097,0.740937354,0.021507597451371954,0.7194297565486281
1,8098,-0.361425995,0.09186642867275471,-0.4532924236727547
1,8099,0.030525418,0.0969965517154274,-0.0664711337154274
1,8100,-0.36959165,-0.04152958025879639,-0.3280620697412036
1,8101,0.422476831,0.1593661477509673,0.2631106832490327
1,8102,-0.459413849,-0.019155692304431714,-0.4402581566955683
1,8103,0.544961648,0.03177044347696627,0.5131912045230338
1,8104,-0.263438142,0.08893348418454891,-0.35237162618454887
1,8105,0.904250443,0.021981309033894378,0.8822691339661056
1,8106,0.389814213,-0.036622993118250485,0.42643720611825053
1,8107,-1.145328822,0.032417080060122644,-1.1777459020601226
1,8108,0.822593899,0.074788263723068,0.747805635276932
1,8109,0.022359763,0.15234176970197022,-0.12998200670197022
1,8110,0.7327717,0.035685567463347216,0.6970861325366529
1,8111,0.936913061,0.1512739589303362,0.7856391020696638
1,8112,0.487802067,0.013402278563067957,0.47439978843693204
1,8113,-1.978225575,-0.005150540828392591,-1.9730750341716075
1,8114,-1.414795419,-0.03373280020188166,-1.3810626187981183
1,8115,-1.349470183,-0.03339013778696007,-1.31608004521304
1,8116,-1.471955,0.008181761575069266,-1.4801367615750691
1,8117,-1.667930707,0.01728366157316289,-1.6852143685731629
1,8118,-1.439292382,-0.09097503542796025,-1.34831734657204
1,8119,-1.610771125,0.08784567514188166,-1.6986168001418818
1,8120,-2.125207355,-0.07238295712961923,-2.052824397870381
1,8121,-0.859530917,-0.020340058674302153,-0.8391908583256978
1,8122,-1.153494477,0.014142279688250265,-1.1676367566882502
1,8123,-0.777874372,-0.03130565245055184,-0.7465687195494481
1,8124,-1.406629764,-0.08257683585790508,-1.324052928142095
1,8125,-1.904734685,-0.032959322472516574,-1.8717753625274833
1,8126,-1.316807565,0.003968067367942123,-1.320775632367942
1,8127,-0.492076467,-0.006058073794142947,-0.48601839320585705
1,8128,0.095850653,0.053385031793803085,0.04246562120619691
1,8129,-1.439292382,0.22740697385166328,-1.6666993558516634
1,8130,-1.921065994,0.11941188155671625,-2.0404778755567166
1,8131,-0.924856152,0.12311172995198956,-1.0479678819519895
1,8132,-1.357635838,0.26135797311059183,-1.6189938111105917
1,8133,-1.700593324,0.2352287165581907,-1.9358220405581907
1,8134,-2.100710392,0.05857506203738247,-2.1592854540373825
1,8135,-1.431126728,0.26546044948198994,-1.6965871774819898
1,8136,-2.811122329,0.0867378504165024,-2.897860179416502
1,8137,-0.900359189,0.12848946008981568,-1.0288486490898157
1,8138,-1.414795419,0.14563723739382872,-1.5604326563938287
1,8139,-0.44308254,0.10831731287091974,-0.5513998528709197
1,8140,-1.431126728,0.0768612376321725,-1.5079879656321724
1,8141,-1.757752905,0.10754805956008194,-1.865300964560082
1,8142,-1.439292382,0.13024076232228873,-1.5695331443222889
1,8143,-0.467579503,-0.2114709567073587,-0.25610854629264135
1,8144,-0.181781598,-0.21443356315115325,0.03265196515115326
1,8145,-0.312432069,-0.19510416459815538,-0.1173279044018446
1,8146,-0.059296781,-0.20510269545316673,0.14580591445316674
1,8147,-0.851365262,-0.20297472670117186,-0.6483905352988281
1,8148,-0.328763378,-0.38572656945355827,0.05696319145355827
1,8149,0.022359763,-0.024594446530494432,0.04695420953049444
1,8150,0.046856727,-0.35627891010942214,0.40313563710942213
1,8151,0.871587826,-0.2820303381465007,1.1536181641465006
1,8152,-0.679886519,-0.1384298325841954,-0.5414566864158046
1,8153,-0.100125053,-0.29260550510520505,0.19248045210520504
1,8154,-0.018468509,-0.3604985767316196,0.3420300677316196
1,8155,-0.581898665,-0.20779344396821214,-0.37410522103178784
1,8156,-0.198112907,-0.15820663544023644,-0.03990627155976356
1,8157,0.038691072,-0.09262417575682552,0.13131524775682551
1,8158,0.569458611,-0.27435567672123085,0.8438142877212308
1,8159,0.495967721,-0.11506476510841976,0.6110324861084198
1,8160,0.716440391,-0.24530657645858278,0.9617469674585828
1,8161,0.683777773,-0.14131453026780305,0.825092303267803
1,8162,0.95324437,-0.23797903869368875,1.1912234086936886
1,8163,1.116557459,0.0004943237082703987,1.1160631352917296
1,8164,0.838925208,-0.21174758095499757,1.0506727889549976
1,8165,1.549337144,-0.14131453026780305,1.6906516742678033
1,8166,-0.116456362,0.20787299361633585,-0.32432935561633586
1,8167,-0.524739084,0.10085635237249688,-0.6255954363724969
1,8168,-0.51657343,0.07513981606561643,-0.5917132460656165
1,8169,0.618452538,0.20954948703657333,0.40890305096342666
1,8170,0.446973794,0.24298336708877846,0.20399042691122152
1,8171,-0.753377409,0.07586312975120041,-0.8292405387512005
1,8172,1.043066569,0.1128379288711137,0.9302286401288864
1,8173,0.961410024,0.13561364027041856,0.8257963837295814
1,8174,0.87975348,0.09805801504445467,0.7816954649555453
1,8175,0.177507198,0.0462886718433616,0.1312185261566384
1,8176,0.414311177,0.09625312468507097,0.318058052314929
1,8177,1.17371704,0.12803819815580023,1.0456788418441998
1,8178,1.018569606,0.22768903368137847,0.7908805723186215
1,8179,-0.614561283,0.2156508258320857,-0.8302121088320857
1,8180,0.936913061,0.23050796850979752,0.7064050924902026
1,8181,-1.561777199,-0.22646028732468645,-1.3353169116753136
1,8182,-1.186157094,-0.1996894921642551,-0.9864676018357448
1,8183,-0.124622017,-0.19032530513060264,0.06570328813060264
1,8184,-1.831243795,-0.22322710547148528,-1.6080166895285148
1,8185,-2.100710392,-0.21424170438699372,-1.8864686876130061
1,8186,-2.737631439,-0.3294147988913983,-2.4082166401086016
1,8187,-1.512783272,-0.0417971803396761,-1.470986091660324
1,8188,-2.42733657,-0.30823688348318834,-2.1190996865168117
1,8189,-1.194322749,-0.22748685485611422,-0.9668358941438857
1,8190,-1.275979293,-0.11805052673337096,-1.157928766266629
1,8191,-0.189947252,-0.24000794834643258,0.050060696346432565
1,8192,-1.602605471,-0.3109952539344206,-1.2916102170655792
1,8193,-1.896569031,-0.1916514532455828,-1.7049175777544172
1,8194,-1.700593324,-0.13063959801377673,-1.5699537259862233
1,8195,-0.206278561,0.05098996062051321,-0.2572685216205132
1,8196,-0.353260341,0.0007302239899664408,-0.3539905649899664
1,8197,0.397979868,-0.010838035286776154,0.40881790328677614
1,8198,0.250998088,0.09120451377422782,0.15979357422577217
1,8199,-0.336929032,0.0753977716901089,-0.41232680369010893
1,8200,-0.173615943,-0.08368287642156194,-0.08993306657843805
1,8201,0.079519344,0.13803576068429665,-0.05851641668429665
1,8202,-0.892193534,-0.039835927595152386,-0.8523576064048476
1,8203,1.02673526,0.017185466636777103,1.009549793363223
1,8204,-0.320597723,0.05711003159557839,-0.37770775459557837
1,8205,1.304367511,-0.014703111181694274,1.3190706221816941
1,8206,0.169341543,-0.05789581430872852,0.22723735730872852
1,8207,-1.700593324,0.004018313883818152,-1.704611637883818
1,8208,-0.753377409,0.027759077403814895,-0.781136486403815
1,8209,0.536795993,0.018197086411158046,0.518598906588842
1,8210,0.389814213,0.13236147156148523,0.2574527414385148
1,8211,0.977741333,-0.03502450348114414,1.012765836481144
1,8212,1.010403951,0.09022912351744114,0.9201748274825589
1,8213,1.590165417,0.02067483779214423,1.5694905792078557
1,8214,1.198214003,0.1877268167370911,1.0104871862629088
1,8215,-0.467579503,0.04996469284946578,-0.5175441958494658
1,8216,1.500343218,0.08967333028964242,1.4106698877103576
1,8217,-1.471955,-0.14652156029690036,-1.3254334397030996
1,8218,-1.080003587,-0.1812318297020521,-0.8987717572979479
1,8219,-0.336929032,-0.1684357621335946,-0.16849326986640542
1,8220,-0.614561283,-0.12270691231006048,-0.49185437068993954
1,8221,-2.166035628,-0.15234647330892084,-2.013689154691079
1,8222,-2.182366936,-0.3079593183999306,-1.8744076176000695
1,8223,-1.235151021,-0.008947301251217734,-1.2262037197487823
1,8224,-2.027219502,-0.2884818583543625,-1.7387376436456374
1,8225,-1.088169241,-0.21356065750511222,-0.8746085834948877
1,8226,-1.496451963,-0.12627436398954173,-1.370177599010458
1,8227,-0.59006432,-0.22184028659051827,-0.36822403340948173
1,8228,-1.61893678,-0.28062994095075844,-1.3383068390492416
1,8229,-2.255857826,-0.18713194035575692,-2.0687258856442434
1,8230,-1.422961073,-0.13364122822818644,-1.2893198447718135
1,8231,0.39822508,0.10893126761359258,0.28929381238640745
1,8232,-0.768331584,-0.24263559579448976,-0.5256959882055102
1,8233,1.28267327,-0.16192266425478985,1.44459593425479
1,8234,0.733705428,-0.05915017399616294,0.792855601996163
1,8235,1.679150045,-0.15570069389890512,1.8348507388989053
1,8236,0.42109874,-0.2571938970764573,0.6782926370764573
1,8237,0.215235799,-0.11527721828455059,0.3305130172845506
1,8238,0.665084448,-0.045313662295285766,0.7103981102952858
1,8239,1.031063009,-0.03816085302430602,1.069223862024306
1,8240,1.32842059,-0.15755898946820132,1.4859795794682011
1,8241,1.107308543,-0.03186565965151323,1.1391742026515133
1,8242,1.831641112,-0.12207703381777786,1.953718145817778
1,8243,1.885012985,-0.024448838477888517,1.9094618234778884
1,8244,1.785893792,-0.10181512370306654,1.8877089157030664
1,8245,1.663900938,0.0968143465596565,1.5670865914403436
1,8246,0.51259338,-0.09939050887195137,0.6119838888719513
1,8247,1.602904511,-0.024448838477888517,1.6273533494778885
1,8248,-1.492664154,-0.2285020013748712,-1.2641621526251288
1,8249,-2.43810877,-0.4924308131699007,-1.9456779568300993
1,8250,-0.882699885,-0.4381764348963452,-0.44452345010365474
1,8251,-1.172432912,-0.3352451367814505,-0.8371877752185496
1,8252,-0.692086051,-0.44064105592260083,-0.25144499507739915
1,8253,-1.767148075,-0.4991452054038376,-1.2680028695961623
1,8254,-1.431667727,-0.37083440552960806,-1.060833321470392
1,8255,-0.913198098,-0.32334965135525656,-0.5898484466447433
1,8256,-1.050440059,-0.08371197559637938,-0.9667280834036207
1,8257,-2.163624849,-0.40168150738466335,-1.7619433416153367
1,8258,-0.60059141,-0.34302250634155473,-0.2575689036584453
1,8259,-1.080938272,-0.21037461831468116,-0.8705636536853189
1,8260,-0.448100343,-0.3628064663937254,-0.08529387660627463
1,8261,-1.401169513,-0.42067591981906916,-0.9804935931809308
1,8262,-1.469790494,-0.26035592860414214,-1.2094345653958578
1,8263,-0.775956138,-0.23598432633554192,-0.5399718116644581
1,8264,-1.446916833,-0.08959052616783494,-1.357326306832165
1,8265,-1.843393608,-0.35213519529116305,-1.4912584127088369
1,8266,-0.798829798,-0.2852763914319715,-0.5135534065680285
1,8267,-1.515537814,-0.20883358242070652,-1.3067042315792934
1,8268,-0.265111062,-0.3021540029454752,0.03704294094547517
1,8269,-1.927263695,-0.3646345643259953,-1.5626291306740048
1,8270,-1.645155221,-0.25347855723752927,-1.3916766637624707
1,8271,-1.4850396,-0.22018765858086417,-1.2648519414191357
1,8272,0.337228653,0.04258272462958958,0.2946459283704104
1,8273,-1.622281561,-0.2934707707726329,-1.3288107902273671
1,8274,0.321979546,-0.22452257701386064,0.5465021230138607
1,8275,-0.226988296,-0.07780294937056725,-0.14918534662943275
1,8276,0.146614819,-0.24310705106067887,0.3897218700606789
1,8277,-0.516721323,-0.29257907601563593,-0.22414224698436402
1,8278,-0.722584264,-0.13960305122936584,-0.5829812127706342
1,8279,0.924319262,-0.10095345763649145,1.0252727196364915
1,8280,-0.059248122,-0.051432257023760045,-0.007815864976239956
1,8281,0.123741159,0.08095955923753213,0.04278159976246787
1,8282,0.825200068,-0.21942035853116934,1.0446204265311694
1,8283,0.085618392,-0.05298749159997893,0.13860588359997894
1,8284,1.023438456,-0.176951742373472,1.200390198373472
1,8285,0.543091594,-0.07225909164292128,0.6153506856429213
1,8286,0.123741159,-0.1570566389184162,0.2807977979184162
1,8287,0.047495625,0.08752482002014508,-0.040029195020145084
1,8288,-0.204114636,-0.1272861450279229,-0.07682849097207708
1,8289,0.436347847,-0.0740415698939469,0.5103894168939469
1,8290,-0.135493655,-0.007759827407751813,-0.1277338275922482
1,8291,-1.32492398,-0.34701393144164433,-0.9779100485583556
1,8292,0.878571942,-0.28860986388725457,1.1671818058872545
1,8293,-0.074497228,-0.1504448260476148,0.0759475980476148
1,8294,0.085618392,-0.30790681854539376,0.39352521054539374
1,8295,-1.065689165,-0.3483443020864803,-0.7173448629135197
1,8296,-0.364230256,-0.20302723122069766,-0.16120302477930232
1,8297,0.459221507,-0.17554613480876033,0.6347676418087603
1,8298,0.504968827,-0.2835076454045633,0.7884764724045633
1,8299,0.451596954,-0.10319750264513339,0.5547944566451334
1,8300,0.382975973,-0.25110415488664006,0.6340801278866401
1,8301,0.504968827,-0.13055576200733135,0.6355245890073313
1,8302,0.451596954,0.012447713725615414,0.43914924027438457
1,8303,0.192362139,-0.18105723676832314,0.3734193757683231
1,8304,0.032246519,-0.13055576200733135,0.16280228100733135
1,8305,-1.161660131,0.24219232822813935,-1.4038524592281394
1,8306,-2.386508298,0.0015115743268473893,-2.388019872326847
1,8307,-0.933021807,0.16771798673379584,-1.100739793733796
1,8308,-1.006512697,0.12753556340262664,-1.1340482604026267
1,8309,-0.924856152,-0.00493026277779168,-0.9199258892222084
1,8310,-1.741421597,0.18848158806045626,-1.9299031850604562
1,8311,-1.422961073,0.08406899077325578,-1.5070300637732557
1,8312,-0.745211754,0.09703914818985858,-0.8422509021898585
1,8313,-1.357635838,0.22623136655422377,-1.5838672045542237
1,8314,-1.757752905,0.014405157810358232,-1.7721580628103584
1,8315,-0.704383482,0.051863940342350104,-0.7562474223423501
1,8316,-1.643433743,0.09427485922721345,-1.7377086022272132
1,8317,-0.230775524,0.21113415057411855,-0.44190967457411856
1,8318,-1.69242767,0.010860316279413015,-1.703287986279413
1,8319,-0.410419922,0.0482386253375767,-0.4586585473375767
1,8320,-0.655389555,0.08131705934315382,-0.7367066143431538
1,8321,-0.189947252,0.024821388747810546,-0.21476864074781055
1,8322,-1.602605471,-0.011664945121668711,-1.5909405258783313
1,8323,-0.794205681,0.044194996722447054,-0.8384006777224471
1,8324,0.838925208,0.06313985366069419,0.7757853543393058
1,8325,-0.402254268,0.0482386253375767,-0.45049289333757675
1,8326,-0.622726938,0.20518709876559335,-0.8279140367655934
1,8327,-0.426751231,0.012039487894292655,-0.43879071889429266
1,8328,0.430642486,0.17011418724565913,0.26052829875434086
1,8329,0.14484458,0.11906539860112242,0.025779181398877582
1,8330,-0.328763378,0.254202922338747,-0.582966300338747
1,8331,0.495967721,0.15948111227958534,0.33648660872041464
1,8332,0.471470758,0.17011418724565913,0.30135657075434086
1,8333,-0.647223901,-0.0014402345141349808,-0.645783666485865
1,8334,-1.071837932,-0.22615924164474757,-0.8456786903552524
1,8335,0.544961648,-0.18473121488752745,0.7296928628875274
1,8336,-0.0021372,-0.11739190242216715,0.11525470242216715
1,8337,0.994072642,-0.20340191514476358,1.1974745571447636
1,8338,0.193838507,-0.23412166201001283,0.4279601690100128
1,8339,0.283660706,-0.15917441505340596,0.44283512105340594
1,8340,0.80626259,-0.12650217403693342,0.9327647640369334
1,8341,0.593955574,-0.03346539261133874,0.6274209666113387
1,8342,-0.655389555,0.019428570200605996,-0.6748181252006059
1,8343,1.17371704,-0.07880272546237571,1.2525197654623759
1,8344,0.177507198,-0.1273176340205511,0.3048248320205511
1,8345,-0.018468509,0.04349842782373936,-0.06196693682373936
1,8346,0.455139449,-0.11807883088498611,0.5732182798849861
1,8347,-1.667930707,-0.3384270238143243,-1.3295036831856757
1,8348,1.034900914,-0.29692006077427363,1.3318209747742737
1,8349,0.487802067,-0.1990959298358422,0.6868979968358422
1,8350,0.708274737,-0.3011862881856301,1.00946102518563
1,8351,0.373482905,-0.34278990927432346,0.7162728142743234
1,8352,-0.696217828,-0.24346518701086092,-0.45275264098913903
1,8353,1.484011909,-0.20316589270813493,1.687177801708135
1,8354,-0.451248194,0.12010980711845179,-0.5713580011184518
1,8355,-0.900359189,-0.06268669412514391,-0.8376724948748561
1,8356,0.324488978,0.07841262789052819,0.2460763501094718
1,8357,-1.561777199,0.13674552414868998,-1.69852272314869
1,8358,-0.304266414,-0.025969358783121354,-0.27829705521687864
1,8359,-0.500242121,0.08921491861706517,-0.5894570396170652
1,8360,0.079519344,-0.03664699815366468,0.11616634215366468
1,8361,0.332654632,0.08665961388684679,0.24599501811315322
1,8362,0.038691072,0.03933914528132084,-0.0006480732813208406
1,8363,-0.0021372,0.13723825422006933,-0.13937545422006933
1,8364,-0.761543063,0.04643683492599796,-0.8079798979259979
1,8365,0.046856727,0.08665961388684679,-0.039802886886846786
1,8366,0.553127302,0.12010980711845179,0.4330174948815483
1,8367,-1.406629764,-0.06268669412514391,-1.3439430698748562
1,8368,0.463305103,-0.029884482769502316,0.49318958576950234
1,8369,1.451349291,-0.025969358783121354,1.4773186497831214
1,8370,0.87975348,0.08921491861706517,0.7905385613829348
1,8371,1.214545312,-0.03664699815366468,1.2511923101536646
1,8372,1.043066569,0.08665961388684679,0.9564069551131533
1,8373,1.639159343,0.03933914528132084,1.5998201977186792
1,8374,0.936913061,0.13723825422006933,0.7996748067799307
1,8375,0.757268663,0.04643683492599796,0.710831828074002
1,8376,1.826969395,0.08665961388684679,1.7403097811131534
1,8377,-0.475745158,0.14847007946085566,-0.6242152374608556
1,8378,-2.247692172,-0.046746133455561736,-2.200946038544438
1,8379,-0.173615943,0.06854805147366347,-0.24216399447366346
1,8380,-1.243316675,-0.13745511926411513,-1.1058615557358848
1,8381,1.116557459,-0.10432133380944218,1.2208787928094422
1,8382,-0.385922959,-0.027408561611447873,-0.3585143973885521
1,8383,0.536795993,-0.10040620982306117,0.6372022028230612
1,8384,0.65928081,-8.629383975245634e-05,0.6593671038397525
1,8385,1.255373584,-0.07349426375773126,1.3288678477577311
1,8386,0.757268663,-0.02575220593473664,0.7830208689347365
1,8387,1.500343218,-0.06812694771969827,1.5684701657196982
1,8388,1.704484579,0.10418146714946462,1.6003031118505355
1,8389,1.647324998,-0.060369545190261796,1.7076945431902617
1,8390,1.377858401,-0.02575220593473664,1.4036106069347365
1,8391,0.185672852,0.07572683728920601,0.10994601471079399
1,8392,-0.982015733,-0.3186521935612399,-0.66336353943876
1,8393,0.120347617,-0.06457161977922843,0.18491923677922845
1,8394,0.275495051,-0.1018023632116887,0.3772974142116887
1,8395,0.038691072,-0.28334811884862093,0.3220391908486209
1,8396,-1.186157094,-0.0677104373404493,-1.1184466566595506
1,8397,-0.900359189,-0.24814890244378887,-0.6522102865562112
1,8398,0.308157669,0.021472174153302374,0.28668549484669764
1,8399,-0.761543063,-0.18199415442560749,-0.5795489085743925
1,8400,-0.798829798,0.07103149017788402,-0.869861288177884
1,8401,-1.759523521,-0.10946142041786758,-1.6500621005821323
1,8402,-0.547219537,-0.06798423403566094,-0.4792353029643391
1,8403,-0.867450778,-0.019104543158632917,-0.8483462348413671
1,8404,-0.890324438,-0.08702069289007677,-0.8033037451099233
1,8405,-0.692086051,-0.1294362020439242,-0.5626498489560758
1,8406,-0.867450778,-0.06483500052018491,-0.8026157774798152
1,8407,-0.524345877,-0.03319732139234208,-0.4911485556076579
1,8408,-0.0021372,-0.16442510963419216,0.16228790963419215
1,8409,0.651115156,-0.27904806981540725,0.9301632258154073
1,8410,0.7327717,-0.18026040828323656,0.9130321082832366
1,8411,1.157385731,-0.23820064652520936,1.3955863775252093
1,8412,0.985906988,-0.18722494599652825,1.1731319339965283
1,8413,1.353361438,-0.23423947692636843,1.5876009149263686
1,8414,0.250998088,-0.07048596514282747,0.32148405314282746
1,8415,-0.279769451,-0.2356610609698029,-0.04410839003019709
1,8416,1.043066569,-0.18722494599652825,1.2302915149965283
1,8417,-0.451248194,0.18819826617006236,-0.6394464601700623
1,8418,1.818803741,-0.022144594921100522,1.8409483359211005
1,8419,1.149220077,0.12144726958908011,1.02777280741092
1,8420,0.193838507,-0.03821041492525409,0.2320489219252541
1,8421,1.941288558,0.08003475977084011,1.86125379822916
1,8422,1.181882694,0.023683345945980164,1.1581993480540198
1,8423,-0.091959399,0.2159123782451272,-0.3078717772451272
1,8424,0.569458611,0.052370301464114394,0.5170883095358856
1,8425,1.149220077,0.08003475977084011,1.0691853172291599
1,8426,1.034900914,0.11677625787315012,0.9181246561268499
1,8427,1.279870548,-0.054644709341629134,1.3345152573416292
1,8428,1.059397878,0.0875945349953525,0.9718033430046474
1,8429,1.092060496,-0.056658740764945016,1.148719236764945
1,8430,1.353361438,0.036637268905487914,1.3167241690945122
1,8431,1.663656307,-0.011638097309589692,1.6752944043095896
1,8432,0.822593899,0.2152374199040885,0.6073564790959115
1,8433,1.328864474,0.03370105940332776,1.2951634145966722
1,8434,1.720815888,0.036637268905487914,1.684178619094512
1,8435,-0.606395629,0.24048522313835083,-0.8468808521383508
1,8436,0.422476831,0.06488226226841869,0.3575945687315813
1,8437,0.038691072,0.19624104431749653,-0.15754997231749654
1,8438,-0.042965472,0.016864709731496806,-0.059830181731496804
1,8439,0.104016308,0.16014828409969128,-0.05613197609969128
1,8440,0.120347617,0.10054175699603456,0.019805860003965448
1,8441,0.283660706,0.24835564826934867,0.03530505773065132
1,8442,0.455139449,0.12846462131752248,0.32667482768247746
1,8443,0.830759553,0.16014828409969128,0.6706112689003088
1,8444,0.234666779,0.12668090030948395,0.10798587869051604
1,8445,1.149220077,0.006176415535748442,1.1430436614642516
1,8446,0.757268663,0.13449139551309883,0.6227772674869011
1,8447,0.389814213,-0.026012929432972894,0.4158271424329729
1,8448,1.369692747,0.11125787008640645,1.2584348769135936
1,8449,0.716440391,0.06251582407743132,0.6539245669225687
1,8450,0.348985941,0.2015674542076498,0.14741848679235023
1,8451,0.463305103,0.0855801259746083,0.3777249770253917
1,8452,1.337030129,0.11125787008640645,1.2257722589135935
1,8453,-0.941187461,0.2564435486135105,-1.1976310096135103
1,8454,1.010403951,0.06289012945846176,0.9475138215415383
1,8455,0.128513271,0.2144570197095809,-0.08594374870958088
1,8456,0.757268663,0.022102650107859865,0.7351660128921401
1,8457,1.516674527,0.18317105917360474,1.3335034678263953
1,8458,0.226501125,0.1376741487874265,0.08882697621257349
1,8459,-0.328763378,0.26059565182387856,-0.5893590298238786
1,8460,0.079519344,0.17418059410707226,-0.09466125010707226
1,8461,0.838925208,0.18317105917360474,0.6557541488263953
1,8462,-0.165450289,0.08873453624591256,-0.25418482524591257
1,8463,1.165551386,-0.028071162822518893,1.193622548822519
1,8464,0.055022381,0.08089841805531182,-0.025876037055311822
1,8465,0.030525418,-0.04143376791805811,0.07195918591805811
1,8466,0.348985941,0.05664366242567444,0.2923422785743256
1,8467,0.373482905,-0.001351213910266763,0.37483411891026674
1,8468,-0.312432069,0.14179863469896264,-0.4542307036989626
1,8469,0.749103009,0.029613464378606964,0.719489544621393
1,8470,0.561292957,0.05445560201360499,0.506837354986395
1,8471,0.414311177,0.25850595159085893,0.15580522540914105
1,8472,0.716440391,0.05969501560109411,0.6567453753989059
1,8473,0.724606046,0.21795733679662263,0.5066487092033773
1,8474,0.120347617,0.013759992880618948,0.10658762411938105
1,8475,1.092060496,0.18596912123731854,0.9060913747626814
1,8476,0.95324437,0.1385611821889828,0.8146831878110171
1,8477,0.798096936,0.2667577328231365,0.5313392031768636
1,8478,0.430642486,0.17672881358236536,0.25391367241763463
1,8479,1.484011909,0.18596912123731854,1.2980427877626814
1,8480,1.149220077,0.10868198868294907,1.040538088317051
1,8481,1.304367511,-0.030684894941867488,1.3350524059418674
1,8482,0.634783847,0.09505164896177987,0.5397321980382201
1,8483,0.610286883,-0.06395984343476137,0.6742467264347614
1,8484,1.288036202,0.049478070437309826,1.2385581315626901
1,8485,0.781765627,-0.009821776048270277,0.7915874030482702
1,8486,-0.402254268,0.180981697628724,-0.583235965628724
1,8487,1.124723113,0.025553749818156248,1.0991693631818438
1,8488,1.459514945,0.047695592186284184,1.4118193528137157
1,8489,-0.66355521,0.19944843349129737,-0.8630036434912973
1,8490,1.337030129,-0.053112140063935415,1.3901422690639353
1,8491,0.569458611,0.09218728616938746,0.4772713248306125
1,8492,0.495967721,-0.05975111837969063,0.5557188393796906
1,8493,1.328864474,0.039402840806401676,1.2894616331935982
1,8494,0.602121229,-0.013662055500686394,0.6157832845006864
1,8495,-0.263438142,0.2166712259182971,-0.48010936791829706
1,8496,1.059397878,0.03997377778462101,1.019424100215379
1,8497,1.083894841,0.039402840806401676,1.0444920001935982
1,8498,-0.379479363,0.08174655824420875,-0.46122592124420875
1,8499,-0.188865529,-0.04316143648094853,-0.14570409251905148
1,8500,0.977691136,0.08170290209817183,0.8959882339018281
1,8501,-0.265111062,-0.08242449891885077,-0.18268656308114922
1,8502,-0.249861956,0.044746738430462465,-0.29460869443046245
1,8503,-0.470974003,-0.015404942888176757,-0.45556906011182324
1,8504,-0.173616422,0.149612058813193,-0.323228480813193
1,8505,-0.44047579,0.02020201740163999,-0.46067780740164
1,8506,-0.211739189,0.044746738430462465,-0.25648592743046245
1,8507,-1.286801213,-0.010368280405491953,-1.276432932594508
1,8508,-0.470974003,-0.28668090160526244,-0.18429310139473754
1,8509,-0.478598557,-0.15131829251448792,-0.32728026448551206
1,8510,-0.44047579,-0.24091625495957453,-0.19955953504042545
1,8511,-0.188865529,-0.15659710062215043,-0.03226842837784957
1,8512,-0.425226683,-0.24171876467712963,-0.18350791832287036
1,8513,-0.165991869,0.02226467941123122,-0.1882565484112312
1,8514,-0.867450778,-0.22528520008446748,-0.6421655779155325
1,8515,0.116116606,-0.15515131276428962,0.27126791876428963
1,8516,-0.943696312,0.011683071597477343,-0.9553793835974774
1,8517,-0.234612849,-0.10074338931707338,-0.13386945968292663
1,8518,-0.547219537,0.006657731235935572,-0.5538772682359356
1,8519,-0.448100343,-0.12151373349634767,-0.32658660950365237
1,8520,-0.143118209,-0.02299238597324843,-0.12012582302675157
1,8521,-1.180057466,-0.08002262503907387,-1.1000348409609262
1,8522,-0.356605703,0.08602457315660854,-0.44263027615660855
1,8523,-0.181240975,-0.060191802793903536,-0.12104917220609646
1,8524,0.001748305,-0.02299238597324843,0.02474069097324843
1,8525,-1.096187379,0.032604306592807886,-1.128791685592808
1,8526,-0.097370888,-0.2835076454045633,0.1861367574045633
1,8527,0.138990266,-0.11364223862830045,0.25263250462830045
1,8528,-0.188865529,-0.23456473101009218,0.04569920201009217
1,8529,-0.196490082,-0.1393639502449913,-0.05712613175500872
1,8530,-0.699710604,-0.21683356894252034,-0.4828770350574796
1,8531,-0.859826225,0.058700984967966455,-0.9185272099679666
1,8532,-0.196490082,-0.178074667591108,-0.018415414408892022
1,8533,-0.249861956,-0.1393639502449913,-0.1104980057550087
1,8534,-0.941187461,-0.0017074765876282712,-0.9394799844123717
1,8535,-0.475745158,0.05025907417787911,-0.5260042321778791
1,8536,-0.483910812,0.0040863728301456965,-0.4879971848301457
1,8537,1.255373584,0.02776042750795686,1.2276131564920432
1,8538,0.683777773,-0.0010792578653046492,0.6848570308653046
1,8539,0.838925208,0.003719486544501548,0.8352057214554985
1,8540,-0.173615943,0.000768248520809827,-0.17438419152080983
1,8541,0.863422171,0.03369036090891853,0.8297318100910814
1,8542,-0.067462436,0.12038036805344575,-0.18784280405344575
1,8543,0.283660706,0.15277471119194425,0.13088599480805574
1,8544,1.018569606,0.07362696116848283,0.9449426448315172
1,8545,1.516674527,0.06928685039152907,1.4473876766084708
1,8546,-0.385922959,0.1215637788828977,-0.5074867378828977
1,8547,-0.255272488,0.13938543845248674,-0.39465792645248676
1,8548,-0.459413849,0.00363605178312372,-0.4630499007831237
1,8549,-0.483910812,0.03392841022805339,-0.5178392222280535
1,8550,-0.7370461,0.017989897679092214,-0.7550359976790922
1,8551,-0.214444216,0.04702710062431752,-0.2614713166243175
1,8552,-0.385922959,-0.10957200169402638,-0.27635095730597364
1,8553,0.046856727,-0.08590023276294985,0.13275695976294985
1,8554,-1.210654058,-0.010261298273509049,-1.200392759726491
1,8555,-1.145328822,-0.0019589710077677854,-1.143369850992232
1,8556,1.092060496,0.11411680071723168,0.9779436952827683
1,8557,1.10022615,0.1075969954036618,0.9926291545963382
1,8558,-0.769708718,0.1766087465781865,-0.9463174645781864
1,8559,-0.304266414,0.16407543566487115,-0.46834184966487113
1,8560,0.561292957,0.14363468058069284,0.4176582764193072
1,8561,1.598331071,0.15426851063363084,1.4440625603663693
1,8562,0.202004161,0.18756241439363444,0.014441746606365546
1,8563,0.128513271,0.20381307946933114,-0.07529980846933113
1,8564,0.299992015,0.18868231967774662,0.11130969532225338
1,8565,0.781765627,0.15574883724869695,0.626016789751303
1,8566,-1.284144948,0.0745546866292822,-1.3586996346292821
1,8567,-0.908524843,0.0840245181798119,-0.992549361179812
1,8568,-0.532904739,0.1451930195353755,-0.6780977585353756
1,8569,-0.091959399,0.13611635548275697,-0.22807575448275696
1,8570,1.622828034,0.07928776243630344,1.5435402715636966
1,8571,1.590165417,0.08110161460872653,1.5090638023912735
1,8572,-0.532904739,0.024438230071591908,-0.557342969071592
1,8573,-0.44308254,0.05062968009440527,-0.4937122200944053
1,8574,-0.042965472,0.2156508258320857,-0.2586162978320857
1,8575,0.51229903,0.23050796850979752,0.2817910614902025
1,8576,1.610606694,-0.07026566179645657,1.6808723557964564
1,8577,1.25980659,0.03824807417390937,1.2215585158260907
1,8578,0.774083369,-0.012158977453176373,0.7862423464531764
1,8579,1.016944979,0.01461216585809133,1.0023328131419087
1,8580,0.49524226,0.02328342339479311,0.4719588366052069
1,8581,1.403724582,0.046294578053720475,1.3574300039462794
1,8582,0.144442156,-0.011586518814564049,0.15602867481456403
1,8583,1.466688703,-0.061005512604367346,1.5276942156043674
1,8584,1.376739958,0.01461216585809133,1.3621277921419086
1,8585,0.07248316,0.04896949327848635,0.023513666721513657
1,8586,-0.35027594,-0.00045077930949633416,-0.3498251606905037
1,8587,0.630165377,-0.04857613487692055,0.6787415118769206
1,8588,1.016944979,-0.032861499224707484,1.0498064782247074
1,8589,1.322770711,-0.012141998492884835,1.3349127094928848
1,8590,0.828052616,-0.010131652468873112,0.8381842684688732
1,8591,1.872136882,-0.07850668506924165,1.9506435670692417
1,8592,0.918867775,-0.05665330050836701,0.9755210755083671
1,8593,0.952051244,-0.07008770252469469,1.0221389465246946
1,8594,1.071291553,-0.07008770252469469,1.1413792555246947
1,8595,1.494250671,-0.015140504814670436,1.5093911758146705
1,8596,1.310216386,0.02315491409284837,1.2870614719071516
1,8597,1.608387259,-0.009850971863072858,1.6182382308630727
1,8598,1.078562255,-0.01135947887879035,1.0899217338787903
1,8599,1.569625684,-0.023295148776802187,1.5929208327768023
1,8600,1.589574973,-0.010253592005099038,1.599828565005099
1,8601,1.261675322,-0.03229951778810634,1.2939748397881063
1,8602,1.172949892,-0.03304758905146003,1.2059974810514602
1,8603,1.667493322,-0.021088716831333038,1.6885820388313328
1,8604,1.599086397,-0.00314898638242228,1.6022353833824223
1,8605,1.19472266,-0.030656441178003188,1.2253791011780033
1,8606,1.382945853,-0.03221265560516551,1.4151585086051655
1,8607,1.588362456,-0.01944564022122986,1.60780809622123
1,8608,1.323703485,-0.0023140529361277357,1.3260175379361276
1,8609,1.146634303,-0.02959663634033652,1.1762309393403365
1,8610,0.919170858,-0.02530187497238478,0.9444727329723848
1,8611,0.885355186,-0.023366031731894756,0.9087212177318947
1,8612,1.18910882,0.0008264480264089495,1.188282371973591
1,8613,0.984650117,-0.031084571745591514,1.0157346887455916
1,8614,1.394729707,-0.02404189758147686,1.4187716045814769
1,8615,1.543275787,-0.061334847178394394,1.6046106341783943
1,8616,1.780616601,-0.04587280653315189,1.826489407533152
1,8617,1.228063481,-0.061005512604367346,1.2890689936043673
1,8618,0.873026988,-0.058339781528319874,0.9313667695283199
1,8619,0.144442156,-0.02168476818882547,0.16612692418882546
1,8620,-0.494193931,-0.04538833586494454,-0.4488055951350554
1,8621,-0.200149607,-0.15670369219876476,-0.04344591480123525
1,8622,0.140562366,-0.15735723792447906,0.297919603924479
1,8623,1.063890387,-0.14640355405724564,1.2102939410572457
1,8624,1.054593913,-0.11348609400327073,1.1680800070032706
1,8625,-0.521079974,-0.10703665300257025,-0.4140433209974297
1,8626,-0.371293668,-0.10774396634740192,-0.2635497016525981
1,8627,1.090084865,-0.10215216295267636,1.1922370279526762
1,8628,0.127976423,-0.09857799734116723,0.22655442034116724
1,8629,0.047011492,0.0244971560695018,0.022514335930498203
1,8630,0.161211619,-0.20363988848485667,0.3648515074848567
1,8631,0.496896334,-0.17852915481171394,0.6754254888117139
1,8632,0.829933974,-0.17852915481171394,1.008463128811714
1,8633,1.378556345,-0.17337637806654915,1.5519327230665492
1,8634,1.325952472,-0.17288723380595428,1.4988397058059544
1,8635,1.345236906,-0.16993210015069732,1.5151690061506973
1,8636,1.406837941,-0.1655825699853802,1.5724205109853802
1,8637,1.592550269,-0.1672812347970469,1.759831503797047
1,8638,1.338693262,-0.1664109745360166,1.5051042365360168
1,8639,1.499914887,0.04427424439969903,1.455640642600301
1,8640,1.345862273,0.04427424439969903,1.301588028600301
1,8641,0.089843982,-0.21512208849127043,0.30496607049127045
1,8642,-1.462011572,0.04463797311374151,-1.5066495451137414
1,8643,-1.376509933,0.04463797311374151,-1.4211479061137413
1,8644,-1.167174957,0.04463797311374151,-1.2118129301137415
1,8645,-0.867166065,0.04463797311374151,-0.9118040381137416
1,8646,-2.626362155,0.07131603689421971,-2.6976781918942194
1,8647,-1.123163626,0.06943626579520408,-1.192599891795204
1,8648,-0.608213322,0.06943626579520408,-0.6776495877952041
1,8649,-1.29174978,0.06943626579520408,-1.361186045795204
1,8650,-1.389106785,0.06943626579520408,-1.4585430507952042
1,8651,-1.389106785,0.06943626579520408,-1.4585430507952042
1,8652,-1.219174313,0.04463797311374151,-1.2638122861137413
1,8653,-1.007239889,0.04463797311374151,-1.0518778621137415
1,8654,-1.080578191,0.04463797311374151,-1.1252161641137415
1,8655,-0.820904905,0.04463797311374151,-0.8655428781137415
1,8656,-0.438312446,0.07131603689421971,-0.5096284828942197
1,8657,-1.249192447,0.06943626579520408,-1.318628712795204
1,8658,-1.108255666,0.06943626579520408,-1.1776919317952041
1,8659,-1.249192447,0.06943626579520408,-1.318628712795204
1,8660,-1.320683178,0.06943626579520408,-1.390119443795204
1,8661,-1.173182753,0.06943626579520408,-1.2426190187952042
1,8662,-1.179318931,0.04463797311374151,-1.2239569041137415
1,8663,-0.685692948,0.04463797311374151,-0.7303309211137415
1,8664,-0.115321571,0.04463797311374151,-0.1599595441137415
1,8665,-0.248576324,0.04463797311374151,-0.2932142971137415
1,8666,-0.574607495,0.07131603689421971,-0.6459235318942197
1,8667,-0.55071178,0.06943626579520408,-0.6201480457952041
1,8668,-1.007239889,0.06943626579520408,-1.0766761547952042
1,8669,-0.960213144,0.06943626579520408,-1.029649409795204
1,8670,-1.257214258,0.06943626579520408,-1.3266505237952042
1,8671,-1.257214258,0.06943626579520408,-1.3266505237952042
1,8672,-1.198555732,0.04463797311374151,-1.2431937051137414
1,8673,-1.191999233,0.04463797311374151,-1.2366372061137414
1,8674,-1.16129028,0.04463797311374151,-1.2059282531137414
1,8675,-0.461795275,0.04463797311374151,-0.5064332481137415
1,8676,-1.352861829,0.07131603689421971,-1.4241778658942197
1,8677,-0.485150347,0.06943626579520408,-0.554586612795204
1,8678,-1.16129028,0.06943626579520408,-1.2307265457952041
1,8679,-1.241388646,0.06943626579520408,-1.3108249117952042
1,8680,-1.301074047,0.06943626579520408,-1.370510312795204
1,8681,-1.364442519,0.06943626579520408,-1.4338787847952041
1,8682,-1.198555732,0.08419989490515865,-1.2827556269051585
1,8683,-0.542492888,0.08419989490515865,-0.6266927829051586
1,8684,-0.174897293,0.08419989490515865,-0.2590971879051587
1,8685,-0.081554674,0.08419989490515865,-0.16575456890515866
1,8686,-1.23379132,0.14398910998826903,-1.377780429988269
1,8687,-1.23379132,0.1384597874188757,-1.3722511074188757
1,8688,-0.891146486,0.1384597874188757,-1.0296062734188758
1,8689,-0.865082151,0.1384597874188757,-1.0035419384188757
1,8690,-1.191999233,0.1384597874188757,-1.3304590204188758
1,8691,-1.063505575,0.1384597874188757,-1.2019653624188757
1,8692,-1.364442519,0.04463797311374151,-1.4090804921137414
1,8693,-0.60150166,0.04463797311374151,-0.6461396331137416
1,8694,0.584633976,0.04463797311374151,0.5399960028862585
1,8695,-0.007072398,0.04463797311374151,-0.05171037111374151
1,8696,-1.462011572,-0.041825430171979414,-1.4201861418280206
1,8697,-0.35523166,0.06943626579520408,-0.42466792579520407
1,8698,-0.307389947,0.06943626579520408,-0.37682621279520406
1,8699,-1.055335402,0.06943626579520408,-1.1247716677952042
1,8700,-0.57085663,0.06943626579520408,-0.6402928957952041
1,8701,-1.098730343,0.06943626579520408,-1.168166608795204
1,8702,-0.615956331,0.11783626516225477,-0.7337925961622548
1,8703,0.159088654,0.11783626516225477,0.04125238883774522
1,8704,0.458283519,0.11783626516225477,0.3404472538377452
1,8705,0.703058464,0.11783626516225477,0.5852221988377453
1,8706,-1.103453512,0.09050935507135986,-1.1939628670713598
1,8707,0.983441514,0.1586913094344215,0.8247502045655786
1,8708,0.425429442,0.1586913094344215,0.2667381325655785
1,8709,0.562182851,0.1586913094344215,0.4034915415655785
1,8710,-0.341495795,0.1586913094344215,-0.5001871044344215
1,8711,-0.62934419,0.1586913094344215,-0.7880354994344214
1,8712,0.294541705,0.0935128445766335,0.20102886042336648
1,8713,0.79238556,0.0935128445766335,0.6988727154233665
1,8714,1.160819916,0.0935128445766335,1.0673070714233663
1,8715,1.147807948,0.0935128445766335,1.0542951034233665
1,8716,0.903365055,-0.004531196033127584,0.9078962510331275
1,8717,1.460641362,0.09002389549768479,1.3706174665023152
1,8718,1.452089388,0.09002389549768479,1.3620654925023152
1,8719,1.181810944,0.09002389549768479,1.0917870485023151
1,8720,1.087547689,0.09002389549768479,0.9975237935023152
1,8721,0.75275002,0.09002389549768479,0.6627261245023153
1,8722,0.213535156,0.17882826490266565,0.03470689109733435
1,8723,1.301236203,0.17882826490266565,1.1224079380973344
1,8724,1.182965929,0.17882826490266565,1.0041376640973345
1,8725,1.45777507,0.17882826490266565,1.2789468050973345
1,8726,-0.310654039,0.1369994331588205,-0.44765347215882045
1,8727,0.423195431,0.22422514615032776,0.19897028484967225
1,8728,0.422575031,0.22422514615032776,0.19834988484967223
1,8729,0.598403434,0.22422514615032776,0.3741782878496722
1,8730,0.173219723,0.22422514615032776,-0.05100542315032777
1,8731,-0.109194165,0.22422514615032776,-0.33341931115032775
1,8732,0.481697168,0.19595393168420472,0.2857432363157953
1,8733,1.486072756,0.19595393168420472,1.2901188243157953
1,8734,1.433403855,0.19595393168420472,1.2374499233157952
1,8735,1.653633934,0.19595393168420472,1.4576800023157952
1,8736,0.226859087,0.16660883639802446,0.06025025060197553
1,8737,1.165148743,0.2449993232763677,0.9201494197236324
1,8738,0.861183989,0.2449993232763677,0.6161846657236323
1,8739,1.071192988,0.2449993232763677,0.8261936647236323
1,8740,0.589151498,0.2449993232763677,0.3441521747236323
1,8741,0.259169551,0.2449993232763677,0.0141702277236323
1,8742,1.253488286,0.18586784763527178,1.0676204383647283
1,8743,1.030679459,0.18586784763527178,0.8448116113647282
1,8744,1.474995635,0.18586784763527178,1.2891277873647282
1,8745,1.536157983,0.18586784763527178,1.3502901353647283
1,8746,-0.169486171,0.12157650325696162,-0.29106267425696164
1,8747,0.513248662,0.2254300723332032,0.28781858966679674
1,8748,0.72881443,0.2254300723332032,0.5033843576667968
1,8749,0.793184883,0.2254300723332032,0.5677548106667968
1,8750,0.629433845,0.2254300723332032,0.40400377266679677
1,8751,-0.207481555,0.2254300723332032,-0.4329116273332032
1,8752,0.982279759,0.17652127996190742,0.8057584790380925
1,8753,1.730091989,0.17652127996190742,1.5535707090380926
1,8754,1.475697775,0.17652127996190742,1.2991764950380926
1,8755,1.533265322,0.17652127996190742,1.3567440420380927
1,8756,0.537389937,0.13199530673843118,0.40539463026156886
1,8757,0.482282197,0.2236677604277088,0.2586144365722912
1,8758,0.293676548,0.2236677604277088,0.07000878757229118
1,8759,0.345309445,0.2236677604277088,0.12164168457229119
1,8760,0.546293189,0.2236677604277088,0.3226254285722912
1,8761,-0.038394893,0.2236677604277088,-0.2620626534277088
1,8762,1.146958857,0.20299518610696451,0.9439636708930355
1,8763,1.535932075,0.20299518610696451,1.3329368888930355
1,8764,1.561571792,0.20299518610696451,1.3585766058930355
1,8765,1.289823426,0.20299518610696451,1.0868282398930356
1,8766,0.895321832,0.16349385178022754,0.7318279802197725
1,8767,0.522607262,0.25039497891703344,0.2722122830829665
1,8768,0.61400565,0.25039497891703344,0.3636106710829665
1,8769,0.47956423,0.25039497891703344,0.22916925108296654
1,8770,0.293702247,0.25039497891703344,0.04330726808296659
1,8771,0.030956072,0.25039497891703344,-0.21943890691703344
1,8772,0.701799064,0.18356086269451352,0.5182382013054865
1,8773,1.707074955,0.18356086269451352,1.5235140923054864
1,8774,1.532208977,0.18356086269451352,1.3486481143054865
1,8775,1.464277137,0.18356086269451352,1.2807162743054865
1,8776,0.659848212,0.11657237683657233,0.5432758351634277
1,8777,0.563862818,0.22487268661058424,0.3389901313894158
1,8778,0.827510833,0.22487268661058424,0.6026381463894157
1,8779,0.439659832,0.22487268661058424,0.21478714538941573
1,8780,0.344433945,0.22487268661058424,0.11956125838941578
1,8781,-0.059616661,0.22487268661058424,-0.28448934761058425
1,8782,1.206159078,-0.3924188306034506,1.5985779086034506
1,8784,-0.832593379,-0.3924188306034506,-0.44017454839654935
1,8787,-0.328714114,-0.3924188306034506,0.06370471660345062
1,8789,-0.636091327,-0.3924188306034506,-0.24367249639654942
1,8797,0.255340616,-0.415940708235163,0.671281324235163
1,8799,-0.338200107,-0.415940708235163,0.07774060123516296
1,8802,-1.518594685,-0.415940708235163,-1.1026539767648371
1,8804,-0.31699853,-0.415940708235163,0.09894217823516299
1,8887,0.51994519,-0.42930749486989705,0.949252684869897
1,8889,-1.794484551,-0.42930749486989705,-1.3651770561301029
1,8892,-0.664409154,-0.42930749486989705,-0.23510165913010295
1,8894,-1.328186832,-0.42930749486989705,-0.898879337130103
1,8895,-0.863793729,-0.10582210105193114,-0.7579716279480688
1,8962,-1.624121259,-0.027008707117734794,-1.5971125518822653
1,8963,-0.740906092,-0.015104007311868811,-0.7258020846881312
1,8964,-0.008483759,0.04487250479047386,-0.05335626379047386
1,8965,-1.911345703,-0.015104007311868811,-1.8962416956881312
1,8966,-0.252624537,0.06604629566366683,-0.3186708326636668
1,8967,-0.008483759,0.12585894648825008,-0.13434270548825009
1,8968,-1.667204925,-0.015104007311868811,-1.6521009176881312
1,8969,0.027419297,0.04909055427838704,-0.02167125727838704
1,8970,-1.408702926,-0.015104007311868811,-1.393598918688131
1,8971,-1.257910092,0.02033337301033351,-1.2782434650103334
1,8972,-1.300993759,-0.10495815926653715,-1.1960355997334629
1,8973,-0.776809147,0.050751018599900805,-0.8275601655999009
1,8974,-0.475223482,0.3088337816051243,-0.7840572636051243
1,8975,-1.825178369,-0.015104007311868811,-1.8100743616881312
1,8976,-1.56667637,-0.015104007311868811,-1.551572362688131
1,8977,-0.202360259,-0.07057687452101075,-0.13178338447898924
1,8978,-0.518307148,-0.05901773122729389,-0.4592894167727061
1,8979,-0.740906092,0.077887959873181,-0.818794051873181
1,8980,1.075788518,-0.05901773122729389,1.134806249227294
1,8981,0.05614174,0.060612133399829474,-0.004470393399829471
1,8982,-0.202360259,0.12542099545694696,-0.32778125445694695
1,8983,-0.202360259,-0.05901773122729389,-0.1433425277727061
1,8984,0.364908019,0.07311203435541208,0.2917959846445879
1,8985,-0.654738759,-0.05901773122729389,-0.5957210277727061
1,8986,-1.064033592,0.009332648179046964,-1.073366240179047
1,8987,-1.035311148,-0.1246975505849002,-0.9106135974150997
1,8988,-0.353153092,0.052989459692009126,-0.40614255169200913
1,8989,-0.073109259,0.390257041724766,-0.463366300724766
1,8990,-1.667204925,-0.05901773122729389,-1.6081871937727061
1,8991,-1.257910092,-0.05901773122729389,-1.198892360772706
1,8992,-0.539848981,-0.005993093889970054,-0.53385588711003
1,8993,-0.030025592,-0.009298637013041742,-0.020726954986958257
1,8994,0.142309074,0.10266295700377617,0.039646116996223835
1,8995,-1.667204925,-0.009298637013041742,-1.6579062879869584
1,8996,0.522881463,0.08163481602098764,0.4412466469790124
1,8998,-1.502050869,-0.009298637013041742,-1.4927522319869584
1,8999,0.580326352,0.11747239850869574,0.4628539534913043
1,9000,-1.222007037,-0.009298637013041742,-1.2127083999869583
1,9001,-1.315354981,0.060050245011177346,-1.3754052260111773
1,9003,-0.030025592,0.08093625133018832,-0.11096184333018833
1,9005,-0.776809147,-0.009298637013041742,-0.7675105099869582
1,9006,-1.825178369,-0.009298637013041742,-1.8158797319869584
1,9008,0.264379463,-0.09286442404453271,0.3572438870445327
1,9010,-1.746191647,-0.09286442404453271,-1.6533272229554674
1,9013,-1.56667637,-0.09286442404453271,-1.4738119459554673
1,9015,-1.300993759,-0.09286442404453271,-1.2081293349554674
1,9020,-1.56667637,-0.09286442404453271,-1.4738119459554673
1,9021,-1.56667637,-0.09286442404453271,-1.4738119459554673
1,9022,0.142309074,-0.12089678544891418,0.26320585944891417
1,9023,-0.073109259,-0.08643499082753196,0.013325731827531967
1,9025,-1.329716203,-0.08643499082753196,-1.2432812121724681
1,9026,0.82446713,0.01003093763559093,0.8144361923644091
1,9028,-1.099936647,-0.08643499082753196,-1.0135016561724681
1,9030,-1.013769314,-0.08643499082753196,-0.927334323172468
1,9031,-0.783989759,-0.04089277163523055,-0.7430969873647695
1,9033,0.731119185,-0.034310179758751835,0.7654293647587518
1,9035,-1.552315147,-0.08643499082753196,-1.4658801561724681
1,9036,-1.624121259,-0.08643499082753196,-1.5376862681724681
1,9037,-0.424959204,-0.008938848767021728,-0.41602035523297826
1,9038,-0.030025592,0.005828152868621048,-0.03585374486862105
1,9039,-0.331611259,0.07017158599554243,-0.4017828449955424
1,9040,0.731119185,0.005828152868621048,0.7252910321313789
1,9041,0.192573352,0.0765472916606773,0.11602606033932271
1,9042,-0.202360259,0.12898405319124145,-0.33134431219124144
1,9043,0.580326352,0.005828152868621048,0.574498199131379
1,9044,-0.173637815,0.06873393876039363,-0.24237175376039363
1,9045,-1.013769314,0.005828152868621048,-1.019597466868621
1,9046,-0.008483759,0.026335504576715022,-0.034819263576715026
1,9047,-0.331611259,-0.07997003850076592,-0.2516412204992341
1,9048,0.364908019,0.05841169288468938,0.3064963261153106
1,9049,0.731119185,0.325728654808357,0.40539053019164295
1,9050,-0.331611259,0.005828152868621048,-0.33743941186862103
1,9051,-0.539848981,0.005828152868621048,-0.545677133868621
1,9052,0.522881463,-0.057587992334357595,0.5804694553343577
1,9053,0.407991685,-0.03533630579479208,0.44332799079479207
1,9054,0.522881463,0.02918106733367397,0.49370039566632606
1,9055,1.291206851,-0.03533630579479208,1.3265431567947923
1,9056,0.924995685,0.024635571567092382,0.9003601134329076
1,9057,0.544423296,0.11021595908592391,0.43420733691407604
1,9058,0.192573352,-0.03533630579479208,0.22790965779479208
1,9059,0.264379463,0.0358526981709563,0.2285267648290437
1,9060,-1.257910092,-0.03533630579479208,-1.2225737862052077
1,9061,0.264379463,-0.016532513041693144,0.2809119760416931
1,9062,0.264379463,-0.11016677854165965,0.3745462415416596
1,9063,-0.424959204,0.029734733391083127,-0.4546939373910831
1,9064,0.429533519,0.2582426099443378,0.1712909090556622
1,9065,-0.898879537,-0.03533630579479208,-0.8635432312052079
1,9066,-0.101831704,-0.03533630579479208,-0.06649539820520792
1,9067,0.82446713,-0.11285166983322666,0.9373187998332267
1,9068,0.939356907,-0.1010984082801167,1.0404553152801166
1,9069,-0.008483759,0.02316816296360069,-0.03165192196360069
1,9070,-0.733725481,-0.1010984082801167,-0.6326270727198833
1,9071,-0.101831704,-0.0009643853868527571,-0.10086731861314724
1,9072,0.192573352,0.08913599830194707,0.10343735369805293
1,9073,-0.539848981,-0.1010984082801167,-0.4387505727198833
1,9074,0.731119185,0.011773340852674181,0.7193458441473257
1,9075,-1.013769314,-0.1010984082801167,-0.9126709057198832
1,9076,0.192573352,-0.06180540504628327,0.25437875704628327
1,9077,-0.475223482,-0.14155051826290208,-0.33367296373709787
1,9078,0.099225408,-0.01569257301909466,0.11491798101909466
1,9080,-0.783989759,-0.1010984082801167,-0.6828913507198833
1,9081,-0.654738759,-0.1010984082801167,-0.5536403507198833
1,9082,0.264379463,-0.12424944462202255,0.3886289076220225
1,9083,0.82446713,-0.09525730494545383,0.9197244349454539
1,9084,0.142309074,0.03076547014479735,0.11154360385520265
1,9085,-0.288527593,-0.09525730494545383,-0.1932702880545462
1,9086,0.924995685,0.012339008722029799,0.9126566762779702
1,9087,0.731119185,0.08347718169299215,0.6476420033070078
1,9088,0.285921297,-0.09525730494545383,0.38117860194545383
1,9089,0.264379463,0.01574349027351715,0.24863597272648283
1,9090,-0.539848981,-0.09525730494545383,-0.4445916760545462
1,9091,1.061427296,-0.0613304310058964,1.1227577270058964
1,9092,-0.008483759,-0.16257303033525672,0.1540892713352567
1,9093,0.429533519,-0.03330176427590355,0.4628352832759035
1,9094,-0.424959204,0.24278813026524004,-0.66774733426524
1,9095,-0.202360259,-0.09525730494545383,-0.10710295405454616
1,9096,-0.331611259,-0.09525730494545383,-0.23635395405454618
1,9097,0.522881463,-0.09857269673080825,0.6214541597308083
1,9098,0.142309074,-0.06554607808193198,0.207855152081932
1,9099,0.881912019,0.045291620080098995,0.836620398919901
1,9100,-1.56667637,-0.06554607808193198,-1.501130291918068
1,9101,0.364908019,0.028410930433533856,0.3364970885664661
1,9102,0.027419297,0.1053861875646892,-0.07796689056468921
1,9103,-1.624121259,-0.06554607808193198,-1.5585751809180681
1,9104,-0.331611259,0.02630130776972553,-0.3579125667697255
1,9105,-1.480509036,-0.06554607808193198,-1.414962957918068
1,9106,-1.171742759,-0.046301227824451355,-1.1254415311755486
1,9107,-1.552315147,-0.14024507971037758,-1.4120700672896225
1,9108,0.580326352,-0.007671087240144905,0.5879974392401449
1,9110,-1.789275313,-0.06554607808193198,-1.7237292349180682
1,9111,-1.43742537,-0.06554607808193198,-1.371879291918068
1,9112,0.142309074,-0.040433438838298086,0.1827425128382981
1,9113,0.364908019,-0.015419987394821817,0.3803280063948218
1,9114,0.522881463,0.0856288203935963,0.43725264260640373
1,9115,-1.667204925,-0.015419987394821817,-1.6517849376051783
1,9116,-0.030025592,0.06720887174342521,-0.09723446374342522
1,9117,0.924995685,0.1578587882317331,0.7671368967682668
1,9118,-1.89698448,-0.015419987394821817,-1.8815644926051782
1,9119,0.05614174,0.08375549963319681,-0.02761375963319681
1,9120,-1.222007037,-0.015419987394821817,-1.2065870496051783
1,9121,-0.898879537,0.013800894481334902,-0.9126804314813349
1,9122,-1.480509036,-0.07821562700168631,-1.4022934089983137
1,9123,0.142309074,0.05639034407151409,0.08591872992848593
1,9124,0.82446713,0.2852091606509358,0.5392579693490642
1,9125,-1.624121259,-0.015419987394821817,-1.6087012716051783
1,9126,-1.408702926,-0.015419987394821817,-1.3932829386051782
1,9127,0.522881463,-0.07207339675886261,0.5949548597588626
1,9128,0.939356907,-0.048462160680426365,0.9878190676804264
1,9129,-0.202360259,0.023251906208916297,-0.22561216520891628
1,9130,1.075788518,-0.048462160680426365,1.1242506786804263
1,9131,0.544423296,0.02967684752650304,0.5147464484734969
1,9132,0.788564074,0.05648285717151642,0.7320812168284835
1,9133,-0.353153092,-0.048462160680426365,-0.30469093131957364
1,9134,0.099225408,0.05364976094180296,0.04557564705819704
1,9135,-0.424959204,-0.048462160680426365,-0.3764970433195736
1,9136,-0.173637815,0.014712292101463473,-0.18835010710146347
1,9137,-0.202360259,-0.14547023279738508,-0.05689002620261491
1,9138,0.05614174,-0.0019410536725925106,0.05808279367259251
1,9140,-0.898879537,-0.048462160680426365,-0.8504173763195736
1,9141,-0.008483759,-0.048462160680426365,0.039978401680426365
1,9142,-1.89698448,-0.20232102934479038,-1.6946634506552096
1,9143,-1.071214203,-0.17915979017328396,-0.892054412826716
1,9145,1.190678296,-0.17915979017328396,1.369838086173284
1,9146,0.666493686,-0.16395396205482402,0.8304476480548241
1,9148,-0.353153092,-0.17915979017328396,-0.17399330182671605
1,9150,0.479797797,-0.17915979017328396,0.658957587173284
1,9151,-0.173637815,-0.18640831534357674,0.01277050034357674
1,9153,-0.654738759,-0.14201604409131444,-0.5127227149086856
1,9155,-0.841434648,-0.17915979017328396,-0.662274857826716
1,9156,0.522881463,-0.17915979017328396,0.702041253173284
1,9157,-1.56667637,-0.032316328654678955,-1.534360041345321
1,9158,-0.783989759,-0.009622384711057893,-0.7743673742889421
1,9159,-1.408702926,0.03611737741338979,-1.4448203034133897
1,9160,0.099225408,-0.009622384711057893,0.10884779271105789
1,9161,-0.353153092,0.04662534801334653,-0.3997784400133465
1,9162,-0.202360259,0.10363749515794583,-0.30599775415794583
1,9163,-1.222007037,-0.009622384711057893,-1.212384652288942
1,9164,-0.424959204,0.038857701911154556,-0.46381690591115454
1,9165,-0.101831704,-0.009622384711057893,-0.0922093192889421
1,9166,0.285921297,0.0010151373180168628,0.28490615968198313
1,9167,-0.618835703,-0.10028959661153652,-0.5185461063884635
1,9168,-0.783989759,0.037160463123796485,-0.8211502221237965
1,9169,-0.008483759,0.28151797163985504,-0.290001730639855
1,9170,-1.013769314,-0.009622384711057893,-1.004146929288942
1,9171,0.731119185,-0.009622384711057893,0.7407415697110579
1,9172,-0.913240758,-0.0375908561172682,-0.8756499018827318
1,9173,0.300282518,-0.005930330497640983,0.30621284849764097
1,9174,-0.539848981,0.031940218835098025,-0.571789199835098
1,9175,1.075788518,-0.005930330497640983,1.081718848497641
1,9176,2.145699573,0.04164525795541414,2.1040543150445856
1,9177,0.285921297,0.10674109034015636,0.17918020665984366
1,9178,0.099225408,-0.005930330497640983,0.10515573849764098
1,9179,0.939356907,0.02719572564721581,0.9121611813527841
1,9180,0.82446713,-0.005930330497640983,0.8303974604976411
1,9181,2.476007685,-0.005677302686823294,2.481684987686823
1,9182,0.924995685,-0.10871495755793097,1.033710642557931
1,9183,-0.202360259,0.0368596796553228,-0.2392199386553228
1,9184,2.547813795,0.27297579676944417,2.2748379982305558
1,9185,-0.302888814,-0.005930330497640983,-0.29695848350235904
1,9186,0.142309074,-0.005930330497640983,0.148239404497641
1,9187,1.564070074,0.04543025890549509,1.5186398150945049
1,9188,1.226581352,0.0326558486073967,1.1939255033926033
1,9189,1.456360907,0.15820304663061224,1.298157860369388
1,9190,1.47790274,0.0326558486073967,1.4452468913926033
1,9191,1.47790274,0.13986166862707097,1.338041071372929
1,9192,1.506625185,0.20489484440026673,1.3017303405997334
1,9193,0.300282518,0.0326558486073967,0.2676266693926033
1,9194,1.506625185,0.164165193066785,1.342459991933215
1,9195,0.924995685,0.0326558486073967,0.8923398363926033
1,9196,1.190678296,0.10001950437079098,1.090658791629209
1,9197,-0.173637815,-0.03715816396174351,-0.1364796510382565
1,9198,0.996801796,0.1502425085357686,0.8465592874642314
1,9200,-0.101831704,0.0326558486073967,-0.1344875526073967
1,9201,-0.475223482,0.0326558486073967,-0.5078793306073967
1,9202,1.384554796,0.5767724734916845,0.8077823225083155
1,9203,1.836933296,0.4770301808568625,1.3599031151431376
1,9205,0.364908019,0.4770301808568625,-0.11212216185686252
1,9208,-0.101831704,0.4770301808568625,-0.5788618848568625
1,9210,0.285921297,0.4770301808568625,-0.19110888385686248
1,9215,1.061427296,0.4770301808568625,0.5843971151431375
1,9216,0.82446713,0.4770301808568625,0.34743694914313755
1,9217,1.99490674,0.07650345333539818,1.918403286664602
1,9218,1.793849629,0.05395158762206267,1.7398980413779372
1,9219,1.549708852,0.19257965454806092,1.357129197451939
1,9220,0.666493686,0.05395158762206267,0.6125420983779374
1,9221,2.203144462,0.1737685750032589,2.0293758869967413
1,9222,0.027419297,0.21497434793128123,-0.18755505093128122
1,9223,0.099225408,0.05395158762206267,0.045273820377937334
1,9224,2.64116174,0.18337920076480027,2.4577825392351995
1,9225,1.391735408,0.05395158762206267,1.3377838203779373
1,9226,2.37547913,0.13980308448427062,2.235676045515729
1,9227,2.203144462,0.004459081295471606,2.1986853807045286
1,9228,1.564070074,0.1483845727433449,1.4156855012566552
1,9230,0.939356907,0.05395158762206267,0.8854053193779373
1,9231,1.793849629,0.05395158762206267,1.7398980413779372
1,9233,-0.917631254,-0.19713076261892537,-0.7205004913810746
1,9236,0.490542231,-0.19713076261892537,0.6876729936189254
1,9237,-1.196975981,-0.19713076261892537,-0.9998452183810747
1,9239,-1.450132106,-0.19713076261892537,-1.2530013433810747
1,9241,-1.549129554,-0.19713076261892537,-1.3519987913810747
1,9242,-1.549129554,-0.19713076261892537,-1.3519987913810747
1,9243,-1.108500375,-0.18778271478182418,-0.9207176602181758
1,9244,-1.207719882,-0.18778271478182418,-1.0199371672181758
1,9245,-1.386318308,-0.18778271478182418,-1.198535593218176
1,9246,-1.457154032,-0.18778271478182418,-1.2693713172181758
1,9247,-1.521223032,-0.18778271478182418,-1.3334403172181757
1,9248,-0.592525797,0.20020466314997173,-0.7927304601499717
1,9249,0.561575709,0.20020466314997173,0.3613710458500282
1,9250,1.065031019,0.20020466314997173,0.8648263558500283
1,9251,1.16319326,0.20020466314997173,0.9629885968500281
1,9252,0.675908486,0.20020466314997173,0.4757038228500282
1,9264,0.413850115,0.18591868992735464,0.22793142507264538
1,9265,0.474739583,0.18591868992735464,0.28882089307264536
1,9266,0.419993748,0.18591868992735464,0.23407505807264536
1,9267,0.452445299,0.18591868992735464,0.26652660907264536
1,9268,0.010811883,0.18591868992735464,-0.17510680692735464
1,9275,-1.172310858,-0.12188267309682559,-1.0504281849031742
1,9278,-1.151745541,-0.12188267309682559,-1.0298628679031743
1,9279,-1.200250523,-0.12188267309682559,-1.0783678499031744
1,9281,-1.267911134,-0.12188267309682559,-1.1460284609031743
1,9283,-1.517301094,-0.12188267309682559,-1.3954184209031744
1,9284,-1.472856146,-0.12188267309682559,-1.3509734729031744
1,9285,-1.341444709,-0.1851787644877663,-1.1562659445122336
1,9286,-1.093363904,-0.1851787644877663,-0.9081851395122338
1,9287,-1.081589252,-0.1851787644877663,-0.8964104875122336
1,9288,-0.884148952,-0.1851787644877663,-0.6989701875122337
1,9289,-1.087440121,-0.1851787644877663,-0.9022613565122337
1,9290,-0.827130602,0.2725214352739493,-1.0996520372739493
1,9291,0.445519488,0.2725214352739493,0.17299805272605073
1,9292,0.443830293,0.2725214352739493,0.1713088577260507
1,9293,0.508786424,0.2725214352739493,0.23626498872605067
1,9294,-0.578372572,0.2725214352739493,-0.8508940072739493
1,9296,-0.420509597,-0.05537710426401296,-0.365132492735987
1,9299,-0.969572075,-0.05537710426401296,-0.914194970735987
1,9300,-0.771451235,-0.05537710426401296,-0.716074130735987
1,9302,-1.017733473,-0.05537710426401296,-0.9623563687359871
1,9304,-0.704937377,-0.05537710426401296,-0.649560272735987
1,9305,-1.03595557,-0.05537710426401296,-0.9805784657359871
1,9306,-0.406136523,-0.12447493078033627,-0.28166159221966375
1,9307,-0.376621454,-0.12447493078033627,-0.25214652321966374
1,9308,-0.685735348,-0.12447493078033627,-0.5612604172196638
1,9309,-0.611251669,-0.12447493078033627,-0.4867767382196638
1,9310,-0.3077699,-0.12447493078033627,-0.1832949692196637
1,9311,-1.023935659,0.28817374681646174,-1.3121094058164617
1,9312,-0.058925698,0.28817374681646174,-0.3470994448164617
1,9313,0.035594112,0.28817374681646174,-0.25257963481646173
1,9314,0.446341438,0.28817374681646174,0.15816769118353824
1,9315,-1.074507668,0.28817374681646174,-1.3626814148164619
1,9327,-0.962842913,-0.18163961370063425,-0.7812032992993658
1,9328,0.400334343,-0.18163961370063425,0.5819739567006342
1,9329,-1.738078582,-0.18163961370063425,-1.5564389682993658
1,9330,-1.888979288,-0.18163961370063425,-1.7073396742993658
1,9331,-1.399922462,-0.18163961370063425,-1.2182828482993657
1,9332,-1.106561501,0.23601471556104187,-1.342576216561042
1,9333,-0.319126948,0.23601471556104187,-0.5551416635610419
1,9334,1.79872066,0.23601471556104187,1.5627059444389582
1,9335,2.556162883,0.23601471556104187,2.320148167438958
1,9336,1.581155847,0.23601471556104187,1.345141131438958
1,9348,1.082185907,0.23173211674821922,0.8504537902517807
1,9349,1.069268922,0.23173211674821922,0.8375368052517808
1,9350,-0.226584679,0.23173211674821922,-0.45831679574821926
1,9351,-0.16236985,0.23173211674821922,-0.39410196674821923
1,9352,-0.049384893,0.23173211674821922,-0.28111700974821924
1,9369,-0.722435849,0.1642606480062805,-0.8866964970062805
1,9370,-0.180162191,0.1642606480062805,-0.3444228390062805
1,9371,-0.248821515,0.1642606480062805,-0.41308216300628053
1,9372,-0.149196557,0.1642606480062805,-0.3134572050062805
1,9373,-1.544047606,0.1642606480062805,-1.7083082540062804
1,9390,-0.743017738,-0.21286291183023917,-0.5301548261697608
1,9391,-0.909251564,-0.21286291183023917,-0.6963886521697608
1,9392,-1.234381327,-0.21286291183023917,-1.0215184151697607
1,9393,-0.873159792,-0.21286291183023917,-0.6602968801697608
1,9394,-0.388429249,-0.21286291183023917,-0.1755663371697608
1,9411,-1.347480075,-0.21286291183023917,-1.1346171631697608
1,9412,-1.258992316,-0.21286291183023917,-1.0461294041697609
1,9413,0.471871597,-0.21286291183023917,0.6847345088302391
1,9414,-0.756049619,-0.21286291183023917,-0.5431867071697608
1,9415,-1.586537108,-0.21286291183023917,-1.3736741961697607
1,9432,0.477771075,0.15995295286879405,0.31781812213120597
1,9433,1.10178013,0.15995295286879405,0.941827177131206
1,9434,0.721946514,0.15995295286879405,0.5619935611312059
1,9435,0.418628251,0.15995295286879405,0.25867529813120593
1,9436,0.431639142,0.15995295286879405,0.2716861891312059
1,9453,-0.609309482,0.15995295286879405,-0.7692624348687941
1,9454,-0.594725396,0.15995295286879405,-0.754678348868794
1,9455,-0.913349161,0.15995295286879405,-1.073302113868794
1,9456,-1.025822608,0.15995295286879405,-1.1857755608687939
1,9457,-0.913354685,0.15995295286879405,-1.073307637868794
1,9474,0.773466417,0.6356689242558636,0.13779749274413633
1,9475,1.064659816,0.6356689242558636,0.4289908917441364
1,9476,0.707474011,0.6356689242558636,0.07180508674413633
1,9477,0.579509461,0.6356689242558636,-0.05615946325586363
1,9478,0.453015361,0.6356689242558636,-0.18265356325586363
1,9484,0.00620034,-0.13920606908278285,0.14540640908278285
1,9485,-1.338243997,-0.17236810212950204,-1.165875894870498
1,9486,-1.338243997,-0.1525914307004348,-1.1856525662995652
1,9487,0.3796571,-0.19333592557336415,0.5729930255733642
1,9488,0.939842241,-0.14796958727363765,1.0878118282736378
1,9489,-0.018696778,-0.17398095898985155,0.15528418098985156
1,9490,-0.989684354,-0.1791044738135188,-0.8105798801864812
1,9491,-0.529087683,-0.1933785423400806,-0.3357091406599194
1,9492,0.18670444,-0.1025009005123929,0.2892053405123929
1,9493,2.278062298,-0.1701301674267314,2.4481924654267315
1,9494,-0.124509526,-0.20896075758720214,0.08445123158720215
1,9495,-1.188861293,-0.04618014792641913,-1.1426811450735808
1,9496,-1.338243997,-0.2993799532913712,-1.0388640437086287
1,9497,2.116231035,-0.15905107610361,2.27528211110361
1,9498,0.336087145,-0.14383465110865526,0.47992179610865526
1,9499,0.00620034,-0.14946416589112593,0.15566450589112593
1,9500,0.080891692,-0.17145603601467516,0.25234772801467514
1,9501,1.431560307,-0.16594215091556636,1.5975024579155663
1,9502,1.437784587,-0.1602886703359926,1.5980732573359924
1,9503,-0.971011516,-0.15820138440401876,-0.8128101315959813
1,9504,0.062218854,-0.13920606908278285,0.20142492308278284
1,9505,-0.815404533,-0.17236810212950204,-0.643036430870498
1,9506,-0.740713181,-0.1525914307004348,-0.5881217502995653
1,9507,-0.529087683,-0.19333592557336415,-0.3357517574266358
1,9508,-0.024921057,-0.14796958727363765,0.12304853027363766
1,9509,0.958515079,-0.17398095898985155,1.1324960379898514
1,9510,-0.417050655,-0.1791044738135188,-0.2379461811864812
1,9511,-0.024921057,-0.1933785423400806,0.1684574853400806
1,9512,-1.089272823,-0.1025009005123929,-0.986771922487607
1,9513,2.265613738,-0.1701301674267314,2.4357439054267314
1,9514,-0.404602096,-0.20896075758720214,-0.19564133841279788
1,9515,-0.429499214,-0.04618014792641913,-0.3833190660735809
1,9516,-1.288449762,-0.2993799532913712,-0.9890698087086287
1,9517,2.234492342,-0.15905107610361,2.3935434181036097
1,9518,0.672198228,-0.14383465110865526,0.8160328791086552
1,9519,0.778010977,-0.14946416589112593,0.9274751428911259
1,9520,0.155583044,-0.17145603601467516,0.3270390800146752
1,9521,1.12657062,-0.16594215091556636,1.2925127709155664
1,9522,1.823689906,-0.1602886703359926,1.9839785763359927
1,9523,-0.678470387,-0.15820138440401876,-0.5202690025959812
1,9524,-0.56020908,-0.13920606908278285,-0.42100301091721715
1,9525,0.155583044,-0.17236810212950204,0.32795114612950205
1,9526,-0.890095884,-0.1525914307004348,-0.7375044532995652
1,9527,1.40666319,-0.19333592557336415,1.5999991155733642
1,9528,0.441899893,-0.14796958727363765,0.5898694802736376
1,9529,0.062218854,-0.17398095898985155,0.23619981298985154
1,9530,-0.815404533,-0.1791044738135188,-0.6363000591864812
1,9531,-0.379704979,-0.1933785423400806,-0.1863264366599194
1,9532,0.155583044,-0.1025009005123929,0.2580839445123929
1,9533,2.004194007,-0.1701301674267314,2.1743241744267316
1,9534,-0.616227594,-0.20896075758720214,-0.40726683641279793
1,9535,0.535264083,-0.04618014792641913,0.5814442309264191
1,9536,-1.207534131,-0.2993799532913712,-0.9081541777086288
1,9537,2.433669281,-0.15905107610361,2.5927203571036097
1,9538,0.815356653,-0.14383465110865526,0.9591913041086553
1,9539,0.778010977,-0.14946416589112593,0.9274751428911259
1,9540,0.933617961,-0.17145603601467516,1.1050739970146752
1,9541,0.939842241,-0.16594215091556636,1.1057843919155663
1,9542,1.518700219,-0.1602886703359926,1.6789888893359928
1,9543,-0.678470387,-0.15820138440401876,-0.5202690025959812
1,9544,-0.361032141,-0.13920606908278285,-0.22182607191721712
1,9545,-0.267667951,-0.17236810212950204,-0.09529984887049797
1,9546,-0.908768722,-0.1525914307004348,-0.7561772912995652
1,9547,1.101673503,-0.19333592557336415,1.2950094285733642
1,9548,0.155583044,-0.14796958727363765,0.30355263127363763
1,9549,-0.124509526,-0.17398095898985155,0.04947143298985156
1,9550,-0.765610298,-0.1791044738135188,-0.5865058241864812
1,9551,0.958515079,-0.1933785423400806,1.1518936213400806
1,9552,1.556045895,-0.1025009005123929,1.658546795512393
1,9553,0.224050117,-0.1701301674267314,0.39418028442673136
1,9554,-0.454396331,-0.20896075758720214,-0.24543557341279784
1,9555,-0.230322275,-0.04618014792641913,-0.18414212707358085
1,9556,-1.276001203,-0.2993799532913712,-0.9766212497086288
1,9557,2.489687795,-0.15905107610361,2.64873887110361
1,9558,0.684646788,-0.14383465110865526,0.8284814391086552
1,9559,-0.815404533,-0.14946416589112593,-0.6659403671088742
1,9560,0.684646788,-0.17145603601467516,0.8561028240146752
1,9561,0.883823726,-0.16594215091556636,1.0497658769155664
1,9562,1.792568509,-0.1602886703359926,1.9528571793359926
1,9563,-0.616227594,-0.15820138440401876,-0.4580262095959813
1,9564,-0.616227594,-0.13920606908278285,-0.47702152491721717
1,9565,-0.018696778,-0.17236810212950204,0.15367132412950205
1,9566,-1.039478588,-0.1525914307004348,-0.8868871572995651
1,9567,1.201261972,-0.19333592557336415,1.3945978975733642
1,9568,0.224050117,-0.14796958727363765,0.3720197042736376
1,9569,0.292517189,-0.17398095898985155,0.46649814798985156
1,9570,-1.188861293,-0.1791044738135188,-1.0097568191864812
1,9571,-0.124509526,-0.1933785423400806,0.0688690163400806
1,9572,-0.678470387,-0.1025009005123929,-0.575969486487607
1,9573,0.18670444,-0.1701301674267314,0.3568346074267314
1,9574,-0.56020908,-0.20896075758720214,-0.3512483224127979
1,9575,-0.379704979,-0.04618014792641913,-0.3335248310735809
1,9576,-0.971011516,-0.2993799532913712,-0.6716315627086289
1,9577,-0.311237906,-0.15905107610361,-0.15218682989639
1,9578,0.939842241,-0.14383465110865526,1.0836768921086553
1,9579,0.75311386,-0.14946416589112593,0.902578025891126
1,9580,0.441899893,-0.17145603601467516,0.6133559290146752
1,9581,0.958515079,-0.16594215091556636,1.1244572299155664
1,9582,0.815356653,-0.1602886703359926,0.9756453233359926
1,9583,-1.039478588,-0.15820138440401876,-0.8812772035959812
1,9584,-0.616227594,-0.17796031681261132,-0.4382672771873887
1,9585,-0.267667951,-0.18429833074163204,-0.08336962025836797
1,9586,-0.024921057,-0.18367785556833505,0.15875679856833505
1,9587,-0.722040343,-0.1941604849056402,-0.5278798580943598
1,9588,-1.388038231,-0.2392944525394903,-1.1487437784605097
1,9589,0.336087145,-0.24767816951107047,0.5837653145110704
1,9590,-1.556093774,-0.18959700051694067,-1.3664967734830593
1,9591,-0.529087683,-0.2444750430076059,-0.28461263999239406
1,9592,1.182589134,-0.1352409934525488,1.3178301274525488
1,9593,1.419111749,-0.1903938219579328,1.609505570957933
1,9594,-0.616227594,-0.22183133043098388,-0.39439626356901614
1,9595,-0.908768722,-0.11022102181043877,-0.7985477001895612
1,9596,-0.641124711,-0.3256663191019195,-0.3154583918980805
1,9597,1.275953324,-0.2303089687813853,1.5062622927813853
1,9598,0.815356653,-0.17429054468414948,0.9896471976841495
1,9599,0.939842241,-0.1982606320904953,1.1381028730904954
1,9600,-0.267667951,-0.12434877056036053,-0.14331918043963948
1,9601,1.12657062,-0.17762772772393604,1.304198347723936
1,9602,2.147352431,-0.1612532765788241,2.308605707578824
1,9603,0.224050117,-0.189055642955704,0.413105759955704
1,9604,-0.740713181,0.13201075477594273,-0.8727239357759428
1,9605,-0.908768722,0.09795851018633821,-1.0067272321863383
1,9606,0.080891692,0.11053954101336269,-0.02964784901336269
1,9607,0.958515079,0.07289638307213163,0.8856186959278683
1,9608,-1.089272823,0.18857532997591295,-1.277848152975913
1,9609,1.612064408,0.15847366847082922,1.4535907395291707
1,9610,-1.238655527,0.08192268285503049,-1.3205782098550305
1,9611,-0.311237906,0.0862794115055152,-0.3975173175055152
1,9612,0.130685926,0.13306858335882563,-0.0023826573588256184
1,9613,-0.404602096,0.08149202028550023,-0.48609411628550026
1,9614,0.535264083,0.06266745419807393,0.472596628801926
1,9615,0.155583044,0.1588459433634455,-0.0032628993634455095
1,9616,0.080891692,-0.0536661843577372,0.1345578763577372
1,9617,2.029091123,0.09907128953336836,1.9300198334666319
1,9618,-1.188861293,0.1206304598883163,-1.3094917528883163
1,9619,2.166025269,0.10301033489648706,2.0630149341035127
1,9620,0.672198228,0.1008223868597968,0.5713758411402031
1,9621,2.321632252,0.09351943151860263,2.2281128204813974
1,9622,2.203370945,0.018798937630154826,2.1845720073698454
1,9623,0.441899893,0.08641845791552566,0.35548143508447433
1,9624,0.00620034,0.13201075477594273,-0.12581041477594274
1,9625,-0.529087683,0.09795851018633821,-0.6270461931863381
1,9626,-0.971011516,0.11053954101336269,-1.0815510570133626
1,9627,0.00620034,0.07289638307213163,-0.06669604307213163
1,9628,-1.276001203,0.18857532997591295,-1.464576532975913
1,9629,1.562270174,0.15847366847082922,1.4037965055291708
1,9630,-1.50007526,0.08192268285503049,-1.5819979428550306
1,9631,1.201261972,0.0862794115055152,1.1149825604944847
1,9632,-0.56020908,0.13306858335882563,-0.6932776633588257
1,9633,-0.379704979,0.08149202028550023,-0.46119699928550023
1,9634,0.684646788,0.06266745419807393,0.621979333801926
1,9635,-1.4876267,0.1588459433634455,-1.6464726433634456
1,9636,-1.388038231,-0.0536661843577372,-1.3343720466422626
1,9637,1.381766073,0.09907128953336836,1.2826947834666318
1,9638,-1.338243997,0.1206304598883163,-1.4588744568883163
1,9639,2.047763962,0.10301033489648706,1.9447536271035128
1,9640,-0.08716385,0.1008223868597968,-0.18798623685979682
1,9641,1.842362744,0.09351943151860263,1.7488433124813976
1,9642,2.215819504,0.018798937630154826,2.1970205663698454
1,9643,-1.089272823,0.08641845791552566,-1.1756912809155255
1,9644,0.080891692,-0.17988747540442895,0.26077916740442897
1,9645,0.155583044,-0.1922659145646786,0.34784895856467857
1,9646,-1.288449762,-0.1859872419987414,-1.1024625200012586
1,9647,0.603731156,-0.20345395498096852,0.8071851109809686
1,9648,-1.089272823,-0.20471902171363413,-0.8845538012863658
1,9649,0.939842241,-0.20082997440660652,1.1406722154066065
1,9650,-1.338243997,-0.13053495664442025,-1.2077090403555797
1,9651,-1.089272823,-0.215997903749655,-0.873274919250345
1,9652,-0.174303761,-0.14444915191715102,-0.029854609082848982
1,9653,-0.989684354,-0.19143028710473745,-0.7982540668952626
1,9655,-0.491742007,-0.12131475585807884,-0.37042725114192115
1,9657,1.039430709,-0.21685183616774178,1.2562825451677417
1,9658,-0.379704979,-0.17714712120221182,-0.20255785779778818
1,9659,-0.417050655,-0.19602348043875084,-0.22102717456124915
1,9660,0.933617961,-0.10223017169216654,1.0358481326921667
1,9661,1.923278375,-0.18396906997657347,2.1072474449765735
1,9662,1.275953324,-0.17473906952442922,1.4506923935244294
1,9663,-0.267667951,-0.20139365760058342,-0.0662742933994166
1,9664,-0.429499214,0.15679059592580483,-0.5862898099258048
1,9665,0.75311386,0.12682943784748216,0.6262844221525179
1,9666,-1.089272823,0.14289445792289135,-1.2321672809228912
1,9667,0.535264083,0.10260529498083978,0.43265878801916013
1,9668,-1.089272823,0.22325007017684584,-1.3125228931768458
1,9669,0.00620034,0.193148408671762,-0.186948068671762
1,9670,-0.529087683,0.11016886838655002,-0.63925655138655
1,9671,0.155583044,0.12169381474191603,0.03388922925808398
1,9672,0.080891692,0.17576831657529315,-0.09487662457529315
1,9673,-0.971011516,0.10757933116471745,-1.0785908471647174
1,9674,-1.50007526,0.10072022752476616,-1.600795487524766
1,9675,0.224050117,0.20241018280219086,0.02163993419780913
1,9676,-1.50007526,-0.016190747128527253,-1.4838845128714728
1,9677,1.269729045,0.1226320205214664,1.1470970244785337
1,9678,-0.678470387,0.15032796330155457,-0.8287983503015546
1,9679,0.778010977,0.12514334869130253,0.6528676283086975
1,9680,0.778010977,0.13014864798134482,0.6478623290186551
1,9681,2.147352431,0.12378911713272962,2.02356331386727
1,9682,0.75311386,0.05194515156675179,0.7011687084332482
1,9683,-0.989684354,0.12308878659578674,-1.1127731405957868
1,9684,-0.491742007,0.11278320620336679,-0.6045252132033667
1,9685,0.47302129,0.08916333732981406,0.3838579526701859
1,9686,-1.4876267,0.07090620527766944,-1.5585329052776695
1,9687,-0.491742007,0.09054035514202564,-0.5822823621420257
1,9688,-1.039478588,0.22826862584783608,-1.267747213847836
1,9689,-0.616227594,0.21819699784327753,-0.8344245918432776
1,9690,-0.417050655,0.10950657240915089,-0.5265572274091509
1,9691,-1.4876267,0.04152050680197561,-1.5291472068019756
1,9692,-0.024921057,0.149566535311404,-0.17448759231140398
1,9693,-0.024921057,0.07534541685732762,-0.10026647385732762
1,9694,-1.188861293,0.03506351611862241,-1.2239248091186223
1,9695,0.080891692,0.1232792093968087,-0.0423875173968087
1,9697,0.933617961,0.06166266739431355,0.8719552936056865
1,9698,0.815356653,0.07791255733278733,0.7374440956672127
1,9699,0.292517189,0.07001963265188288,0.22249755634811713
1,9700,0.678422508,0.10626455863147226,0.5721579493685278
1,9701,1.325747559,0.0585154856523015,1.2672320733476985
1,9702,-0.024921057,-0.013133441031066893,-0.011787615968933107
1,9703,-0.890095884,0.15050180615836437,-1.0405976901583642
1,9710,0.00620034,-0.5554306147807375,0.5616309547807375
1,9720,-0.205425157,-0.5036855836008901,0.29826042660089014
1,9724,-0.722040343,0.014793319543200786,-0.7368336625432007
1,9725,-1.437832466,-0.004326276903854952,-1.433506189096145
1,9726,-0.989684354,-0.015414997995356486,-0.9742693560046435
1,9727,-0.361032141,-0.01310173293222122,-0.34793040806777875
1,9728,1.12657062,0.0974560877849958,1.0291145322150044
1,9729,0.448124173,0.08301896076741291,0.3651052122325871
1,9730,-0.267667951,0.0005050685695823265,-0.26817301956958234
1,9731,-0.616227594,-0.04703122409237377,-0.5691963699076262
1,9732,-0.205425157,0.05836066705770713,-0.2637858240577071
1,9733,-1.238655527,-0.011463224744682234,-1.2271923022553177
1,9734,-0.678470387,-0.07938525339464324,-0.5990851336053568
1,9735,-0.56020908,0.062289290128966036,-0.622498370128966
1,9736,-0.641124711,-0.1872497904758119,-0.4538749205241881
1,9737,-0.616227594,-0.028636446029229556,-0.5875911479707705
1,9738,0.684646788,-0.007438153214698477,0.6920849412146984
1,9739,0.18670444,-0.019177035828390192,0.2058814758283902
1,9740,0.336087145,0.004656061221533817,0.33143108377846614
1,9741,1.363093235,-0.020688729273738757,1.3837819642737388
1,9742,0.155583044,-0.09721107756730216,0.2527941215673022
1,9743,1.12657062,0.06304165308710288,1.0635289669128971
1,9745,-0.931278187,-0.15222205992011067,-0.7790561270798892
1,9746,-0.931278187,-0.15222205992011067,-0.7790561270798892
1,9748,-0.931278187,-0.15222205992011067,-0.7790561270798892
1,9750,-0.931278187,-0.15222205992011067,-0.7790561270798892
1,9751,-0.931278187,-0.15222205992011067,-0.7790561270798892
1,9752,-0.931278187,-0.15222205992011067,-0.7790561270798892
1,9753,-0.931278187,-0.15222205992011067,-0.7790561270798892
1,9762,-0.931278187,-0.19430070035885402,-0.7369774866411459
1,9763,0.201357446,-0.06402463178154082,0.2653820777815408
1,9764,1.333993079,-0.06402463178154082,1.3980177107815408
1,9765,2.466628713,-0.12312803513075056,2.5897567481307506
1,9766,-0.931278187,-0.06402463178154082,-0.8672535552184591
1,9767,1.333993079,-0.12312803513075056,1.4571211141307507
1,9768,0.201357446,-0.06402463178154082,0.2653820777815408
1,9769,0.201357446,-0.06402463178154082,0.2653820777815408
1,9770,-0.931278187,-0.06402463178154082,-0.8672535552184591
1,9771,-0.931278187,-0.06402463178154082,-0.8672535552184591
1,9780,-0.931278187,-0.19593643637814714,-0.7353417506218528
1,9781,0.201357446,-0.0743793594622536,0.2757368054622536
1,9782,0.201357446,-0.0743793594622536,0.2757368054622536
1,9783,1.333993079,-0.1404079086244292,1.4744009876244293
1,9784,0.201357446,-0.0743793594622536,0.2757368054622536
1,9785,1.333993079,-0.1404079086244292,1.4744009876244293
1,9786,0.201357446,-0.0743793594622536,0.2757368054622536
1,9787,0.201357446,-0.0743793594622536,0.2757368054622536
1,9788,-0.931278187,-0.0743793594622536,-0.8568988275377464
1,9789,-0.931278187,-0.0743793594622536,-0.8568988275377464
1,9798,0.201357446,-0.1451114053457809,0.34646885134578087
1,9799,1.333993079,-0.0743793594622536,1.4083724384622536
1,9800,1.333993079,-0.0743793594622536,1.4083724384622536
1,9801,1.333993079,-0.1404079086244292,1.4744009876244293
1,9802,0.201357446,-0.0743793594622536,0.2757368054622536
1,9803,0.201357446,-0.1404079086244292,0.3417653546244292
1,9804,0.201357446,-0.0743793594622536,0.2757368054622536
1,9805,0.201357446,-0.0743793594622536,0.2757368054622536
1,9806,0.201357446,-0.0743793594622536,0.2757368054622536
1,9807,-0.931278187,-0.0743793594622536,-0.8568988275377464
1,9816,1.333993079,-0.1451114053457809,1.479104484345781
1,9817,1.333993079,-0.0743793594622536,1.4083724384622536
1,9818,0.201357446,-0.0743793594622536,0.2757368054622536
1,9819,1.333993079,-0.1404079086244292,1.4744009876244293
1,9820,0.201357446,-0.0743793594622536,0.2757368054622536
1,9821,1.333993079,-0.1404079086244292,1.4744009876244293
1,9822,0.201357446,-0.0743793594622536,0.2757368054622536
1,9823,0.201357446,-0.0743793594622536,0.2757368054622536
1,9824,1.333993079,-0.0743793594622536,1.4083724384622536
1,9825,-0.931278187,-0.0743793594622536,-0.8568988275377464
1,9834,-0.931278187,-0.1451114053457809,-0.786166781654219
1,9835,1.333993079,-0.0743793594622536,1.4083724384622536
1,9836,1.333993079,-0.0743793594622536,1.4083724384622536
1,9837,1.333993079,-0.1404079086244292,1.4744009876244293
1,9838,1.333993079,-0.0743793594622536,1.4083724384622536
1,9839,2.466628713,-0.1404079086244292,2.607036621624429
1,9840,1.333993079,-0.0743793594622536,1.4083724384622536
1,9841,0.201357446,-0.0743793594622536,0.2757368054622536
1,9842,1.333993079,-0.0743793594622536,1.4083724384622536
1,9843,-0.931278187,-0.0743793594622536,-0.8568988275377464
1,9852,0.201357446,-0.1451114053457809,0.34646885134578087
1,9853,0.201357446,-0.0743793594622536,0.2757368054622536
1,9854,0.201357446,-0.0743793594622536,0.2757368054622536
1,9855,0.201357446,-0.1404079086244292,0.3417653546244292
1,9856,0.201357446,-0.0743793594622536,0.2757368054622536
1,9857,0.201357446,-0.1404079086244292,0.3417653546244292
1,9858,0.201357446,-0.0743793594622536,0.2757368054622536
1,9859,0.201357446,-0.0743793594622536,0.2757368054622536
1,9860,1.333993079,-0.0743793594622536,1.4083724384622536
1,9861,0.201357446,-0.0743793594622536,0.2757368054622536
1,9870,0.201357446,-0.1451114053457809,0.34646885134578087
1,9871,-0.931278187,-0.0743793594622536,-0.8568988275377464
1,9872,-0.931278187,-0.0743793594622536,-0.8568988275377464
1,9873,-0.931278187,-0.1404079086244292,-0.7908702783755708
1,9874,-0.931278187,-0.0743793594622536,-0.8568988275377464
1,9875,0.201357446,-0.1404079086244292,0.3417653546244292
1,9876,0.201357446,-0.0743793594622536,0.2757368054622536
1,9877,0.201357446,-0.0743793594622536,0.2757368054622536
1,9878,0.201357446,-0.0743793594622536,0.2757368054622536
1,9879,-0.931278187,-0.0743793594622536,-0.8568988275377464
1,9888,-0.931278187,-0.1451114053457809,-0.786166781654219
1,9889,-0.931278187,-0.0743793594622536,-0.8568988275377464
1,9890,-0.931278187,-0.0743793594622536,-0.8568988275377464
1,9891,-0.931278187,-0.1404079086244292,-0.7908702783755708
1,9892,-0.931278187,-0.0743793594622536,-0.8568988275377464
1,9893,-0.931278187,-0.1404079086244292,-0.7908702783755708
1,9894,-0.931278187,-0.0743793594622536,-0.8568988275377464
1,9895,-0.931278187,-0.0743793594622536,-0.8568988275377464
1,9896,-0.931278187,-0.0743793594622536,-0.8568988275377464
1,9897,0.201357446,-0.0743793594622536,0.2757368054622536
1,9906,-0.931278187,-0.1451114053457809,-0.786166781654219
1,9907,-0.931278187,-0.0743793594622536,-0.8568988275377464
1,9908,-0.931278187,-0.0743793594622536,-0.8568988275377464
1,9909,-0.931278187,-0.1404079086244292,-0.7908702783755708
1,9910,-0.931278187,-0.0743793594622536,-0.8568988275377464
1,9911,-0.931278187,-0.1404079086244292,-0.7908702783755708
1,9912,-0.931278187,-0.0743793594622536,-0.8568988275377464
1,9913,-0.931278187,-0.0743793594622536,-0.8568988275377464
1,9914,-0.931278187,-0.0743793594622536,-0.8568988275377464
1,9915,-0.931278187,-0.0743793594622536,-0.8568988275377464
1,9925,-0.988881616,-0.3670953628792063,-0.6217862531207937
1,9926,-0.61730292,-0.2997076508916119,-0.3175952691083881
1,9927,-0.959411836,-0.09110949034287386,-0.8683023456571262
1,9928,-0.601195013,-0.027762207633881424,-0.5734328053661186
1,9929,-0.258656655,-0.031911468121061166,-0.22674518687893885
1,9930,-1.581312962,-0.2476338485891805,-1.3336791134108195
1,9931,-1.297425749,-0.29404926339093024,-1.00337648560907
1,9932,-0.704994405,-0.10681027214214503,-0.598184132857855
1,9933,0.401904373,-0.016684908913372758,0.41858928191337275
1,9934,-0.74397636,-0.027352361866959485,-0.7166239981330406
1,9935,0.303741203,-0.032115093736463214,0.3358562967364632
1,9936,-0.785648792,-0.20452903393277608,-0.5811197580672239
1,9937,0.267123285,-0.10681027214214503,0.37393355714214505
1,9938,0.459472739,-0.016684908913372758,0.4761576479133728
1,9939,-0.601195013,-0.027352361866959485,-0.5738426511330406
1,9940,-0.724170957,-0.032115093736463214,-0.6920558632635367
1,9941,-0.240890354,-0.03427602509630008,-0.2066143289036999
1,9942,-0.785648792,-0.18090830073880934,-0.6047404912611907
1,9943,1.484146229,-0.016684908913372758,1.5008311379133727
1,9944,0.267123285,-0.027352361866959485,0.2944756468669595
1,9945,0.431374153,-0.032115093736463214,0.4634892467364632
1,9946,1.075461804,-0.03427602509630008,1.1097378290963
1,9947,0.864255125,-0.016163008883329003,0.880418133883329
1,9948,-0.447634879,-0.08520547715659318,-0.3624294018434068
1,9949,1.97395674,-0.027352361866959485,2.0013091018669593
1,9950,1.158586586,-0.032115093736463214,1.1907016797364631
1,9951,1.075461804,-0.03427602509630008,1.1097378290963
1,9952,1.850258728,-0.016163008883329003,1.8664217368833291
1,9953,1.431590428,0.08698735857055091,1.344603069429449
1,9955,-1.487315372,-0.3670953628792063,-1.1202200091207937
1,9956,-0.293678785,-0.2997076508916119,0.00602886589161189
1,9957,-0.056906098,-0.09110949034287386,0.03420339234287385
1,9958,0.438110122,-0.027762207633881424,0.4658723296338814
1,9959,-0.401180525,-0.031911468121061166,-0.36926905687893885
1,9960,-1.770114311,-0.2476338485891805,-1.5224804624108195
1,9961,0.438110122,-0.29404926339093024,0.7321593853909303
1,9962,1.047682612,-0.10681027214214503,1.1544928841421451
1,9963,1.48939396,-0.016684908913372758,1.5060788689133726
1,9964,1.108239179,-0.027352361866959485,1.1355915408669595
1,9965,0.362735914,-0.032115093736463214,0.3948510077364632
1,9966,-1.753255864,-0.20452903393277608,-1.548726830067224
1,9967,0.794482439,-0.10681027214214503,0.901292711142145
1,9968,1.727245633,-0.016684908913372758,1.7439305419133726
1,9969,0.794482439,-0.027352361866959485,0.8218348008669595
1,9970,0.362735914,-0.032115093736463214,0.3948510077364632
1,9971,-0.334023913,-0.03427602509630008,-0.29974788790369994
1,9972,-1.37258911,-0.18090830073880934,-1.1916808092611908
1,9973,1.48939396,-0.016684908913372758,1.5060788689133726
1,9974,0.890164429,-0.027352361866959485,0.9175167908669595
1,9975,0.126473536,-0.032115093736463214,0.1585886297364632
1,9976,-0.26537054,-0.03427602509630008,-0.23109451490369992
1,9977,-0.344625043,-0.016163008883329003,-0.328462034116671
1,9978,-1.259447247,-0.08520547715659318,-1.174241769843407
1,9979,0.770564798,-0.027352361866959485,0.7979171598669594
1,9980,0.389107673,-0.032115093736463214,0.4212227667364632
1,9981,-0.081990906,-0.03427602509630008,-0.04771488090369992
1,9982,-0.425667848,-0.016163008883329003,-0.409504839116671
1,9983,-0.377806656,0.08698735857055091,-0.4647940145705509
1,10074,1.420198753,-0.2008706155840079,1.6210693685840079
1,10076,1.280043528,-0.20517755279263133,1.4852210807926314
1,10077,1.195000226,-0.21618877398668937,1.4111889999866896
1,10079,1.088792214,-0.2673497016902491,1.356141915690249
1,10080,0.976946324,-0.26469268669649065,1.2416390106964907
1,10081,0.872146662,-0.19029342266515478,1.0624400846651547
1,10082,0.830463893,-0.22328709647230538,1.0537509894723054
1,10083,0.702537045,-0.2552010781471084,0.9577381231471085
1,10084,0.687113981,-0.24261206445337755,0.9297260454533776
1,10085,0.521218954,-0.16910524427896273,0.6903241982789627
1,10086,0.456421461,-0.25620053386224195,0.7126219948622419
1,10087,0.317028062,-0.2678737543761308,0.5849018163761308
1,10088,0.292038589,-0.2525790641347536,0.5446176531347536
1,10089,0.255440727,-0.1929979952205397,0.4484387222205397
1,10090,0.208315223,-0.21273253716138385,0.42104776016138384
1,10091,-0.15276721,-0.21069247592456375,0.05792526592456376
1,10092,-0.212150455,-0.2661771223414033,0.054026667341403295
1,10093,-0.671353631,-0.20381967408289384,-0.4675339569171062
1,10094,-0.902189671,-0.2515708158023464,-0.6506188551976536
1,10095,-1.258069011,-0.23589236157185997,-1.02217664942814
1,10097,-1.803441617,-0.1965576501327004,-1.6068839668672996
1,10099,-2.160431632,-0.19622401159219285,-1.964207620407807
1,10105,-0.290267454,-0.2109418986000028,-0.0793255553999972
1,10106,-1.869172677,-0.2834850384249151,-1.5856876385750849
1,10107,-0.913476382,-0.3506788169811605,-0.5627975650188395
1,10108,-0.21124909,-0.27879305375741054,0.06754396375741054
1,10109,-0.38850273,-0.2963353279162092,-0.09216740208379082
1,10110,0.975372209,-0.2175760348936611,1.1929482438936612
1,10111,-1.161077378,-0.3470628891992076,-0.8140144888007925
1,10112,0.097695579,-0.3258119751050307,0.4235075541050307
1,10113,0.405852919,-0.3053989791457434,0.7112518981457434
1,10114,1.410936954,-0.3180998794815642,1.7290368334815642
1,10115,-0.2644843,-0.2052852975722283,-0.05919900242777171
1,10116,-0.269532925,-0.29380960014532254,0.024276675145322557
1,10117,0.204494121,-0.3184323871972434,0.5229265081972434
1,10118,0.666750925,-0.25991278781835714,0.9266637128183571
1,10119,1.494575464,-0.2738330125612439,1.7684084765612438
1,10120,0.025769106,-0.21370490159110422,0.2394740075911042
1,10121,0.863297394,-0.3030290161609985,1.1663264101609985
1,10122,1.416387616,-0.3309583829917885,1.7473459989917886
1,10123,1.638383094,-0.2738330125612439,1.9122161065612437
1,10124,0.234255306,-0.2937892459790771,0.5280445519790771
1,10125,-0.409688151,-0.21578205243321416,-0.19390609856678584
1,10126,-1.371436547,-0.26877427334092463,-1.1026622736590754
1,10127,-0.564496748,-0.33202840086519314,-0.2324683471348069
1,10128,-0.423412661,-0.2659848081798513,-0.1574278528201487
1,10129,0.559150812,-0.28808302060476376,0.8472338326047638
1,10133,0.143260343,-0.3788978537247023,0.5221581967247023
1,10134,-0.279789892,-0.4106206950453907,0.13083080304539074
1,10135,-0.338871009,-0.09899087506146237,-0.23988013393853763
1,10136,-0.815820929,-0.014918573155662326,-0.8009023558443377
1,10137,-1.045409092,-0.09899087506146237,-0.9464182169385378
1,10138,-1.068651258,0.2345716093007164,-1.3032228673007165
1,10139,-1.218467446,0.2345716093007164,-1.4530390553007164
1,10140,-0.13333926,-0.09899087506146237,-0.03434838493853762
1,10141,-1.038675476,-0.16874563070776838,-0.8699298452922317
1,10142,-1.654247956,-0.04068968731880214,-1.613558268681198
1,10143,-0.852240705,-0.09899087506146237,-0.7532498299385377
1,10144,-0.866718348,-0.09899087506146237,-0.7677274729385377
1,10145,0.060046027,0.20669662864213534,-0.14665060164213534
1,10146,0.238751747,0.16087186690587363,0.07787988009412636
1,10147,-1.007915533,-0.09899087506146237,-0.9089246579385377
1,10148,-1.468487018,-0.014918573155662326,-1.4535684448443378
1,10149,-1.260190091,-0.09899087506146237,-1.1611992159385376
1,10150,-0.504241718,0.2345716093007164,-0.7388133273007164
1,10151,-2.109097974,0.2345716093007164,-2.3436695833007164
1,10152,-0.463520627,-0.09899087506146237,-0.36452975193853765
1,10153,-1.024513953,-0.16874563070776838,-0.8557683222922317
1,10154,-0.430043785,-0.04068968731880214,-0.3893540976811979
1,10155,-0.369117536,-0.09899087506146237,-0.27012666093853765
1,10156,-1.170304181,-0.09899087506146237,-1.0713133059385378
1,10157,-2.244678246,0.20669662864213534,-2.451374874642135
1,10158,0.008771523,0.16087186690587363,-0.15210034390587363
1,10159,0.221110735,-0.09899087506146237,0.32010161006146237
1,10160,0.005553535,-0.014918573155662326,0.020472108155662326
1,10161,-0.783814402,-0.09899087506146237,-0.6848235269385377
1,10162,-0.338633007,0.2345716093007164,-0.5732046163007164
1,10163,0.021315099,0.2345716093007164,-0.2132565103007164
1,10164,-1.025431973,-0.09899087506146237,-0.9264410979385378
1,10165,-0.553119198,-0.16874563070776838,-0.3843735672922316
1,10166,-0.435487563,-0.04068968731880214,-0.3947978756811979
1,10167,-0.062520479,-0.09899087506146237,0.036470396061462365
1,10168,-0.149875177,-0.09899087506146237,-0.05088430193853763
1,10169,0.24275093,0.20669662864213534,0.036054301357864665
1,10170,0.342652079,0.16087186690587363,0.18178021209412637
1,10171,0.35367011,-0.09899087506146237,0.45266098506146235
1,10172,1.248430612,-0.014918573155662326,1.2633491851556622
1,10173,0.027786435,-0.09899087506146237,0.12677731006146237
1,10174,-0.140890837,0.2345716093007164,-0.3754624463007164
1,10175,-0.021670849,0.2345716093007164,-0.2562424583007164
1,10176,0.85530592,-0.09899087506146237,0.9542967950614625
1,10177,-0.382175533,-0.16874563070776838,-0.21342990229223163
1,10178,0.463380337,-0.04068968731880214,0.5040700243188021
1,10179,0.48292757,-0.09899087506146237,0.5819184450614623
1,10180,3.578887195,-0.09899087506146237,3.6778780700614626
1,10181,-0.684322875,0.20669662864213534,-0.8910195036421353
1,10182,-0.573936424,0.16087186690587363,-0.7348082909058736
1,10183,1.645158808,0.20669662864213534,1.4384621793578645
1,10184,1.602676394,0.32788118459377963,1.2747952094062203
1,10185,0.856131093,0.20669662864213534,0.6494344643578647
1,10186,0.619411373,0.3170412314119025,0.30237014158809755
1,10187,0.743407734,0.3170412314119025,0.42636650258809755
1,10188,1.173610542,0.20669662864213534,0.9669139133578647
1,10189,0.786598377,0.1803417108795859,0.6062566661204141
1,10190,0.38215139,0.1824446371983318,0.1997067528016682
1,10191,0.735117222,0.20669662864213534,0.5284205933578646
1,10192,1.41338706,0.20669662864213534,1.2066904313578646
1,10193,2.942870216,0.20669662864213534,2.736173587357865
1,10194,2.365282581,0.16087186690587363,2.2044107140941267
1,10195,-0.50543298,-0.35015797861177994,-0.1552750013882201
1,10196,1.418019476,-0.07786414973597151,1.4958836257359716
1,10197,-0.536768174,-0.35015797861177994,-0.18661019538822005
1,10200,-0.765883869,-0.35015797861177994,-0.4157258903882201
1,10201,-1.271841822,-0.3649514355618515,-0.9068903864381486
1,10202,-0.523859884,-0.12487814653926009,-0.39898173746073995
1,10203,-0.779407644,-0.35015797861177994,-0.42924966538822
1,10204,0.500986803,-0.35015797861177994,0.8511447816117799
1,10205,-0.091364109,0.4088325526755146,-0.5001966616755146
1,10206,0.419724238,0.33185966062045785,0.08786457737954217
1,10207,0.253531769,-0.35015797861177994,0.60368974761178
1,10208,-1.179261207,-0.07786414973597151,-1.1013970572640284
1,10209,-0.918094754,-0.35015797861177994,-0.5679367753882201
1,10212,-0.366233443,-0.35015797861177994,-0.01607546438822005
1,10213,-0.523256743,-0.3649514355618515,-0.15830530743814852
1,10214,0.074904699,-0.12487814653926009,0.1997828455392601
1,10215,-0.385289206,-0.35015797861177994,-0.035131227388220054
1,10216,-0.077031933,-0.35015797861177994,0.27312604561177994
1,10217,0.54266023,0.4088325526755146,0.13382767732448536
1,10218,0.551534436,0.33185966062045785,0.2196747753795421
1,10219,-0.122606998,-0.35015797861177994,0.22755098061177995
1,10220,1.483699185,-0.07786414973597151,1.5615633347359716
1,10221,0.158852549,-0.35015797861177994,0.50901052761178
1,10224,0.132435433,-0.35015797861177994,0.48259341161177993
1,10225,-0.121973861,-0.3649514355618515,0.24297757456185148
1,10226,-0.413303704,-0.12487814653926009,-0.2884255574607399
1,10227,-0.296362071,-0.35015797861177994,0.053795907611779936
1,10228,0.402825616,-0.35015797861177994,0.75298359461178
1,10229,2.525783715,0.4088325526755146,2.1169511623244857
1,10230,1.605888557,0.33185966062045785,1.2740288963795423
1,10231,2.601702646,-0.35015797861177994,2.95186062461178
1,10232,2.881056582,-0.07786414973597151,2.9589207317359714
1,10233,1.486948013,-0.35015797861177994,1.8371059916117798
1,10236,1.786020592,-0.35015797861177994,2.13617857061178
1,10237,0.244660911,-0.3649514355618515,0.6096123465618515
1,10238,0.377023517,-0.12487814653926009,0.50190166353926
1,10239,0.327284796,-0.35015797861177994,0.6774427746117799
1,10240,1.4769139,-0.35015797861177994,1.8270718786117799
1,10241,-0.115846615,0.4088325526755146,-0.5246791676755146
1,10242,-0.282197947,0.33185966062045785,-0.6140576076204578
1,10243,1.929872719,0.4088325526755146,1.5210401663244855
1,10245,1.729011925,0.4088325526755146,1.3201793723244855
1,10248,1.69783926,0.4088325526755146,1.2890067073244855
1,10249,0.744844345,0.35638584356140657,0.3884585014385934
1,10250,0.769842879,0.39350927732913066,0.3763336016708694
1,10251,0.876768524,0.4088325526755146,0.46793597132448544
1,10252,2.461377949,0.4088325526755146,2.0525453963244855
1,10253,1.700522187,0.4088325526755146,1.2916896343244855
1,10254,-1.538356891,0.33185966062045785,-1.8702165516204579
1,10255,0.068553105,-0.14623093912138363,0.21478404412138363
1,10256,0.889162303,-0.05271082821877377,0.9418731312187738
1,10257,-0.350313827,-0.14623093912138363,-0.2040828878786164
1,10258,-1.511325784,0.2061071705196161,-1.717432954519616
1,10259,-0.892992335,0.2061071705196161,-1.099099505519616
1,10260,-1.046353196,-0.14623093912138363,-0.9001222568786165
1,10261,-1.508438914,-0.21632060589223798,-1.292118308107762
1,10262,-1.104670257,-0.053352509679428006,-1.051317747320572
1,10263,-0.87467986,-0.14623093912138363,-0.7284489208786163
1,10264,-0.21260503,-0.14623093912138363,-0.06637409087861637
1,10265,0.23155792,0.2675682428874374,-0.03601032288743741
1,10266,0.276138111,0.2103184905493777,0.06581962045062231
1,10267,-0.246126899,-0.14623093912138363,-0.09989595987861638
1,10268,0.907505172,-0.05271082821877377,0.9602160002187738
1,10269,0.085401338,-0.14623093912138363,0.23163227712138362
1,10270,-1.136791491,0.2061071705196161,-1.3428986615196161
1,10271,-1.22742114,0.2061071705196161,-1.433528310519616
1,10272,-1.075475072,-0.14623093912138363,-0.9292441328786163
1,10273,-0.747610772,-0.21632060589223798,-0.531290166107762
1,10274,-0.499424505,-0.053352509679428006,-0.446071995320572
1,10275,-0.423916771,-0.14623093912138363,-0.2776858318786164
1,10276,-0.269934235,-0.14623093912138363,-0.12370329587861639
1,10277,0.734642534,0.2675682428874374,0.4670742911125626
1,10278,0.138011352,0.2103184905493777,-0.0723071385493777
1,10279,0.213014649,-0.14623093912138363,0.35924558812138363
1,10280,1.228782036,-0.05271082821877377,1.2814928642187737
1,10281,0.144429434,-0.14623093912138363,0.2906603731213836
1,10282,-0.852502771,0.2061071705196161,-1.0586099415196162
1,10283,0.148389361,0.2061071705196161,-0.05771780951961611
1,10284,0.2565318,-0.14623093912138363,0.4027627391213836
1,10285,-0.899381614,-0.21632060589223798,-0.683061008107762
1,10286,-0.265837869,-0.053352509679428006,-0.212485359320572
1,10287,-0.928684203,-0.14623093912138363,-0.7824532638786164
1,10288,0.186036533,-0.14623093912138363,0.33226747212138363
1,10289,2.538883122,0.2675682428874374,2.2713148791125626
1,10290,1.501408154,0.2103184905493777,1.2910896634506221
1,10291,1.677211399,-0.14623093912138363,1.8234423381213836
1,10292,2.946458486,-0.05271082821877377,2.999169314218774
1,10293,0.808023967,-0.14623093912138363,0.9542549061213836
1,10294,0.80589103,0.2061071705196161,0.5997838594803838
1,10295,1.238154461,0.2061071705196161,1.032047290480384
1,10296,0.762265389,-0.14623093912138363,0.9084963281213836
1,10297,0.211982465,-0.21632060589223798,0.42830307089223796
1,10298,0.368830564,-0.053352509679428006,0.42218307367942803
1,10299,0.691572343,-0.14623093912138363,0.8378032821213837
1,10300,1.566707903,-0.14623093912138363,1.7129388421213836
1,10301,1.07131771,0.2675682428874374,0.8037494671125626
1,10302,0.734145245,0.2103184905493777,0.5238267544506223
1,10303,1.380852199,0.2675682428874374,1.1132839561125625
1,10304,2.881478059,0.39137684845893556,2.4901012105410643
1,10305,1.599151851,0.2675682428874374,1.3315836081125627
1,10306,0.451068508,0.3831968125513274,0.06787169544867255
1,10307,1.398162545,0.3831968125513274,1.0149657324486725
1,10308,1.691392471,0.2675682428874374,1.4238242281125624
1,10309,0.765234,0.2232624110292835,0.5419715889707165
1,10310,1.160592912,0.2587930219469497,0.9017998900530504
1,10311,0.474054809,0.2675682428874374,0.2064865661125626
1,10312,-0.511976652,0.2675682428874374,-0.7795448948874374
1,10313,-2.141897341,0.2675682428874374,-2.4094655838874375
1,10314,-0.852931787,0.2103184905493777,-1.0632502775493777
1,10315,-0.492923001,-0.17760685034492946,-0.31531615065507057
1,10316,0.198794064,-0.07604968452495141,0.2748437485249514
1,10317,-1.603812306,-0.17760685034492946,-1.4262054556550705
1,10318,-0.653398308,0.19932903806859845,-0.8527273460685985
1,10319,-1.018856822,0.19932903806859845,-1.2181858600685984
1,10320,-0.474619672,-0.17760685034492946,-0.29701282165507054
1,10321,-2.205161191,-0.2209891195298817,-1.9841720714701185
1,10322,-1.714539171,-0.07815143410226418,-1.6363877368977358
1,10323,-0.633836771,-0.17760685034492946,-0.45622992065507056
1,10324,0.397245614,-0.17760685034492946,0.5748524643449295
1,10325,0.174501293,0.22645792584737084,-0.05195663284737084
1,10326,0.178901811,0.1791036221325567,-0.0002018111325567118
1,10327,-1.189795205,-0.17760685034492946,-1.0121883546550705
1,10328,-0.708705742,-0.07604968452495141,-0.6326560574750486
1,10329,-0.414201244,-0.17760685034492946,-0.23659439365507057
1,10330,-1.26852312,0.19932903806859845,-1.4678521580685984
1,10331,-0.628525073,0.19932903806859845,-0.8278541110685985
1,10332,-0.785967947,-0.17760685034492946,-0.6083610966550705
1,10333,-0.967491153,-0.2209891195298817,-0.7465020334701182
1,10334,-1.129940336,-0.07815143410226418,-1.0517889018977358
1,10335,-0.68679843,-0.17760685034492946,-0.5091915796550706
1,10336,0.77535062,-0.17760685034492946,0.9529574703449295
1,10337,2.082646065,0.22645792584737084,1.8561881391526291
1,10338,-0.080590175,0.1791036221325567,-0.2596937971325567
1,10339,0.692005873,-0.17760685034492946,0.8696127233449296
1,10340,0.509269469,-0.07604968452495141,0.5853191535249515
1,10341,-0.171739709,-0.17760685034492946,0.005867141344929466
1,10342,-0.645608879,0.19932903806859845,-0.8449379170685984
1,10343,0.006245836,0.19932903806859845,-0.19308320206859844
1,10344,-0.399406315,-0.17760685034492946,-0.22179946465507056
1,10345,-0.868855283,-0.2209891195298817,-0.6478661634701184
1,10346,-0.544999613,-0.07815143410226418,-0.46684817889773583
1,10347,-0.855987135,-0.17760685034492946,-0.6783802846550706
1,10348,0.844252289,-0.17760685034492946,1.0218591393449294
1,10349,2.807297097,0.22645792584737084,2.5808391711526295
1,10350,2.132076389,0.1791036221325567,1.9529727668674433
1,10351,2.808747104,-0.17760685034492946,2.9863539543449296
1,10352,2.967741495,-0.07604968452495141,3.043791179524951
1,10353,1.538678074,-0.17760685034492946,1.7162849243449294
1,10354,0.67745259,0.19932903806859845,0.47812355193140155
1,10355,-0.595334216,0.19932903806859845,-0.7946632540685985
1,10356,1.050870471,-0.17760685034492946,1.2284773213449296
1,10357,0.046418297,-0.2209891195298817,0.2674074165298817
1,10358,0.09555341,-0.07815143410226418,0.17370484410226417
1,10359,0.358598156,-0.17760685034492946,0.5362050063449295
1,10360,1.811034205,-0.17760685034492946,1.9886410553449294
1,10361,1.09604916,0.22645792584737084,0.8695912341526291
1,10362,0.297458956,0.1791036221325567,0.11835533386744329
1,10363,1.446504948,0.22645792584737084,1.2200470221526292
1,10364,2.7944384,0.36688720939165453,2.427551190608346
1,10365,0.934637191,0.22645792584737084,0.7081792651526291
1,10366,0.343252673,0.3433603929501992,-0.00010771995019920322
1,10367,0.188240527,0.3433603929501992,-0.15511986595019922
1,10368,0.193408203,0.22645792584737084,-0.033049722847370844
1,10369,0.540363528,0.1861479292089133,0.35421559879108666
1,10370,0.761303359,0.20497320422739168,0.5563301547726083
1,10371,-0.051218786,0.22645792584737084,-0.27767671184737086
1,10372,1.26045313,0.22645792584737084,1.033995204152629
1,10373,-2.528950507,0.22645792584737084,-2.7554084328473705
1,10374,-1.69357951,0.1791036221325567,-1.8726831321325568
1,10375,2.516695431,-0.15027052042548183,2.6669659514254818
1,10376,0.109016763,-0.05606866432558441,0.1650854273255844
1,10377,0.380340575,-0.15027052042548183,0.5306110954254819
1,10378,-0.320842627,0.17907672794123125,-0.49991935494123124
1,10379,-0.897689784,0.17907672794123125,-1.0767665119412313
1,10380,0.173214937,-0.15027052042548183,0.32348545742548185
1,10381,-0.956078046,-0.20059677390035144,-0.7554812720996485
1,10382,-0.910987422,-0.07466665061200377,-0.8363207713879963
1,10383,-0.551612396,-0.15027052042548183,-0.40134187557451817
1,10384,0.527593391,-0.15027052042548183,0.6778639114254819
1,10385,0.815392134,0.1949381979148658,0.6204539360851342
1,10386,1.200916348,0.14670548924584798,1.054210858754152
1,10387,1.157894606,-0.15027052042548183,1.3081651264254819
1,10388,-0.153258037,-0.05606866432558441,-0.0971893726744156
1,10389,0.376178472,-0.15027052042548183,0.5264489924254818
1,10390,-0.741864201,0.17907672794123125,-0.9209409289412311
1,10391,-0.033210184,0.17907672794123125,-0.21228691194123125
1,10392,-0.114721584,-0.15027052042548183,0.035548936425481834
1,10393,-0.163712724,-0.20059677390035144,0.036884049900351434
1,10394,-0.737852369,-0.07466665061200377,-0.6631857183879962
1,10395,-0.7538328,-0.15027052042548183,-0.6035622795745181
1,10396,-0.183626407,-0.15027052042548183,-0.033355886574518157
1,10397,-0.02022068,0.1949381979148658,-0.2151588779148658
1,10398,0.833921901,0.14670548924584798,0.6872164117541519
1,10399,1.463653024,-0.15027052042548183,1.6139235444254818
1,10400,1.112508765,-0.05606866432558441,1.1685774293255844
1,10401,0.492230152,-0.15027052042548183,0.6425006724254818
1,10402,-0.762796339,0.17907672794123125,-0.9418730669412312
1,10403,0.650357547,0.17907672794123125,0.4712808190587688
1,10404,0.174261979,-0.15027052042548183,0.32453249942548185
1,10405,1.182252329,-0.20059677390035144,1.3828491029003513
1,10406,0.76015679,-0.07466665061200377,0.8348234406120038
1,10407,0.309194271,-0.15027052042548183,0.45946479142548186
1,10408,0.441550369,-0.15027052042548183,0.5918208894254818
1,10409,0.549195018,0.1949381979148658,0.35425682008513426
1,10410,1.432600332,0.14670548924584798,1.2858948427541521
1,10411,0.31419518,-0.15027052042548183,0.46446570042548185
1,10412,-1.115541101,-0.05606866432558441,-1.0594724366744157
1,10413,1.004182567,-0.15027052042548183,1.1544530874254817
1,10414,0.184175479,0.17907672794123125,0.005098751058768752
1,10415,0.768485412,0.17907672794123125,0.5894086840587687
1,10416,0.522229831,-0.15027052042548183,0.6725003514254818
1,10417,0.262503326,-0.20059677390035144,0.4631000999003514
1,10418,0.305250051,-0.07466665061200377,0.3799167016120038
1,10419,-0.007905116,-0.15027052042548183,0.14236540442548185
1,10420,1.362410765,-0.15027052042548183,1.5126812854254816
1,10421,1.007162945,0.1949381979148658,0.8122247470851341
1,10422,0.171907542,0.14670548924584798,0.02520205275415202
1,10423,1.11365096,0.1949381979148658,0.9187127620851342
1,10424,-0.496957005,0.3405675636933579,-0.8375245686933579
1,10425,1.598511669,0.1949381979148658,1.4035734710851342
1,10426,0.25029831,0.300741095563317,-0.050442785563316994
1,10427,1.512057842,0.300741095563317,1.211316746436683
1,10428,1.38643844,0.1949381979148658,1.1915002420851342
1,10429,0.901767419,0.16539770581591762,0.7363697131840824
1,10430,-0.295423346,0.17197202097349693,-0.46739536697349693
1,10431,-1.180932649,0.1949381979148658,-1.375870846914866
1,10432,-0.410467884,0.1949381979148658,-0.6054060819148658
1,10433,-1.583934159,0.1949381979148658,-1.778872356914866
1,10434,-1.325628202,0.14670548924584798,-1.472333691245848
1,10435,0.360642524,-0.04511564139288245,0.40575816539288245
1,10436,1.556182369,0.011006357553691191,1.545176011446309
1,10437,-0.148071971,-0.04511564139288245,-0.10295632960711755
1,10438,-1.331832916,0.31243200027241624,-1.6442649162724163
1,10439,0.100687839,0.31243200027241624,-0.21174416127241624
1,10440,-0.023512434,-0.04511564139288245,0.021603207392882448
1,10441,-0.98558718,-0.12893623495014328,-0.8566509450498567
1,10442,-0.781875714,0.010381275703279104,-0.7922569897032791
1,10443,-1.180264857,-0.04511564139288245,-1.1351492156071177
1,10444,0.059678072,-0.04511564139288245,0.10479371339288245
1,10445,0.451292485,0.29133251637240165,0.15995996862759837
1,10446,-0.549381243,0.22926526814209527,-0.7786465111420953
1,10447,0.711867909,-0.04511564139288245,0.7569835503928825
1,10448,1.01068529,0.011006357553691191,0.9996789324463089
1,10449,0.285596145,-0.04511564139288245,0.33071178639288246
1,10450,-0.806597651,0.31243200027241624,-1.1190296512724163
1,10451,0.599504681,0.31243200027241624,0.28707268072758374
1,10452,0.22179144,-0.04511564139288245,0.26690708139288244
1,10453,-0.457915401,-0.12893623495014328,-0.3289791660498567
1,10454,-0.243006545,0.010381275703279104,-0.2533878207032791
1,10455,-0.251645936,-0.04511564139288245,-0.20653029460711758
1,10456,0.438541182,-0.04511564139288245,0.4836568233928824
1,10457,-0.987525384,0.29133251637240165,-1.2788579003724017
1,10458,-2.334956168,0.22926526814209527,-2.5642214361420956
1,10459,1.36336653,-0.04511564139288245,1.4084821713928823
1,10460,2.105468087,0.011006357553691191,2.094461729446309
1,10461,1.091090285,-0.04511564139288245,1.1362059263928823
1,10462,-0.348628999,0.31243200027241624,-0.6610609992724162
1,10463,0.723132443,0.31243200027241624,0.41070044272758377
1,10464,0.729669865,-0.04511564139288245,0.7747855063928825
1,10465,0.087140613,-0.12893623495014328,0.21607684795014329
1,10466,0.485694541,0.010381275703279104,0.47531326529672085
1,10467,-0.478920121,-0.04511564139288245,-0.43380447960711754
1,10468,1.243552896,-0.04511564139288245,1.2886685373928823
1,10469,0.140479711,0.29133251637240165,-0.15085280537240164
1,10470,-1.397256357,0.22926526814209527,-1.6265216251420953
1,10471,1.853143559,-0.04511564139288245,1.8982592003928824
1,10472,1.539668827,0.011006357553691191,1.528662469446309
1,10473,1.169481434,-0.04511564139288245,1.2145970753928823
1,10474,0.264175698,0.31243200027241624,-0.04825630227241623
1,10475,0.666558273,0.31243200027241624,0.3541262727275838
1,10476,0.282745434,-0.04511564139288245,0.32786107539288245
1,10477,-0.136576835,-0.12893623495014328,-0.007640600049856727
1,10478,0.504842426,0.010381275703279104,0.49446115029672083
1,10479,0.25541556,-0.04511564139288245,0.3005312013928824
1,10480,1.789681886,-0.04511564139288245,1.8347975273928825
1,10481,0.493119149,0.29133251637240165,0.20178663262759833
1,10482,-1.59726088,0.22926526814209527,-1.8265261481420954
1,10483,2.335287492,0.29133251637240165,2.0439549756275985
1,10484,0.669520188,0.3829407041177047,0.2865794838822953
1,10485,2.226570457,0.29133251637240165,1.9352379406275981
1,10486,0.806043827,0.4171999528763478,0.3888438741236522
1,10487,1.756583402,0.4171999528763478,1.3393834491236523
1,10488,1.807540561,0.29133251637240165,1.5162080446275983
1,10489,0.76194015,0.2657042163566012,0.49623593364339885
1,10490,1.469018786,0.2784487015236216,1.1905700844763782
1,10491,1.263414384,0.29133251637240165,0.9720818676275984
1,10492,1.50542609,0.29133251637240165,1.2140935736275984
1,10493,-0.90321938,0.29133251637240165,-1.1945518963724018
1,10494,-1.536882073,0.22926526814209527,-1.7661473411420952
1,10495,0.066197846,-0.2731088659478547,0.3393067119478547
1,10496,1.419504751,-0.06882276420159072,1.4883275152015907
1,10497,0.489898307,-0.2731088659478547,0.7630071729478547
1,10500,-0.315088076,-0.2731088659478547,-0.04197921005214528
1,10501,-0.007651283,-0.3353820240196528,0.32773074101965277
1,10502,-1.138858574,-0.11649505753807889,-1.022363516461921
1,10503,-0.818135407,-0.2731088659478547,-0.5450265410521453
1,10504,-0.079751084,-0.2731088659478547,0.19335778194785472
1,10505,0.130649907,0.2749105048843576,-0.14426059788435758
1,10506,-0.399368662,0.23859635408125504,-0.637965016081255
1,10507,0.676457753,-0.2731088659478547,0.9495666189478547
1,10508,-1.425618749,-0.06882276420159072,-1.3567959847984095
1,10509,0.159826923,-0.2731088659478547,0.4329357889478547
1,10512,0.129886226,-0.2731088659478547,0.4029950919478547
1,10513,-0.313584374,-0.3353820240196528,0.02179765001965278
1,10514,-0.51590215,-0.11649505753807889,-0.3994070924619211
1,10515,0.348295819,-0.2731088659478547,0.6214046849478547
1,10516,-0.061328109,-0.2731088659478547,0.21178075694785473
1,10517,-1.476234096,0.2749105048843576,-1.7511446008843576
1,10518,-1.23797846,0.23859635408125504,-1.476574814081255
1,10519,0.574962892,-0.2731088659478547,0.8480717579478547
1,10520,1.223088181,-0.06882276420159072,1.2919109452015909
1,10521,0.515199322,-0.2731088659478547,0.7883081879478546
1,10524,0.44157361,-0.2731088659478547,0.7146824759478547
1,10525,-0.906058129,-0.3353820240196528,-0.5706761049803473
1,10526,0.297534898,-0.11649505753807889,0.41402995553807886
1,10527,-0.890452677,-0.2731088659478547,-0.6173438110521452
1,10528,0.209192004,-0.2731088659478547,0.4823008699478547
1,10529,-0.827991112,0.2749105048843576,-1.1029016168843575
1,10530,-1.662143188,0.23859635408125504,-1.900739542081255
1,10531,1.022119833,-0.2731088659478547,1.2952286989478548
1,10532,0.702360464,-0.06882276420159072,0.7711832282015907
1,10533,1.220023725,-0.2731088659478547,1.4931325909478546
1,10536,0.727642328,-0.2731088659478547,1.0007511939478546
1,10537,0.611382228,-0.3353820240196528,0.9467642520196528
1,10538,0.290512046,-0.11649505753807889,0.4070071035380789
1,10539,0.808201451,-0.2731088659478547,1.0813103169478546
1,10540,1.858419801,-0.2731088659478547,2.1315286669478546
1,10541,1.125633509,0.2749105048843576,0.8507230041156424
1,10542,-1.338277136,0.23859635408125504,-1.576873490081255
1,10543,1.635590408,0.2749105048843576,1.3606799031156425
1,10544,-0.208078471,0.5646911567900943,-0.7727696277900943
1,10545,2.405467418,0.2749105048843576,2.1305569131156425
1,10548,1.862399616,0.2749105048843576,1.5874891111156424
1,10549,0.695415204,0.24923311922405678,0.44618208477594323
1,10550,-0.071399881,0.27800432498156075,-0.34940420598156074
1,10551,-0.214427582,0.2749105048843576,-0.4893380868843576
1,10552,-0.469029255,0.2749105048843576,-0.7439397598843576
1,10553,-0.351994534,0.2749105048843576,-0.6269050388843576
1,10554,-1.236420672,0.23859635408125504,-1.475017026081255
1,10555,1.126225194,-0.11126644577863741,1.2374916397786375
1,10556,3.661572151,-0.026087449865007852,3.687659600865008
1,10557,0.975027825,-0.11126644577863741,1.0862942707786374
1,10558,-0.686067045,0.2291478117751042,-0.9152148567751043
1,10559,1.097383799,0.2291478117751042,0.8682359872248957
1,10560,-0.529491979,-0.11126644577863741,-0.4182255332213626
1,10561,-0.703299569,-0.17725438267438662,-0.5260451863256134
1,10562,-0.566485443,-0.0225865144262903,-0.5438989285737097
1,10563,-0.612475757,-0.11126644577863741,-0.5012093112213626
1,10564,1.757179982,-0.11126644577863741,1.8684464277786375
1,10565,-0.533754473,0.29565930103548116,-0.8294137740354812
1,10566,-0.650864389,0.23534383089714667,-0.8862082198971466
1,10567,0.225109777,-0.11126644577863741,0.33637622277863743
1,10568,0.423810625,-0.026087449865007852,0.4498980748650078
1,10569,0.375644969,-0.11126644577863741,0.4869114147786374
1,10570,-0.376449371,0.2291478117751042,-0.6055971827751042
1,10571,0.749980397,0.2291478117751042,0.5208325852248957
1,10572,0.102937515,-0.11126644577863741,0.2142039607786374
1,10573,-0.601246013,-0.17725438267438662,-0.4239916303256134
1,10574,0.093901453,-0.0225865144262903,0.11648796742629029
1,10575,-0.20152208,-0.11126644577863741,-0.09025563422136258
1,10576,1.319498271,-0.11126644577863741,1.4307647167786375
1,10577,-0.596660805,0.29565930103548116,-0.8923201060354811
1,10578,-0.824225267,0.23534383089714667,-1.0595690978971466
1,10579,-0.022285898,-0.11126644577863741,0.08898054777863741
1,10580,3.238527693,-0.026087449865007852,3.264615142865008
1,10581,1.300019709,-0.11126644577863741,1.4112861547786375
1,10582,-0.414863684,0.2291478117751042,-0.6440114957751042
1,10583,1.293069607,0.2291478117751042,1.0639217952248958
1,10584,1.011864247,-0.11126644577863741,1.1231306927786375
1,10585,-0.800316422,-0.17725438267438662,-0.6230620393256133
1,10586,0.496126025,-0.0225865144262903,0.5187125394262904
1,10587,0.459963043,-0.11126644577863741,0.5712294887786374
1,10588,0.616457584,-0.11126644577863741,0.7277240297786374
1,10589,-0.86386458,0.29565930103548116,-1.159523881035481
1,10590,-1.483360403,0.23534383089714667,-1.7187042338971468
1,10591,0.316262031,-0.11126644577863741,0.4275284767786374
1,10592,1.807040531,-0.026087449865007852,1.8331279808650078
1,10593,2.135387982,-0.11126644577863741,2.2466544277786373
1,10594,-0.782561519,0.2291478117751042,-1.0117093307751042
1,10595,-0.008922743,0.2291478117751042,-0.23807055477510422
1,10596,0.611953884,-0.11126644577863741,0.7232203297786374
1,10597,0.096072355,-0.17725438267438662,0.27332673767438664
1,10598,0.408163618,-0.0225865144262903,0.4307501324262903
1,10599,0.459587274,-0.11126644577863741,0.5708537197786374
1,10600,0.494272881,-0.11126644577863741,0.6055393267786374
1,10601,-0.732642224,0.29565930103548116,-1.0283015250354812
1,10602,-2.009051111,0.23534383089714667,-2.2443949418971463
1,10603,-0.09672474,0.29565930103548116,-0.3923840410354812
1,10604,0.149624828,0.3969951039248281,-0.24737027592482813
1,10605,2.662082818,0.29565930103548116,2.366423516964519
1,10606,1.153744567,0.3972546996237865,0.7564898673762135
1,10607,2.529878534,0.3972546996237865,2.132623834376213
1,10608,2.202340833,0.29565930103548116,1.906681531964519
1,10609,0.522446091,0.25234019764962495,0.270105893350375
1,10610,-0.608242657,0.2856860190707462,-0.8939286760707462
1,10611,-0.862052878,0.29565930103548116,-1.1577121790354812
1,10612,-0.138872602,0.29565930103548116,-0.43453190303548117
1,10613,-0.575952311,0.29565930103548116,-0.8716116120354811
1,10614,-1.32092265,0.23534383089714667,-1.5562664808971467
1,10615,-0.425268278,-0.1469056214410616,-0.27836265655893844
1,10616,1.837639906,-0.04719092167335308,1.884830827673353
1,10617,0.680998956,-0.1469056214410616,0.8279045774410616
1,10620,0.383758649,-0.1469056214410616,0.5306642704410616
1,10621,0.515219672,-0.2027283626987931,0.7179480346987931
1,10622,0.019513941,-0.06559882143034657,0.08511276243034657
1,10623,-0.114549566,-0.1469056214410616,0.032356055441061585
1,10624,0.622802417,-0.1469056214410616,0.7697080384410616
1,10625,-1.29853245,0.12573312002179457,-1.4242655700217945
1,10626,-1.158509498,0.09615308332684848,-1.2546625813268484
1,10627,-1.090277035,-0.1469056214410616,-0.9433714135589384
1,10628,-1.089435591,-0.04719092167335308,-1.042244669326647
1,10629,-0.571902438,-0.1469056214410616,-0.4249968165589384
1,10632,0.122125606,-0.1469056214410616,0.26903122744106156
1,10633,-0.196514949,-0.2027283626987931,0.006213413698793108
1,10634,-0.839606867,-0.06559882143034657,-0.7740080455696534
1,10635,-0.244667364,-0.1469056214410616,-0.09776174255893841
1,10636,0.324212086,-0.1469056214410616,0.47111770744106163
1,10637,-2.506920669,0.12573312002179457,-2.6326537890217945
1,10638,-1.42475487,0.09615308332684848,-1.5209079533268484
1,10639,-1.111950993,-0.1469056214410616,-0.9650453715589384
1,10640,-0.750253407,-0.04719092167335308,-0.703062485326647
1,10641,0.535219598,-0.1469056214410616,0.6821252194410615
1,10644,0.100186358,-0.1469056214410616,0.2470919794410616
1,10645,-1.209416649,-0.2027283626987931,-1.006688286301207
1,10646,-0.453330225,-0.06559882143034657,-0.3877314035696534
1,10647,0.028578231,-0.1469056214410616,0.1754838524410616
1,10648,0.293231891,-0.1469056214410616,0.4401375124410616
1,10649,-1.003868342,0.12573312002179457,-1.1296014620217947
1,10650,-0.583773832,0.09615308332684848,-0.6799269153268485
1,10651,-1.183151512,-0.1469056214410616,-1.0362458905589385
1,10652,-1.294450142,-0.04719092167335308,-1.247259220326647
1,10653,0.285083975,-0.1469056214410616,0.4319895964410616
1,10656,-0.544304447,-0.1469056214410616,-0.39739882555893846
1,10657,-1.235246728,-0.2027283626987931,-1.0325183653012069
1,10658,-1.173999743,-0.06559882143034657,-1.1084009215696535
1,10659,-0.316769282,-0.1469056214410616,-0.1698636605589384
1,10660,0.239815895,-0.1469056214410616,0.38672151644106156
1,10661,-0.750612431,0.12573312002179457,-0.8763455510217946
1,10662,-1.112060773,0.09615308332684848,-1.2082138563268485
1,10663,-1.47302362,0.12573312002179457,-1.5987567400217946
1,10665,0.843310576,0.12573312002179457,0.7175774559782054
1,10668,0.324166952,0.12573312002179457,0.19843383197820544
1,10669,0.094027875,0.11619771167237045,-0.02216983667237045
1,10670,1.063698779,0.11874578935254824,0.9449529896474519
1,10671,0.118911057,0.12573312002179457,-0.006822063021794569
1,10672,-0.117561305,0.12573312002179457,-0.24329442502179457
1,10673,-0.398279414,0.12573312002179457,-0.5240125340217946
1,10674,-0.823848828,0.09615308332684848,-0.9200019113268485
1,10675,-0.964760126,-0.23690561891740633,-0.7278545070825937
1,10676,3.893474228,-0.016146437012606773,3.909620665012607
1,10677,0.286342377,-0.23690561891740633,0.5232479959174063
1,10680,0.467323348,-0.23690561891740633,0.7042289669174063
1,10681,0.984204362,-0.26741358543896726,1.2516179474389673
1,10682,0.365653105,-0.014124266923739527,0.3797773719237395
1,10683,-0.39466031,-0.23690561891740633,-0.15775469108259368
1,10684,-0.400395843,-0.23690561891740633,-0.16349022408259364
1,10685,0.186921139,0.33795485942629694,-0.15103372042629695
1,10686,1.216018342,0.26731802248736986,0.94870031951263
1,10687,-0.934552312,-0.23690561891740633,-0.6976466930825936
1,10688,0.191703535,-0.016146437012606773,0.20784997201260677
1,10689,-0.544907604,-0.23690561891740633,-0.3080019850825937
1,10692,-0.490518755,-0.23690561891740633,-0.2536131360825936
1,10693,0.080458466,-0.26741358543896726,0.34787205143896727
1,10694,-0.141829282,-0.014124266923739527,-0.12770501507626048
1,10695,-0.86487118,-0.23690561891740633,-0.6279655610825936
1,10696,-0.356540003,-0.23690561891740633,-0.11963438408259366
1,10697,-1.273074823,0.33795485942629694,-1.6110296824262968
1,10698,-1.445698518,0.26731802248736986,-1.7130165404873698
1,10699,0.285234676,-0.23690561891740633,0.5221402949174063
1,10700,0.777000761,-0.016146437012606773,0.7931471980126068
1,10701,0.382557826,-0.23690561891740633,0.6194634449174063
1,10704,-0.608912222,-0.23690561891740633,-0.3720066030825936
1,10705,-0.416375951,-0.26741358543896726,-0.14896236556103276
1,10706,0.014453679,-0.014124266923739527,0.02857794592373953
1,10707,0.508507589,-0.23690561891740633,0.7454132079174064
1,10708,0.270490819,-0.23690561891740633,0.5073964379174063
1,10709,-0.666849065,0.33795485942629694,-1.004803924426297
1,10710,-0.761830063,0.26731802248736986,-1.0291480854873698
1,10711,-0.073791203,-0.23690561891740633,0.16311441591740633
1,10712,-0.038531898,-0.016146437012606773,-0.02238546098739323
1,10713,0.154604112,-0.23690561891740633,0.3915097309174063
1,10716,-0.156022612,-0.23690561891740633,0.08088300691740632
1,10717,-0.552275916,-0.26741358543896726,-0.2848623305610328
1,10718,0.133171692,-0.014124266923739527,0.14729595892373953
1,10719,-0.407801099,-0.23690561891740633,-0.17089548008259367
1,10720,-0.801084703,-0.23690561891740633,-0.5641790840825937
1,10721,-0.631615328,0.33795485942629694,-0.969570187426297
1,10722,-0.97059532,0.26731802248736986,-1.2379133424873698
1,10723,-0.960888773,0.33795485942629694,-1.2988436324262969
1,10724,0.289930685,0.7188137872164648,-0.4288831022164648
1,10725,1.011237768,0.33795485942629694,0.6732829085737031
1,10728,1.478605607,0.33795485942629694,1.140650747573703
1,10729,0.438883327,0.28418743725091783,0.15469588974908216
1,10730,0.742312581,0.3357977519536486,0.4065148290463514
1,10731,0.837047016,0.33795485942629694,0.49909215657370304
1,10732,1.271116587,0.33795485942629694,0.9331617275737032
1,10733,-0.492611196,0.33795485942629694,-0.8305660554262969
1,10734,-0.903345459,0.26731802248736986,-1.1706634814873698
1,10735,-0.234741005,-0.26713353007432333,0.03239252507432333
1,10736,-0.358089268,-0.11738924147810913,-0.24070002652189088
1,10737,0.634068767,-0.26713353007432333,0.9012022970743234
1,10740,0.552634984,-0.26713353007432333,0.8197685140743234
1,10741,0.393097466,-0.28762134691414004,0.68071881291414
1,10742,0.38557509,-0.1423953748435449,0.5279704648435449
1,10743,0.172178652,-0.26713353007432333,0.4393121820743233
1,10744,0.16753832,-0.26713353007432333,0.4346718500743233
1,10745,-0.408146721,0.04844128157523989,-0.4565880025752399
1,10746,-0.69570929,0.02922470765239438,-0.7249339976523944
1,10747,-1.611363674,-0.26713353007432333,-1.3442301439256765
1,10748,-0.606637644,-0.11738924147810913,-0.48924840252189084
1,10749,-0.046327748,-0.26713353007432333,0.22080578207432333
1,10752,-0.182630027,-0.26713353007432333,0.08450350307432333
1,10753,-0.19908132,-0.28762134691414004,0.08854002691414004
1,10754,-0.58467609,-0.1423953748435449,-0.44228071515645506
1,10755,-0.476149516,-0.26713353007432333,-0.20901598592567666
1,10756,-0.488637501,-0.26713353007432333,-0.22150397092567664
1,10757,0.204906994,0.04844128157523989,0.15646571242476012
1,10758,-0.739701612,0.02922470765239438,-0.7689263196523943
1,10759,0.273553174,-0.26713353007432333,0.5406867040743233
1,10760,0.188307661,-0.11738924147810913,0.3056969024781091
1,10761,-0.120939264,-0.26713353007432333,0.14619426607432334
1,10764,0.576394801,-0.26713353007432333,0.8435283310743233
1,10765,-1.568257296,-0.28762134691414004,-1.28063594908586
1,10766,0.069542891,-0.1423953748435449,0.2119382658435449
1,10767,0.319692346,-0.26713353007432333,0.5868258760743233
1,10768,-0.296701072,-0.26713353007432333,-0.029567541925676677
1,10769,-0.962490115,0.04844128157523989,-1.01093139657524
1,10770,-0.818235202,0.02922470765239438,-0.8474599096523944
1,10771,-0.088519498,-0.26713353007432333,0.17861403207432333
1,10772,-0.71914564,-0.11738924147810913,-0.6017563985218909
1,10773,-0.002751299,-0.26713353007432333,0.26438223107432335
1,10776,0.470364148,-0.26713353007432333,0.7374976780743233
1,10777,-1.163061088,-0.28762134691414004,-0.8754397410858601
1,10778,-0.597390868,-0.1423953748435449,-0.45499549315645504
1,10779,-0.296867878,-0.26713353007432333,-0.02973434792567664
1,10780,-0.015124985,-0.26713353007432333,0.25200854507432335
1,10781,-0.753357854,0.04844128157523989,-0.8017991355752399
1,10782,-1.330440799,0.02922470765239438,-1.3596655066523944
1,10783,0.455786732,0.04844128157523989,0.4073454504247601
1,10784,-1.174543295,0.28839318570188593,-1.462936480701886
1,10785,-0.163681347,0.04844128157523989,-0.2121226285752399
1,10788,0.170469906,0.04844128157523989,0.12202862442476012
1,10789,-0.581282972,0.0740659731884659,-0.6553489451884659
1,10790,0.034247405,0.046875603642164275,-0.012628198642164273
1,10791,-0.164458177,0.04844128157523989,-0.2128994585752399
1,10792,-0.021074091,0.04844128157523989,-0.06951537257523989
1,10793,-0.794230839,0.04844128157523989,-0.8426721205752399
1,10794,0.438493861,0.02922470765239438,0.4092691533476056
1,10795,-1.038979161,-0.25902717706089334,-0.7799519839391067
1,10796,0.768170228,-0.14315405607262177,0.9113242840726218
1,10797,0.222872638,-0.25902717706089334,0.48189981506089336
1,10800,0.187837326,-0.25902717706089334,0.4468645030608933
1,10801,0.606286333,-0.30126324882244343,0.9075495818224435
1,10802,-0.017345578,-0.1739913625775143,0.1566457845775143
1,10803,-0.379084654,-0.25902717706089334,-0.12005747693910668
1,10804,0.107399896,-0.25902717706089334,0.36642707306089334
1,10805,-0.546762387,-0.01792322147629446,-0.5288391655237056
1,10806,-0.022927208,-0.03023378838343278,0.007306580383432779
1,10807,-0.762016542,-0.25902717706089334,-0.5029893649391066
1,10808,-1.147339456,-0.14315405607262177,-1.0041853999273784
1,10809,-0.855673121,-0.25902717706089334,-0.5966459439391067
1,10812,-0.783772589,-0.25902717706089334,-0.5247454119391066
1,10813,-1.326386381,-0.30126324882244343,-1.0251231321775567
1,10814,-0.471415333,-0.1739913625775143,-0.2974239704224857
1,10815,-0.760298198,-0.25902717706089334,-0.5012710209391067
1,10816,-0.741229382,-0.25902717706089334,-0.48220220493910665
1,10817,-1.445778693,-0.01792322147629446,-1.4278554715237055
1,10818,-1.367417642,-0.03023378838343278,-1.3371838536165672
1,10819,0.252343946,-0.25902717706089334,0.5113711230608933
1,10820,0.015163371,-0.14315405607262177,0.15831742707262178
1,10821,0.538132907,-0.25902717706089334,0.7971600840608934
1,10824,-0.04411291,-0.25902717706089334,0.21491426706089334
1,10825,-0.170968618,-0.30126324882244343,0.13029463082244344
1,10826,0.207458496,-0.1739913625775143,0.3814498585775143
1,10827,-0.321630882,-0.25902717706089334,-0.06260370493910666
1,10828,-0.402823529,-0.25902717706089334,-0.14379635193910667
1,10829,-1.796780586,-0.01792322147629446,-1.7788573645237054
1,10830,-0.168223646,-0.03023378838343278,-0.13798985761656724
1,10831,-0.267278047,-0.25902717706089334,-0.008250869939106675
1,10832,-0.291444493,-0.14315405607262177,-0.14829043692737826
1,10833,0.110983577,-0.25902717706089334,0.37001075406089334
1,10836,-0.219039341,-0.25902717706089334,0.039987836060893345
1,10837,-0.9561231,-0.30126324882244343,-0.6548598511775565
1,10838,-0.297368934,-0.1739913625775143,-0.12337757142248568
1,10839,-0.504741743,-0.25902717706089334,-0.24571456593910662
1,10840,-0.100562834,-0.25902717706089334,0.15846434306089335
1,10841,-1.168329704,-0.01792322147629446,-1.1504064825237055
1,10842,-1.107461496,-0.03023378838343278,-1.0772277076165673
1,10843,-1.015755089,-0.01792322147629446,-0.9978318675237056
1,10845,0.681763335,-0.01792322147629446,0.6996865564762944
1,10848,0.464965531,-0.01792322147629446,0.4828887524762944
1,10849,-0.112445152,-0.04188860697792839,-0.07055654502207162
1,10850,-0.21413977,-0.03279614121035222,-0.18134362878964777
1,10851,0.393458134,-0.01792322147629446,0.41138135547629445
1,10852,0.018168538,-0.01792322147629446,0.03609175947629446
1,10853,-0.671934803,-0.01792322147629446,-0.6540115815237055
1,10854,-0.922594831,-0.03023378838343278,-0.8923610426165671
1,10855,0.378278931,-0.3771728772369959,0.7554518082369959
1,10856,0.163349983,-0.17044541556751086,0.33379539856751084
1,10857,0.042556822,-0.3771728772369959,0.4197296992369959
1,10860,1.320141124,-0.3771728772369959,1.6973140012369958
1,10861,0.075660163,-0.3614472074885305,0.4371073704885305
1,10862,0.425071628,-0.20567477649284388,0.6307464044928439
1,10863,0.512416525,-0.3771728772369959,0.8895894022369959
1,10864,0.294043597,-0.3771728772369959,0.6712164742369959
1,10865,-0.795648818,-0.015377392579429742,-0.7802714254205703
1,10866,-0.288300103,-0.041366009398220445,-0.24693409360177954
1,10867,-0.069107908,-0.3771728772369959,0.3080649692369959
1,10868,-1.24158299,-0.17044541556751086,-1.0711375744324891
1,10869,-0.694257353,-0.3771728772369959,-0.31708447576300414
1,10872,-0.151468539,-0.3771728772369959,0.22570433823699587
1,10873,-0.831798678,-0.3614472074885305,-0.47035147051146947
1,10874,-0.716686507,-0.20567477649284388,-0.5110117305071562
1,10875,-0.869770933,-0.3771728772369959,-0.4925980557630041
1,10876,-0.58476991,-0.3771728772369959,-0.20759703276300412
1,10877,-1.510787767,-0.015377392579429742,-1.4954103744205702
1,10878,-1.373276933,-0.041366009398220445,-1.3319109236017797
1,10879,-0.541722611,-0.3771728772369959,-0.16454973376300408
1,10880,-0.100791239,-0.17044541556751086,0.06965417656751086
1,10881,0.182563298,-0.3771728772369959,0.5597361752369959
1,10884,0.049351226,-0.3771728772369959,0.42652410323699586
1,10885,-0.74452975,-0.3614472074885305,-0.3830825425114695
1,10886,0.163943849,-0.20567477649284388,0.36961862549284386
1,10887,-0.050279255,-0.3771728772369959,0.32689362223699586
1,10888,-0.280874255,-0.3771728772369959,0.09629862223699587
1,10889,-1.515170037,-0.015377392579429742,-1.4997926444205703
1,10890,-1.400791836,-0.041366009398220445,-1.3594258266017796
1,10891,-0.247751487,-0.3771728772369959,0.1294213902369959
1,10892,-2.0185044,-0.17044541556751086,-1.848058984432489
1,10893,0.060067817,-0.3771728772369959,0.4372406942369959
1,10896,-0.42057732,-0.3771728772369959,-0.04340444276300409
1,10897,-1.1334268,-0.3614472074885305,-0.7719795925114696
1,10898,-0.734175352,-0.20567477649284388,-0.5285005755071561
1,10899,-0.471365782,-0.3771728772369959,-0.09419290476300413
1,10900,-0.10038901,-0.3771728772369959,0.2767838672369959
1,10901,-2.007371716,-0.015377392579429742,-1.9919943234205704
1,10902,-1.122050579,-0.041366009398220445,-1.0806845696017795
1,10903,-0.510055332,-0.015377392579429742,-0.49467793942057026
1,10904,-0.504581203,0.28642449227288985,-0.7910056952728899
1,10905,-0.832985556,-0.015377392579429742,-0.8176081634205703
1,10908,0.544495157,-0.015377392579429742,0.5598725495794297
1,10909,-0.310854819,0.02212810913719143,-0.33298292813719144
1,10910,-0.341220626,-0.010379263216362698,-0.33084136278363735
1,10911,-0.342425511,-0.015377392579429742,-0.3270481184205703
1,10912,-0.164264686,-0.015377392579429742,-0.14888729342057025
1,10913,-0.557035378,-0.015377392579429742,-0.5416579854205703
1,10914,-0.151476788,-0.041366009398220445,-0.11011077860177956
1,10915,0.649993321,-0.1406296756561232,0.7906229966561231
1,10916,-0.183223571,-0.056038427542448525,-0.12718514345755147
1,10917,0.305377774,-0.1406296756561232,0.44600744965612316
1,10920,0.352931298,-0.1406296756561232,0.49356097365612317
1,10921,0.119309464,-0.19578800249247574,0.3150974664924757
1,10922,-0.327245824,-0.04852245384044114,-0.2787233701595589
1,10923,-0.336136871,-0.1406296756561232,-0.1955071953438768
1,10924,0.060805097,-0.1406296756561232,0.2014347726561232
1,10925,0.052742011,0.08684796733407377,-0.03410595633407377
1,10926,-1.450994857,0.06543696575545475,-1.5164318227554547
1,10927,1.676268337,-0.1406296756561232,1.8168980126561232
1,10928,-1.459460617,-0.056038427542448525,-1.4034221894575514
1,10929,-0.390520056,-0.1406296756561232,-0.2498903803438768
1,10932,-0.26202315,-0.1406296756561232,-0.12139347434387679
1,10933,-0.321237988,-0.19578800249247574,-0.12544998550752423
1,10934,-0.697233078,-0.04852245384044114,-0.6487106241595588
1,10935,-0.887226638,-0.1406296756561232,-0.7465969623438768
1,10936,-0.822837053,-0.1406296756561232,-0.6822073773438768
1,10937,-1.110597175,0.08684796733407377,-1.197445142334074
1,10938,-1.072522089,0.06543696575545475,-1.1379590547554548
1,10939,0.894889082,-0.1406296756561232,1.0355187576561231
1,10940,-0.787503182,-0.056038427542448525,-0.7314647544575515
1,10941,0.375422658,-0.1406296756561232,0.5160523336561232
1,10944,0.555734783,-0.1406296756561232,0.6963644586561232
1,10945,-0.957503114,-0.19578800249247574,-0.7617151115075242
1,10946,0.058169899,-0.04852245384044114,0.10669235284044114
1,10947,-0.040283559,-0.1406296756561232,0.1003461166561232
1,10948,0.889591152,-0.1406296756561232,1.0302208276561233
1,10949,-1.146268102,0.08684796733407377,-1.233116069334074
1,10950,-0.884638585,0.06543696575545475,-0.9500755507554548
1,10951,1.012618374,-0.1406296756561232,1.1532480496561233
1,10952,-0.270965511,-0.056038427542448525,-0.21492708345755146
1,10953,-0.821955993,-0.1406296756561232,-0.6813263173438768
1,10956,0.193159997,-0.1406296756561232,0.3337896726561232
1,10957,-0.710818345,-0.19578800249247574,-0.5150303425075242
1,10958,-0.479684205,-0.04852245384044114,-0.43116175115955885
1,10959,-0.888953118,-0.1406296756561232,-0.7483234423438768
1,10960,-0.518411812,-0.1406296756561232,-0.3777821363438768
1,10961,-1.54223,0.08684796733407377,-1.6290779673340738
1,10962,-1.303853885,0.06543696575545475,-1.3692908507554549
1,10963,2.864530058,0.08684796733407377,2.7776820906659263
1,10965,-0.02556332,0.08684796733407377,-0.11241128733407377
1,10968,0.563043769,0.08684796733407377,0.47619580166592623
1,10969,-0.593357906,0.06486826759634846,-0.6582261735963485
1,10970,0.227472146,0.09335127245803257,0.13412087354196742
1,10971,0.10749572,0.08684796733407377,0.020647752665926236
1,10972,-0.052505061,0.08684796733407377,-0.13935302833407376
1,10973,0.529778587,0.08684796733407377,0.4429306196659263
1,10974,0.009899531,0.06543696575545475,-0.05553743475545475
1,10975,0.693597048,-0.20453699556313953,0.8981340435631395
1,10976,3.277323412,0.012596756160093222,3.264726655839907
1,10977,0.632430556,-0.20453699556313953,0.8369675515631395
1,10980,0.472179671,-0.20453699556313953,0.6767166665631396
1,10981,-0.150093727,-0.2366103939912595,0.08651666699125948
1,10982,0.341465234,0.0034880279193661144,0.3379772060806339
1,10983,0.014384944,-0.20453699556313953,0.21892193956313954
1,10984,0.884655056,-0.20453699556313953,1.0891920515631397
1,10985,0.227110983,0.35041035713557067,-0.12329937413557068
1,10986,-1.1731105,0.28199273468445213,-1.4551032346844521
1,10987,0.324158074,-0.20453699556313953,0.5286950695631396
1,10988,0.634529638,0.012596756160093222,0.6219328818399067
1,10989,-0.478499294,-0.20453699556313953,-0.2739622984368605
1,10992,-0.290351107,-0.20453699556313953,-0.08581411143686046
1,10993,-0.246478206,-0.2366103939912595,-0.009867812008740512
1,10994,-0.007415667,0.0034880279193661144,-0.010903694919366115
1,10995,-0.73968548,-0.20453699556313953,-0.5351484844368605
1,10996,-0.438363316,-0.20453699556313953,-0.23382632043686047
1,10997,-0.960726197,0.35041035713557067,-1.3111365541355706
1,10998,-1.331308225,0.28199273468445213,-1.613300959684452
1,10999,0.558918605,-0.20453699556313953,0.7634556005631395
1,11000,2.095892809,0.012596756160093222,2.083296052839907
1,11001,1.058423209,-0.20453699556313953,1.2629602045631396
1,11004,0.684664741,-0.20453699556313953,0.8892017365631395
1,11005,-1.205973061,-0.2366103939912595,-0.9693626670087404
1,11006,-0.40037315,0.0034880279193661144,-0.4038611779193661
1,11007,0.586364778,-0.20453699556313953,0.7909017735631395
1,11008,0.125953189,-0.20453699556313953,0.3304901845631395
1,11009,-0.062807978,0.35041035713557067,-0.41321833513557066
1,11010,-1.256565355,0.28199273468445213,-1.5385580896844522
1,11011,-0.467632706,-0.20453699556313953,-0.2630957104368605
1,11012,0.204386979,0.012596756160093222,0.19179022283990677
1,11013,-0.397768518,-0.20453699556313953,-0.19323152243686048
1,11016,-0.078946149,-0.20453699556313953,0.12559084656313954
1,11017,-0.370796173,-0.2366103939912595,-0.1341857790087405
1,11018,-0.913195736,0.0034880279193661144,-0.9166837639193661
1,11019,-0.617816768,-0.20453699556313953,-0.4132797724368604
1,11020,-0.081519764,-0.20453699556313953,0.12301723156313954
1,11021,-0.630218908,0.35041035713557067,-0.9806292651355707
1,11022,-0.697019457,0.28199273468445213,-0.9790121916844521
1,11023,0.462032586,0.35041035713557067,0.11162222886442935
1,11025,0.331347425,0.35041035713557067,-0.019062932135570698
1,11028,0.557126534,0.35041035713557067,0.20671617686442934
1,11029,-0.640224051,0.30237896617262966,-0.9426030171726296
1,11030,0.346923752,0.3440066469646124,0.002917105035387557
1,11031,0.052221282,0.35041035713557067,-0.2981890751355707
1,11032,0.505867485,0.35041035713557067,0.15545712786442933
1,11033,-0.646131538,0.35041035713557067,-0.9965418951355707
1,11034,-1.160152239,0.28199273468445213,-1.4421449736844523
1,11035,-0.523162111,-0.14979870973185497,-0.37336340126814505
1,11036,3.253262651,-0.05325242096174372,3.3065150719617438
1,11037,0.420276947,-0.14979870973185497,0.570075656731855
1,11038,0.689219448,0.23369311336888557,0.45552633463111447
1,11039,0.858327698,0.23369311336888557,0.6246345846311144
1,11040,0.469216193,-0.14979870973185497,0.619014902731855
1,11041,1.198682825,-0.19769718706730208,1.396380012067302
1,11042,0.399312239,-0.0766920029368073,0.4760042419368073
1,11043,0.104485577,-0.14979870973185497,0.254284286731855
1,11044,0.209968856,-0.14979870973185497,0.359767565731855
1,11045,-0.236219278,0.25565698048528357,-0.4918762584852836
1,11046,-2.034526579,0.21043604814033004,-2.24496262714033
1,11047,-2.104261787,-0.14979870973185497,-1.954463077268145
1,11048,-0.003902291,-0.05325242096174372,0.04935012996174372
1,11049,-0.278870308,-0.14979870973185497,-0.12907159826814504
1,11050,-0.178699102,0.23369311336888557,-0.4123922153688856
1,11051,-0.251460833,0.23369311336888557,-0.48515394636888554
1,11052,-0.432103764,-0.14979870973185497,-0.282305054268145
1,11053,0.453203573,-0.19769718706730208,0.6509007600673021
1,11054,-1.461598713,-0.0766920029368073,-1.3849067100631929
1,11055,-1.741478548,-0.14979870973185497,-1.591679838268145
1,11056,-1.166159769,-0.14979870973185497,-1.0163610592681451
1,11057,-1.676706348,0.25565698048528357,-1.9323633284852835
1,11058,-1.755930526,0.21043604814033004,-1.96636657414033
1,11059,-0.266374005,-0.14979870973185497,-0.11657529526814506
1,11060,-0.112477464,-0.05325242096174372,-0.05922504303825628
1,11061,0.816286101,-0.14979870973185497,0.9660848107318549
1,11062,-0.316134651,0.23369311336888557,-0.5498277643688856
1,11063,-0.187464866,0.23369311336888557,-0.42115797936888555
1,11064,0.532298089,-0.14979870973185497,0.6820967987318549
1,11065,-0.077130385,-0.19769718706730208,0.12056680206730208
1,11066,0.868781928,-0.0766920029368073,0.9454739309368073
1,11067,0.96644646,-0.14979870973185497,1.116245169731855
1,11068,0.433262748,-0.14979870973185497,0.5830614577318549
1,11069,-1.019969058,0.25565698048528357,-1.2756260384852836
1,11070,-0.167948302,0.21043604814033004,-0.37838435014033
1,11071,-0.185202584,-0.14979870973185497,-0.035403874268145036
1,11072,-0.084794364,-0.05325242096174372,-0.031541943038256276
1,11073,-0.271202035,-0.14979870973185497,-0.12140332526814504
1,11074,-0.311127245,0.23369311336888557,-0.5448203583688855
1,11075,-0.886667191,0.23369311336888557,-1.1203603043688857
1,11076,-0.512723293,-0.14979870973185497,-0.36292458326814503
1,11077,-2.330637362,-0.19769718706730208,-2.132940174932698
1,11078,-1.64790804,-0.0766920029368073,-1.5712160370631927
1,11079,-0.428529702,-0.14979870973185497,-0.278730992268145
1,11080,-0.562730394,-0.14979870973185497,-0.4129316842681451
1,11081,0.419534153,0.25565698048528357,0.16387717251471645
1,11082,-1.349699463,0.21043604814033004,-1.5601355111403301
1,11083,-0.025260301,0.25565698048528357,-0.28091728148528355
1,11084,0.878136787,0.3740683788256354,0.5040684081743646
1,11085,0.156271734,0.25565698048528357,-0.09938524648528357
1,11086,-0.133880157,0.35768800552241165,-0.49156816252241164
1,11087,0.727335214,0.35768800552241165,0.36964720847758836
1,11088,-0.331769895,0.25565698048528357,-0.5874268754852836
1,11089,0.377131324,0.21756156287540784,0.15956976112459215
1,11090,-0.252231193,0.23268763234661538,-0.4849188253466154
1,11091,0.347882677,0.25565698048528357,0.0922256965147164
1,11092,0.71035705,0.25565698048528357,0.4547000695147165
1,11093,0.213440323,0.25565698048528357,-0.04221665748528358
1,11094,-1.1029229,0.21043604814033004,-1.31335894814033
1,11095,3.536405114,0.054416944402126445,3.4819881695978734
1,11096,4.963127253,0.11947154896212311,4.843655704037877
1,11097,0.638921027,0.054416944402126445,0.5845040825978736
1,11098,-0.128452586,0.3169448581850122,-0.44539744418501226
1,11099,-0.804785622,0.3169448581850122,-1.1217304801850123
1,11100,0.609873824,0.054416944402126445,0.5554568795978736
1,11101,-0.600233695,-0.04871958653225652,-0.5515141084677435
1,11102,-0.095704259,0.10260891709695766,-0.19831317609695764
1,11103,0.254901891,0.054416944402126445,0.20048494659787355
1,11104,0.503414091,0.054416944402126445,0.44899714659787354
1,11105,1.745421297,0.3199173166276424,1.4255039803723577
1,11106,2.379677953,0.2756142026482029,2.1040637503517967
1,11107,2.672864346,0.054416944402126445,2.6184474015978734
1,11108,-0.078757961,0.11947154896212311,-0.19822950996212313
1,11109,-0.094714957,0.054416944402126445,-0.14913190140212645
1,11110,0.317987963,0.3169448581850122,0.0010431048149877609
1,11111,0.379924644,0.3169448581850122,0.06297978581498775
1,11112,0.74832269,0.054416944402126445,0.6939057455978735
1,11113,1.34825057,-0.04871958653225652,1.3969701565322565
1,11114,0.642806813,0.10260891709695766,0.5401978959030423
1,11115,0.035911216,0.054416944402126445,-0.018505728402126442
1,11116,-0.228332875,0.054416944402126445,-0.28274981940212646
1,11117,0.072637375,0.3199173166276424,-0.24727994162764239
1,11118,1.482599899,0.2756142026482029,1.206985696351797
1,11119,0.901841302,0.054416944402126445,0.8474243575978736
1,11120,0.601024703,0.11947154896212311,0.4815531540378769
1,11121,0.403427134,0.054416944402126445,0.34901018959787355
1,11122,-0.246146738,0.3169448581850122,-0.5630915961850123
1,11123,-0.242756565,0.3169448581850122,-0.5597014231850123
1,11124,0.754625517,0.054416944402126445,0.7002085725978736
1,11125,-0.264488387,-0.04871958653225652,-0.21576880046774347
1,11126,-0.343847516,0.10260891709695766,-0.4464564330969577
1,11127,-0.029940984,0.054416944402126445,-0.08435792840212644
1,11128,-0.615052999,0.054416944402126445,-0.6694699434021264
1,11129,-0.754581295,0.3199173166276424,-1.0744986116276425
1,11130,-0.999007753,0.2756142026482029,-1.274621955648203
1,11131,-0.26447634,0.054416944402126445,-0.31889328440212644
1,11132,-0.319765389,0.11947154896212311,-0.43923693796212315
1,11133,-0.248391508,0.054416944402126445,-0.30280845240212645
1,11134,-1.154257299,0.3169448581850122,-1.4712021571850122
1,11135,-0.609606281,0.3169448581850122,-0.9265511391850123
1,11136,-0.903406321,0.054416944402126445,-0.9578232654021264
1,11137,-0.499986343,-0.04871958653225652,-0.4512667564677435
1,11138,0.03580745,0.10260891709695766,-0.06680146709695767
1,11139,1.543270386,0.054416944402126445,1.4888534415978736
1,11140,-1.459497481,0.054416944402126445,-1.5139144254021266
1,11141,-1.422479851,0.3199173166276424,-1.7423971676276424
1,11142,-1.054866658,0.2756142026482029,-1.3304808606482028
1,11143,-1.003469005,0.3199173166276424,-1.3233863216276422
1,11144,-1.108840694,0.4171416015400423,-1.5259822955400422
1,11145,-0.687378609,0.3199173166276424,-1.0072959256276424
1,11146,-0.826565765,0.4068025564680574,-1.2333683214680575
1,11147,0.143257404,0.4068025564680574,-0.26354515246805743
1,11148,-0.864312044,0.3199173166276424,-1.1842293606276424
1,11149,0.08058182,0.2783984893992198,-0.1978166693992198
1,11150,0.040487144,0.3061509558008391,-0.2656638118008391
1,11151,-0.207187927,0.3199173166276424,-0.5271052436276424
1,11152,-0.93771056,0.3199173166276424,-1.2576278766276423
1,11153,-1.676041511,0.3199173166276424,-1.9959588276276423
1,11154,2.561970503,0.2756142026482029,2.2863563003517973
1,11155,2.001302846,-0.5916752229338468,2.592978068933847
1,11156,2.714419943,-0.47841515271471535,3.192835095714715
1,11157,0.856742439,-0.5916752229338468,1.448417661933847
1,11160,0.572154322,-0.5916752229338468,1.1638295449338467
1,11161,0.873108005,-0.583695253083397,1.456803258083397
1,11162,0.682183657,-0.5525805854533793,1.2347642424533793
1,11163,0.461361451,-0.5916752229338468,1.0530366739338468
1,11164,0.240746956,-0.5916752229338468,0.8324221789338468
1,11165,-0.311666009,-0.42364551529292893,0.11197950629292891
1,11166,-0.259435838,-0.4302520577092718,0.1708162197092718
1,11167,2.235381833,-0.5916752229338468,2.827057055933847
1,11168,0.960207027,-0.47841515271471535,1.4386221797147154
1,11169,0.443961923,-0.5916752229338468,1.0356371459338467
1,11172,0.239193285,-0.5916752229338468,0.8308685079338468
1,11173,0.283194306,-0.583695253083397,0.8668895590833969
1,11174,0.461846714,-0.5525805854533793,1.0144272994533794
1,11175,0.495294613,-0.5916752229338468,1.0869698359338469
1,11176,0.113684968,-0.5916752229338468,0.7053601909338467
1,11177,0.013935905,-0.42364551529292893,0.43758142029292896
1,11178,-0.948310102,-0.4302520577092718,-0.5180580442907282
1,11179,0.346987947,-0.5916752229338468,0.9386631699338468
1,11180,1.355001301,-0.47841515271471535,1.8334164537147153
1,11181,0.370367529,-0.5916752229338468,0.9620427519338468
1,11184,0.537713021,-0.5916752229338468,1.1293882439338467
1,11185,0.890923072,-0.583695253083397,1.474618325083397
1,11186,-0.134446698,-0.5525805854533793,0.4181338874533793
1,11187,0.20310403,-0.5916752229338468,0.7947792529338468
1,11188,-0.618733364,-0.5916752229338468,-0.02705814106615323
1,11189,-1.084341185,-0.42364551529292893,-0.660695669707071
1,11190,-0.133471276,-0.4302520577092718,0.2967807817092718
1,11191,-0.338723705,-0.5916752229338468,0.2529515179338468
1,11192,-1.551460871,-0.47841515271471535,-1.0730457182852846
1,11193,0.443085899,-0.5916752229338468,1.0347611219338468
1,11196,-0.938550607,-0.5916752229338468,-0.34687538406615326
1,11197,-0.919410703,-0.583695253083397,-0.33571544991660307
1,11198,-0.438041328,-0.5525805854533793,0.11453925745337928
1,11199,-1.595480244,-0.5916752229338468,-1.003805021066153
1,11200,-0.558798851,-0.5916752229338468,0.03287637193384674
1,11201,-0.847272969,-0.42364551529292893,-0.4236274537070711
1,11202,-1.623733496,-0.4302520577092718,-1.1934814382907284
1,11203,-0.289015329,-0.42364551529292893,0.13463018629292894
1,11205,-0.752138025,-0.42364551529292893,-0.3284925097070711
1,11208,-0.607879705,-0.42364551529292893,-0.18423418970707106
1,11210,-1.554793921,-0.45234661755738265,-1.1024473034426172
1,11211,0.031189193,-0.42364551529292893,0.45483470829292894
1,11212,-1.182005513,-0.42364551529292893,-0.7583599977070711
1,11213,-1.483122669,-0.42364551529292893,-1.0594771537070709
1,11214,0.062988687,-0.4302520577092718,0.49324074470927176
1,11215,3.199768113,-0.5145845853751136,3.714352698375114
1,11216,3.909457695,-0.3701522149256089,4.279609909925609
1,11217,0.868694675,-0.5145845853751136,1.3832792603751136
1,11220,0.659498026,-0.5145845853751136,1.1740826113751135
1,11221,1.209824661,-0.5060732234583597,1.71589788445836
1,11222,0.923311091,-0.45890349572193134,1.3822145867219313
1,11223,0.320736519,-0.5145845853751136,0.8353211043751136
1,11224,0.278492999,-0.5145845853751136,0.7930775843751137
1,11225,-0.038385727,-0.2807556953286054,0.24236996832860538
1,11226,1.553275825,-0.2846421346987925,1.8379179596987925
1,11227,3.11670217,-0.5145845853751136,3.631286755375114
1,11228,2.623558526,-0.3701522149256089,2.993710740925609
1,11229,0.30189104,-0.5145845853751136,0.8164756253751136
1,11232,0.654328566,-0.5145845853751136,1.1689131513751136
1,11233,0.581100412,-0.5060732234583597,1.0871736354583597
1,11234,0.789633047,-0.45890349572193134,1.2485365427219315
1,11235,-0.214797912,-0.5145845853751136,0.29978667337511367
1,11236,0.49008471,-0.5145845853751136,1.0046692953751135
1,11237,-0.01047325,-0.2807556953286054,0.2702824453286054
1,11238,-0.955738696,-0.2846421346987925,-0.6710965613012075
1,11239,0.731215745,-0.5145845853751136,1.2458003303751135
1,11240,3.821152267,-0.3701522149256089,4.191304481925609
1,11241,-0.127594983,-0.5145845853751136,0.38698960237511365
1,11244,0.042095644,-0.5145845853751136,0.5566802293751136
1,11245,-0.001311625,-0.5060732234583597,0.5047615984583597
1,11246,0.295778062,-0.45890349572193134,0.7546815577219314
1,11247,-0.103651031,-0.5145845853751136,0.41093355437511364
1,11248,-0.67971759,-0.5145845853751136,-0.16513300462488634
1,11249,-1.949576647,-0.2807556953286054,-1.6688209516713945
1,11250,-0.10647951,-0.2846421346987925,0.17816262469879252
1,11251,0.743025598,-0.5145845853751136,1.2576101833751137
1,11252,-0.228202814,-0.3701522149256089,0.1419494009256089
1,11253,-0.626086086,-0.5145845853751136,-0.1115015006248864
1,11256,-0.637257881,-0.5145845853751136,-0.12267329562488638
1,11257,-0.507875396,-0.5060732234583597,-0.001802172541640279
1,11258,1.804439371,-0.45890349572193134,2.2633428667219313
1,11259,-0.217219267,-0.5145845853751136,0.29736531837511365
1,11260,-0.652418835,-0.5145845853751136,-0.13783424962488633
1,11261,-1.45407142,-0.2807556953286054,-1.1733157246713946
1,11262,-1.813071881,-0.2846421346987925,-1.5284297463012075
1,11263,-0.849527503,-0.2807556953286054,-0.5687718076713946
1,11265,-1.807633944,-0.2807556953286054,-1.5268782486713945
1,11268,-0.923780323,-0.2807556953286054,-0.6430246276713947
1,11269,-1.68879765,-0.2555222844858566,-1.4332753655141433
1,11270,-0.597723426,-0.3017684160804365,-0.29595500991956347
1,11271,-0.398781497,-0.2807556953286054,-0.11802580167139459
1,11272,-1.246602744,-0.2807556953286054,-0.9658470486713946
1,11273,-1.110676336,-0.2807556953286054,-0.8299206406713946
1,11274,1.590800884,-0.2846421346987925,1.8754430186987925
1,11275,1.280693181,-0.5695019514715955,1.8501951324715955
1,11276,2.106575578,-0.4827057459224928,2.589281323922493
1,11277,0.363178855,-0.5695019514715955,0.9326808064715956
1,11280,0.659996627,-0.5695019514715955,1.2294985784715955
1,11281,-0.132283888,-0.5615162666471429,0.4292323786471429
1,11282,-0.312630093,-0.5945023456090951,0.2818722526090951
1,11283,-0.420891092,-0.5695019514715955,0.14861085947159552
1,11284,0.046795199,-0.5695019514715955,0.6162971504715955
1,11285,-0.805941198,-0.540614991541268,-0.26532620645873195
1,11286,0.81023563,-0.5338144742052261,1.344050104205226
1,11287,2.541058727,-0.5695019514715955,3.1105606784715953
1,11288,1.941452523,-0.4827057459224928,2.4241582689224925
1,11289,-0.300429575,-0.5695019514715955,0.26907237647159554
1,11292,-0.417632747,-0.5695019514715955,0.15186920447159552
1,11293,-1.193023199,-0.5615162666471429,-0.631506932352857
1,11294,-0.284657021,-0.5945023456090951,0.3098453246090951
1,11295,-0.247468416,-0.5695019514715955,0.3220335354715955
1,11296,-0.610667973,-0.5695019514715955,-0.04116602152840443
1,11297,3.253843061,-0.540614991541268,3.794458052541268
1,11298,1.309581923,-0.5338144742052261,1.8433963972052263
1,11299,-0.021401303,-0.5695019514715955,0.5481006484715956
1,11300,0.828899342,-0.4827057459224928,1.311605087922493
1,11301,0.181210254,-0.5695019514715955,0.7507122054715956
1,11304,0.175302686,-0.5695019514715955,0.7448046374715955
1,11305,-0.735155288,-0.5615162666471429,-0.17363902135285703
1,11306,-0.679698143,-0.5945023456090951,-0.08519579739090488
1,11307,0.099321146,-0.5695019514715955,0.6688230974715955
1,11308,-0.726716106,-0.5695019514715955,-0.15721415452840448
1,11309,-1.801428694,-0.540614991541268,-1.2608137024587318
1,11310,-0.639150973,-0.5338144742052261,-0.10533649879477391
1,11311,1.379178763,-0.5695019514715955,1.9486807144715956
1,11312,-0.352903805,-0.4827057459224928,0.1298019409224928
1,11313,-1.008053595,-0.5695019514715955,-0.4385516435284045
1,11316,-0.470662275,-0.5695019514715955,0.09883967647159553
1,11317,-0.919448104,-0.5615162666471429,-0.35793183735285705
1,11318,-1.067820341,-0.5945023456090951,-0.4733179953909049
1,11319,-0.279723198,-0.5695019514715955,0.28977875347159554
1,11320,-1.417300014,-0.5695019514715955,-0.8477980625284045
1,11321,1.304231686,-0.540614991541268,1.844846677541268
1,11322,-1.344116275,-0.5338144742052261,-0.8103018007947739
1,11323,-0.668532416,-0.540614991541268,-0.127917424458732
1,11324,-0.034371558,-0.41202835092968404,0.377656792929684
1,11325,-1.524121796,-0.540614991541268,-0.983506804458732
1,11328,-1.101904633,-0.540614991541268,-0.561289641458732
1,11329,-1.132671648,-0.5194887501257262,-0.6131828978742739
1,11330,-1.028384198,-0.5742218230863066,-0.45416237491369327
1,11331,-1.799905512,-0.540614991541268,-1.2592905204587321
1,11332,-0.755152908,-0.540614991541268,-0.214537916458732
1,11333,-1.459248516,-0.540614991541268,-0.9186335244587319
1,11334,0.4217645,-0.5338144742052261,0.9555789742052261
1,11335,-0.24556731,-0.09899087506146237,-0.14657643493853764
1,11336,-0.454442163,-0.014918573155662326,-0.4395235898443377
1,11337,-0.766063271,-0.09899087506146237,-0.6670723959385376
1,11338,-1.192436924,0.2345716093007164,-1.4270085333007163
1,11339,-0.689280159,0.2345716093007164,-0.9238517683007164
1,11340,-0.191523012,-0.09899087506146237,-0.09253213693853762
1,11341,-1.5131663,-0.16874563070776838,-1.3444206692922316
1,11342,-2.077809774,-0.04068968731880214,-2.0371200866811976
1,11343,-1.10861787,-0.09899087506146237,-1.0096269949385377
1,11344,-0.598700831,-0.09899087506146237,-0.4997099559385377
1,11345,0.034122618,0.20669662864213534,-0.17257401064213534
1,11346,0.242087033,0.16087186690587363,0.08121516609412638
1,11347,-0.278105621,-0.09899087506146237,-0.17911474593853766
1,11348,-0.486983557,-0.014918573155662326,-0.4720649838443377
1,11349,0.08385434,-0.09899087506146237,0.18284521506146237
1,11350,-0.178833222,0.2345716093007164,-0.41340483130071637
1,11351,-0.222863143,0.2345716093007164,-0.4574347523007164
1,11352,0.002915893,-0.09899087506146237,0.10190676806146237
1,11353,-0.180318192,-0.16874563070776838,-0.011572561292231609
1,11354,0.094541051,-0.04068968731880214,0.13523073831880214
1,11355,0.27714393,-0.09899087506146237,0.37613480506146235
1,11356,-1.375043457,-0.09899087506146237,-1.2760525819385378
1,11357,-1.101797062,0.20669662864213534,-1.3084936906421354
1,11358,0.599021161,0.16087186690587363,0.4381492940941264
1,11359,-0.708289797,-0.09899087506146237,-0.6092989219385376
1,11360,-0.409878859,-0.014918573155662326,-0.3949602858443377
1,11361,-1.204912459,-0.09899087506146237,-1.1059215839385377
1,11362,-1.265761172,0.2345716093007164,-1.5003327813007163
1,11363,-0.601268402,0.2345716093007164,-0.8358400113007164
1,11364,-1.754929044,-0.09899087506146237,-1.6559381689385377
1,11365,-1.560975916,-0.16874563070776838,-1.3922302852922317
1,11366,-1.366302758,-0.04068968731880214,-1.325613070681198
1,11367,-0.806553464,-0.09899087506146237,-0.7075625889385377
1,11368,-1.027021863,-0.09899087506146237,-0.9280309879385378
1,11369,-0.056194126,0.20669662864213534,-0.26289075464213535
1,11370,0.498132821,0.16087186690587363,0.3372609540941264
1,11371,1.165594321,-0.09899087506146237,1.2645851960614622
1,11372,1.042138371,-0.014918573155662326,1.0570569441556623
1,11373,0.639216069,-0.09899087506146237,0.7382069440614625
1,11374,0.366577226,0.2345716093007164,0.13200561669928357
1,11375,0.195196481,0.2345716093007164,-0.039375128300716405
1,11376,0.730646506,-0.09899087506146237,0.8296373810614623
1,11377,-0.913969846,-0.16874563070776838,-0.7452242152922316
1,11378,0.239170913,-0.04068968731880214,0.27986060031880217
1,11379,-0.394541532,-0.09899087506146237,-0.2955506569385376
1,11380,1.219576148,-0.09899087506146237,1.3185670230614623
1,11381,-1.624807304,0.20669662864213534,-1.8315039326421352
1,11382,-1.374753464,0.16087186690587363,-1.5356253309058738
1,11383,1.480466225,0.20669662864213534,1.2737695963578646
1,11384,1.162329049,0.32788118459377963,0.8344478644062203
1,11385,0.806090347,0.20669662864213534,0.5993937183578647
1,11386,0.795027227,0.3170412314119025,0.47798599558809746
1,11387,0.906888492,0.3170412314119025,0.5898472605880976
1,11388,0.885804468,0.20669662864213534,0.6791078393578647
1,11389,0.644157297,0.1803417108795859,0.4638155861204141
1,11390,0.841158401,0.1824446371983318,0.6587137638016681
1,11391,0.74670088,0.20669662864213534,0.5400042513578647
1,11392,0.649192738,0.20669662864213534,0.44249610935786465
1,11393,2.401301461,0.20669662864213534,2.194604832357865
1,11394,1.607812671,0.16087186690587363,1.4469408040941265
1,11395,0.322025411,-0.35015797861177994,0.6721833896117799
1,11396,0.567622527,-0.07786414973597151,0.6454866767359716
1,11397,-0.343412474,-0.35015797861177994,0.006745504611779918
1,11400,-0.00972713,-0.35015797861177994,0.34043084861177997
1,11401,-0.633199509,-0.3649514355618515,-0.2682480734381485
1,11402,-0.583601409,-0.12487814653926009,-0.4587232624607399
1,11403,-0.084563983,-0.35015797861177994,0.26559399561177993
1,11404,0.355256214,-0.35015797861177994,0.70541419261178
1,11405,1.420270573,0.4088325526755146,1.0114380203244855
1,11406,1.521288688,0.33185966062045785,1.1894290273795423
1,11407,0.861893269,-0.35015797861177994,1.21205124761178
1,11408,-1.318708573,-0.07786414973597151,-1.2408444232640286
1,11409,0.427051158,-0.35015797861177994,0.7772091366117799
1,11412,0.520144165,-0.35015797861177994,0.8703021436117799
1,11413,-0.059939476,-0.3649514355618515,0.3050119595618515
1,11414,0.717831118,-0.12487814653926009,0.8427092645392601
1,11415,0.387067712,-0.35015797861177994,0.73722569061178
1,11416,0.400374905,-0.35015797861177994,0.7505328836117799
1,11417,1.776418331,0.4088325526755146,1.3675857783244854
1,11418,1.872758242,0.33185966062045785,1.5408985813795422
1,11419,0.392573015,-0.35015797861177994,0.74273099361178
1,11420,0.625703167,-0.07786414973597151,0.7035673167359715
1,11421,-0.445936577,-0.35015797861177994,-0.09577859838822006
1,11424,-0.37186616,-0.35015797861177994,-0.02170818138822006
1,11425,-0.881358705,-0.3649514355618515,-0.5164072694381485
1,11426,-1.035423868,-0.12487814653926009,-0.91054572146074
1,11427,-0.795568432,-0.35015797861177994,-0.4454104533882201
1,11428,-0.317607657,-0.35015797861177994,0.03255032161177995
1,11429,1.245233,0.4088325526755146,0.8364004473244855
1,11430,1.32961679,0.33185966062045785,0.9977571293795422
1,11431,1.79420225,-0.35015797861177994,2.14436022861178
1,11432,1.578971435,-0.07786414973597151,1.6568355847359715
1,11433,0.623632765,-0.35015797861177994,0.9737907436117799
1,11436,0.984931614,-0.35015797861177994,1.3350895926117798
1,11437,0.443114006,-0.3649514355618515,0.8080654415618516
1,11438,0.649866821,-0.12487814653926009,0.7747449675392601
1,11439,0.8706542,-0.35015797861177994,1.22081217861178
1,11440,0.57145109,-0.35015797861177994,0.9216090686117799
1,11441,-0.447129076,0.4088325526755146,-0.8559616286755146
1,11442,-0.587374418,0.33185966062045785,-0.9192340786204578
1,11443,2.27544837,0.4088325526755146,1.8666158173244853
1,11445,1.169749381,0.4088325526755146,0.7609168283244854
1,11448,1.014259174,0.4088325526755146,0.6054266213244854
1,11449,0.68261704,0.35638584356140657,0.32623119643859344
1,11450,0.691565163,0.39350927732913066,0.2980558856708694
1,11451,0.568516754,0.4088325526755146,0.1596842013244854
1,11452,1.347277839,0.4088325526755146,0.9384452863244854
1,11453,2.568581573,0.4088325526755146,2.1597490203244853
1,11454,0.572571579,0.33185966062045785,0.24071191837954214
1,11455,0.769223177,-0.14623093912138363,0.9154541161213836
1,11456,0.477226776,-0.05271082821877377,0.5299376042187738
1,11457,-0.537979335,-0.14623093912138363,-0.3917483958786163
1,11458,-0.036030558,0.2061071705196161,-0.2421377285196161
1,11459,-0.537388335,0.2061071705196161,-0.7434955055196162
1,11460,-0.312386176,-0.14623093912138363,-0.16615523687861639
1,11461,-1.047230499,-0.21632060589223798,-0.8309098931077621
1,11462,-0.580989014,-0.053352509679428006,-0.527636504320572
1,11463,-0.635646094,-0.14623093912138363,-0.4894151548786164
1,11464,0.644565661,-0.14623093912138363,0.7907966001213836
1,11465,1.295714832,0.2675682428874374,1.0281465891125627
1,11466,1.404792232,0.2103184905493777,1.1944737414506221
1,11467,0.654529498,-0.14623093912138363,0.8007604371213837
1,11468,1.249587533,-0.05271082821877377,1.3022983612187737
1,11469,0.24060466,-0.14623093912138363,0.38683559912138366
1,11470,-0.046378064,0.2061071705196161,-0.25248523451961613
1,11471,0.138392427,0.2061071705196161,-0.0677147435196161
1,11472,0.272474564,-0.14623093912138363,0.4187055031213836
1,11473,-0.782357085,-0.21632060589223798,-0.566036479107762
1,11474,-0.113058137,-0.053352509679428006,-0.059705627320572
1,11475,-0.056642556,-0.14623093912138363,0.08958838312138363
1,11476,0.618282192,-0.14623093912138363,0.7645131311213836
1,11477,1.472451341,0.2675682428874374,1.2048830981125627
1,11478,1.572251614,0.2103184905493777,1.3619331234506222
1,11479,0.316215282,-0.14623093912138363,0.4624462211213836
1,11480,0.35062816,-0.05271082821877377,0.4033389882187738
1,11481,-0.277037588,-0.14623093912138363,-0.13080664887861637
1,11482,-1.223875618,0.2061071705196161,-1.4299827885196161
1,11483,-0.636461849,0.2061071705196161,-0.8425690195196162
1,11484,-0.599664281,-0.14623093912138363,-0.4534333418786164
1,11485,-1.046550137,-0.21632060589223798,-0.8302295311077621
1,11486,-0.946562353,-0.053352509679428006,-0.893209843320572
1,11487,-1.113459374,-0.14623093912138363,-0.9672284348786164
1,11488,0.084043068,-0.14623093912138363,0.23027400712138363
1,11489,0.997414067,0.2675682428874374,0.7298458241125626
1,11490,1.080671355,0.2103184905493777,0.8703528644506223
1,11491,1.315022683,-0.14623093912138363,1.4612536221213837
1,11492,1.532415414,-0.05271082821877377,1.5851262422187737
1,11493,0.269825582,-0.14623093912138363,0.41605652112138364
1,11494,0.297935163,0.2061071705196161,0.0918279924803839
1,11495,0.674173409,0.2061071705196161,0.46806623848038387
1,11496,0.670332863,-0.14623093912138363,0.8165638021213836
1,11497,0.627618252,-0.21632060589223798,0.843938857892238
1,11498,0.662563924,-0.053352509679428006,0.7159164336794279
1,11499,0.772635488,-0.14623093912138363,0.9188664271213837
1,11500,0.766898318,-0.14623093912138363,0.9131292571213836
1,11501,-1.054455428,0.2675682428874374,-1.3220236708874373
1,11502,-0.690405501,0.2103184905493777,-0.9007239915493777
1,11503,1.954141462,0.2675682428874374,1.6865732191125624
1,11504,2.287307462,0.39137684845893556,1.8959306135410643
1,11505,1.194958818,0.2675682428874374,0.9273905751125625
1,11506,0.61613888,0.3831968125513274,0.23294206744867263
1,11507,0.920025663,0.3831968125513274,0.5368288504486726
1,11508,1.126441458,0.2675682428874374,0.8588732151125625
1,11509,0.595825002,0.2232624110292835,0.37256259097071653
1,11510,0.878862095,0.2587930219469497,0.6200690730530503
1,11511,0.428950551,0.2675682428874374,0.1613823081125626
1,11512,-0.120449445,0.2675682428874374,-0.3880176878874374
1,11513,0.33782422,0.2675682428874374,0.0702559771125626
1,11514,0.502392099,0.2103184905493777,0.29207360845062236
1,11515,-0.321761229,-0.17760685034492946,-0.14415437865507053
1,11516,0.547990172,-0.07604968452495141,0.6240398565249514
1,11517,-0.209954255,-0.17760685034492946,-0.03234740465507055
1,11518,0.005936998,0.19932903806859845,-0.19339204006859845
1,11519,-0.586009608,0.19932903806859845,-0.7853386460685985
1,11520,-0.292042268,-0.17760685034492946,-0.11443541765507054
1,11521,-0.955059356,-0.2209891195298817,-0.7340702364701184
1,11522,-0.645317963,-0.07815143410226418,-0.5671665288977358
1,11523,-0.132775335,-0.17760685034492946,0.04483151534492946
1,11524,1.071829331,-0.17760685034492946,1.2494361813449295
1,11525,1.209469995,0.22645792584737084,0.9830120691526292
1,11526,0.547453023,0.1791036221325567,0.3683494008674433
1,11527,0.46898406,-0.17760685034492946,0.6465909103449294
1,11528,0.850348313,-0.07604968452495141,0.9263979975249514
1,11529,-0.109214211,-0.17760685034492946,0.06839263934492945
1,11530,0.091240353,0.19932903806859845,-0.10808868506859845
1,11531,0.292810825,0.19932903806859845,0.09348178693140155
1,11532,0.248943377,-0.17760685034492946,0.4265502273449294
1,11533,-0.082566122,-0.2209891195298817,0.1384229975298817
1,11534,-0.060363438,-0.07815143410226418,0.017787996102264177
1,11535,0.363509218,-0.17760685034492946,0.5411160683449294
1,11536,1.074476792,-0.17760685034492946,1.2520836423449295
1,11537,2.008527877,0.22645792584737084,1.7820699511526292
1,11538,1.911668548,0.1791036221325567,1.7325649258674432
1,11539,0.044973458,-0.17760685034492946,0.22258030834492945
1,11540,-0.010659013,-0.07604968452495141,0.06539067152495141
1,11541,-0.61123115,-0.17760685034492946,-0.4336242996550705
1,11542,-0.941800428,0.19932903806859845,-1.1411294660685984
1,11543,-0.870294685,0.19932903806859845,-1.0696237230685983
1,11544,-1.001412641,-0.17760685034492946,-0.8238057906550704
1,11545,-1.206595853,-0.2209891195298817,-0.9856067334701184
1,11546,-1.490599687,-0.07815143410226418,-1.4124482528977358
1,11547,-0.65101455,-0.17760685034492946,-0.4734076996550705
1,11548,0.2694046,-0.17760685034492946,0.44701145034492945
1,11549,1.280474908,0.22645792584737084,1.054016982152629
1,11550,1.200721181,0.1791036221325567,1.0216175588674434
1,11551,1.777277601,-0.17760685034492946,1.9548844513449295
1,11552,1.791259118,-0.07604968452495141,1.8673088025249513
1,11553,0.875176511,-0.17760685034492946,1.0527833613449296
1,11554,0.378239019,0.19932903806859845,0.17890998093140156
1,11555,-0.431174522,0.19932903806859845,-0.6305035600685984
1,11556,0.92336073,-0.17760685034492946,1.1009675803449295
1,11557,0.082059366,-0.2209891195298817,0.30304848552988173
1,11558,0.199851275,-0.07815143410226418,0.27800270910226416
1,11559,0.087403987,-0.17760685034492946,0.2650108373449295
1,11560,0.819854812,-0.17760685034492946,0.9974616623449295
1,11561,-0.701474352,0.22645792584737084,-0.9279322778473709
1,11562,0.079187045,0.1791036221325567,-0.09991657713255671
1,11563,1.988356207,0.22645792584737084,1.7618982811526291
1,11564,1.947457176,0.36688720939165453,1.5805699666083455
1,11565,1.087995125,0.22645792584737084,0.861537199152629
1,11566,0.210217642,0.3433603929501992,-0.1331427509501992
1,11567,0.611698745,0.3433603929501992,0.2683383520498008
1,11568,0.059200544,0.22645792584737084,-0.16725738184737085
1,11569,0.581408647,0.1861479292089133,0.3952607177910866
1,11570,0.197336098,0.20497320422739168,-0.007637106227391693
1,11571,0.813555214,0.22645792584737084,0.5870972881526291
1,11572,1.283372956,0.22645792584737084,1.056915030152629
1,11573,-0.318978871,0.22645792584737084,-0.5454367968473708
1,11574,0.517059082,0.1791036221325567,0.33795545986744324
1,11575,-0.017155787,-0.15027052042548183,0.13311473342548183
1,11576,-0.795954317,-0.05606866432558441,-0.7398856526744155
1,11577,0.332585231,-0.15027052042548183,0.4828557514254818
1,11578,0.35293034,0.17907672794123125,0.17385361205876876
1,11579,0.015911537,0.17907672794123125,-0.16316519094123125
1,11580,0.481387253,-0.15027052042548183,0.6316577734254818
1,11581,0.123289059,-0.20059677390035144,0.32388583290035144
1,11582,-0.088941124,-0.07466665061200377,-0.014274473387996228
1,11583,-0.112633714,-0.15027052042548183,0.03763680642548184
1,11584,0.673146702,-0.15027052042548183,0.8234172224254819
1,11585,-0.064117457,0.1949381979148658,-0.2590556549148658
1,11586,-0.288645949,0.14670548924584798,-0.435351438245848
1,11587,-0.077023739,-0.15027052042548183,0.07324678142548184
1,11588,-1.278183113,-0.05606866432558441,-1.2221144486744158
1,11589,0.502591866,-0.15027052042548183,0.6528623864254819
1,11590,-0.002128631,0.17907672794123125,-0.18120535894123124
1,11591,0.337008047,0.17907672794123125,0.15793131905876873
1,11592,0.228628379,-0.15027052042548183,0.3788988994254818
1,11593,0.973268894,-0.20059677390035144,1.1738656679003514
1,11594,0.261333119,-0.07466665061200377,0.3359997696120038
1,11595,0.147761761,-0.15027052042548183,0.2980322814254818
1,11596,-0.134673141,-0.15027052042548183,0.015597379425481839
1,11597,-0.597948372,0.1949381979148658,-0.7928865699148657
1,11598,0.096970361,0.14670548924584798,-0.04973512824584797
1,11599,-0.778289082,-0.15027052042548183,-0.6280185615745182
1,11600,-0.694689216,-0.05606866432558441,-0.6386205516744156
1,11601,0.054907225,-0.15027052042548183,0.20517774542548184
1,11602,-0.550761368,0.17907672794123125,-0.7298380959412312
1,11603,0.077104294,0.17907672794123125,-0.10197243394123125
1,11604,-0.117551743,-0.15027052042548183,0.032718777425481835
1,11605,0.125229986,-0.20059677390035144,0.3258267599003514
1,11606,-0.24514085,-0.07466665061200377,-0.17047419938799624
1,11607,-0.294466363,-0.15027052042548183,-0.14419584257451817
1,11608,0.126730066,-0.15027052042548183,0.27700058642548187
1,11609,-0.085868003,0.1949381979148658,-0.2808062009148658
1,11610,-0.417311564,0.14670548924584798,-0.5640170532458479
1,11611,-0.280945683,-0.15027052042548183,-0.13067516257451817
1,11612,-0.780004502,-0.05606866432558441,-0.7239358376744156
1,11613,1.43980325,-0.15027052042548183,1.590073770425482
1,11614,0.265369802,0.17907672794123125,0.08629307405876874
1,11615,0.285670697,0.17907672794123125,0.10659396905876872
1,11616,0.64416877,-0.15027052042548183,0.7944392904254818
1,11617,-0.035262811,-0.20059677390035144,0.16533396290035143
1,11618,0.625722885,-0.07466665061200377,0.7003895356120037
1,11619,0.697885856,-0.15027052042548183,0.8481563764254818
1,11620,0.670793623,-0.15027052042548183,0.8210641434254818
1,11621,-0.950392754,0.1949381979148658,-1.1453309519148658
1,11622,-0.647292808,0.14670548924584798,-0.7939982972458479
1,11623,0.793528017,0.1949381979148658,0.5985898190851342
1,11624,0.504216519,0.3405675636933579,0.16364895530664209
1,11625,1.559551397,0.1949381979148658,1.364613199085134
1,11626,1.14996982,0.300741095563317,0.849228724436683
1,11627,1.271612294,0.300741095563317,0.9708711984366831
1,11628,1.365848569,0.1949381979148658,1.170910371085134
1,11629,0.932298021,0.16539770581591762,0.7669003151840824
1,11630,-0.7081773,0.17197202097349693,-0.880149320973497
1,11631,-1.124896201,0.1949381979148658,-1.319834398914866
1,11632,-0.414659867,0.1949381979148658,-0.6095980649148658
1,11633,-0.309692469,0.1949381979148658,-0.5046306669148658
1,11634,0.150096784,0.14670548924584798,0.0033912947541520355
1,11635,-0.5245804,-0.04511564139288245,-0.4794647586071175
1,11636,0.006694321,0.011006357553691191,-0.004312036553691192
1,11637,0.281112274,-0.04511564139288245,0.32622791539288243
1,11638,0.061510201,0.31243200027241624,-0.25092179927241626
1,11639,0.366967082,0.31243200027241624,0.054535081727583756
1,11640,-0.050216701,-0.04511564139288245,-0.005101059607117556
1,11641,-0.182540601,-0.12893623495014328,-0.053604366049856716
1,11642,-0.23404277,0.010381275703279104,-0.2444240457032791
1,11643,-0.064390381,-0.04511564139288245,-0.01927473960711755
1,11644,1.073647137,-0.04511564139288245,1.1187627783928824
1,11645,-1.097437302,0.29133251637240165,-1.3887698183724015
1,11646,-1.036691811,0.22926526814209527,-1.2659570791420953
1,11647,-0.849185676,-0.04511564139288245,-0.8040700346071175
1,11648,-0.033251218,0.011006357553691191,-0.04425757555369119
1,11649,1.011558222,-0.04511564139288245,1.0566738633928823
1,11650,0.601063746,0.31243200027241624,0.28863174572758377
1,11651,0.727593904,0.31243200027241624,0.41516190372758377
1,11652,0.806707335,-0.04511564139288245,0.8518229763928825
1,11653,0.608065108,-0.12893623495014328,0.7370013429501433
1,11654,0.668286904,0.010381275703279104,0.657905628296721
1,11655,0.774286667,-0.04511564139288245,0.8194023083928825
1,11656,0.944256664,-0.04511564139288245,0.9893723053928825
1,11657,-1.326879524,0.29133251637240165,-1.6182120403724016
1,11658,-0.527579413,0.22926526814209527,-0.7568446811420952
1,11659,-0.552508623,-0.04511564139288245,-0.5073929816071175
1,11660,0.387790979,0.011006357553691191,0.3767846214463088
1,11661,0.792385681,-0.04511564139288245,0.8375013223928824
1,11662,-0.184576232,0.31243200027241624,-0.49700823227241625
1,11663,0.417758126,0.31243200027241624,0.10532612572758376
1,11664,0.067614015,-0.04511564139288245,0.11272965639288245
1,11665,0.10498999,-0.12893623495014328,0.23392622495014329
1,11666,-0.012523988,0.010381275703279104,-0.022905263703279104
1,11667,-0.368277799,-0.04511564139288245,-0.3231621576071176
1,11668,0.387413131,-0.04511564139288245,0.43252877239288245
1,11669,-0.71821024,0.29133251637240165,-1.0095427563724018
1,11670,-1.170464065,0.22926526814209527,-1.3997293331420952
1,11671,-0.147430604,-0.04511564139288245,-0.10231496260711755
1,11672,1.609756179,0.011006357553691191,1.5987498214463087
1,11673,0.974760289,-0.04511564139288245,1.0198759303928824
1,11674,0.184599104,0.31243200027241624,-0.12783289627241623
1,11675,0.387997196,0.31243200027241624,0.07556519572758374
1,11676,0.379769942,-0.04511564139288245,0.42488558339288246
1,11677,0.428895994,-0.12893623495014328,0.5578322289501433
1,11678,0.564723182,0.010381275703279104,0.554341906296721
1,11679,0.68813883,-0.04511564139288245,0.7332544713928825
1,11680,0.905747,-0.04511564139288245,0.9508626413928825
1,11681,-1.151681193,0.29133251637240165,-1.4430137093724016
1,11682,-1.128241962,0.22926526814209527,-1.3575072301420952
1,11683,0.699577278,0.29133251637240165,0.4082447616275984
1,11684,2.530610324,0.3829407041177047,2.1476696198822953
1,11685,2.074528732,0.29133251637240165,1.7831962156275984
1,11686,1.086524147,0.4171999528763478,0.6693241941236522
1,11687,1.587563922,0.4171999528763478,1.170363969123652
1,11688,1.38818075,0.29133251637240165,1.0968482336275984
1,11689,0.741401364,0.2657042163566012,0.4756971476433988
1,11690,1.069255283,0.2784487015236216,0.7908065814763783
1,11691,1.283337485,0.29133251637240165,0.9920049686275982
1,11692,1.949029017,0.29133251637240165,1.6576965006275983
1,11693,-0.873407217,0.29133251637240165,-1.1647397333724017
1,11694,-1.194214409,0.22926526814209527,-1.4234796771420952
1,11695,-0.4225808,-0.2731088659478547,-0.14947193405214526
1,11696,-0.373744517,-0.06882276420159072,-0.3049217527984093
1,11697,0.561549182,-0.2731088659478547,0.8346580479478547
1,11700,0.209969282,-0.2731088659478547,0.48307814794785475
1,11701,-0.662439111,-0.3353820240196528,-0.3270570869803472
1,11702,-0.685149688,-0.11649505753807889,-0.5686546304619211
1,11703,0.021295566,-0.2731088659478547,0.2944044319478547
1,11704,0.890523655,-0.2731088659478547,1.1636325209478546
1,11705,-0.912503303,0.2749105048843576,-1.1874138078843577
1,11706,-1.142036466,0.23859635408125504,-1.380632820081255
1,11707,-0.609995691,-0.2731088659478547,-0.33688682505214523
1,11708,-1.127405344,-0.06882276420159072,-1.0585825797984092
1,11709,0.678293237,-0.2731088659478547,0.9514021029478548
1,11712,0.740225983,-0.2731088659478547,1.0133348489478546
1,11713,0.180147063,-0.3353820240196528,0.5155290870196527
1,11714,0.449761969,-0.11649505753807889,0.5662570265380789
1,11715,0.695382108,-0.2731088659478547,0.9684909739478547
1,11716,0.90422426,-0.2731088659478547,1.1773331259478548
1,11717,-1.082759756,0.2749105048843576,-1.3576702608843576
1,11718,-1.043237275,0.23859635408125504,-1.281833629081255
1,11719,-1.100904148,-0.2731088659478547,-0.8277952820521453
1,11720,-0.509724228,-0.06882276420159072,-0.4409014637984092
1,11721,0.568014447,-0.2731088659478547,0.8411233129478548
1,11724,-0.001325076,-0.2731088659478547,0.27178378994785474
1,11725,-0.636994588,-0.3353820240196528,-0.3016125639803472
1,11726,-0.007987719,-0.11649505753807889,0.10850733853807888
1,11727,-0.284597985,-0.2731088659478547,-0.01148911905214528
1,11728,0.222458578,-0.2731088659478547,0.4955674439478547
1,11729,-1.159623886,0.2749105048843576,-1.4345343908843577
1,11730,-1.089689721,0.23859635408125504,-1.328286075081255
1,11731,0.43722027,-0.2731088659478547,0.7103291359478547
1,11732,0.04772534,-0.06882276420159072,0.11654810420159073
1,11733,1.62180143,-0.2731088659478547,1.8949102959478548
1,11736,0.683078212,-0.2731088659478547,0.9561870779478547
1,11737,0.495754339,-0.3353820240196528,0.8311363630196528
1,11738,0.743190139,-0.11649505753807889,0.8596851965380788
1,11739,0.854544625,-0.2731088659478547,1.1276534909478546
1,11740,0.881198297,-0.2731088659478547,1.1543071629478547
1,11741,-1.256812191,0.2749105048843576,-1.5317226958843577
1,11742,-1.36845996,0.23859635408125504,-1.607056314081255
1,11743,0.485558072,0.2749105048843576,0.21064756711564242
1,11744,0.967571329,0.5646911567900943,0.4028801722099057
1,11745,1.940623376,0.2749105048843576,1.6657128711156424
1,11748,1.146088294,0.2749105048843576,0.8711777891156423
1,11749,0.721553786,0.24923311922405678,0.4723206667759432
1,11750,1.986497035,0.27800432498156075,1.7084927100184393
1,11751,0.940549657,0.2749105048843576,0.6656391521156424
1,11752,0.47948131,0.2749105048843576,0.2045708051156424
1,11753,-1.42971339,0.2749105048843576,-1.7046238948843577
1,11754,-1.38877182,0.23859635408125504,-1.6273681740812551
1,11755,-0.467548638,-0.11126644577863741,-0.3562821922213626
1,11756,0.841975741,-0.026087449865007852,0.8680631908650079
1,11757,1.36421721,-0.11126644577863741,1.4754836557786375
1,11758,-0.721391593,0.2291478117751042,-0.9505394047751042
1,11759,0.64099448,0.2291478117751042,0.4118466682248958
1,11760,-0.221738989,-0.11126644577863741,-0.11047254322136259
1,11761,-0.284939598,-0.17725438267438662,-0.1076852153256134
1,11762,-0.190526056,-0.0225865144262903,-0.1679395415737097
1,11763,-0.19480143,-0.11126644577863741,-0.08353498422136259
1,11764,2.520178107,-0.11126644577863741,2.631444552778637
1,11765,-0.732833232,0.29565930103548116,-1.028492533035481
1,11766,-1.079418294,0.23534383089714667,-1.3147621248971466
1,11767,-0.594352085,-0.11126644577863741,-0.4830856392213626
1,11768,0.550031535,-0.026087449865007852,0.5761189848650079
1,11769,1.920866918,-0.11126644577863741,2.0321333637786374
1,11770,0.362381502,0.2291478117751042,0.1332336902248958
1,11771,1.48037444,0.2291478117751042,1.2512266282248958
1,11772,1.508514379,-0.11126644577863741,1.6197808247786374
1,11773,0.758392733,-0.17725438267438662,0.9356471156743866
1,11774,1.187536088,-0.0225865144262903,1.2101226024262903
1,11775,0.91939415,-0.11126644577863741,1.0306605957786374
1,11776,2.346386683,-0.11126644577863741,2.457653128778637
1,11777,-0.88729429,0.29565930103548116,-1.1829535910354811
1,11778,-1.190954482,0.23534383089714667,-1.4262983128971467
1,11779,-1.155933601,-0.11126644577863741,-1.0446671552213627
1,11780,1.224219485,-0.026087449865007852,1.250306934865008
1,11781,1.536942148,-0.11126644577863741,1.6482085937786375
1,11782,-0.457599682,0.2291478117751042,-0.6867474937751042
1,11783,0.897643905,0.2291478117751042,0.6684960932248958
1,11784,0.789962583,-0.11126644577863741,0.9012290287786374
1,11785,-0.316194133,-0.17725438267438662,-0.13893975032561337
1,11786,0.531547378,-0.0225865144262903,0.5541338924262903
1,11787,0.438730359,-0.11126644577863741,0.5499968047786374
1,11788,1.434875682,-0.11126644577863741,1.5461421277786374
1,11789,-1.28663857,0.29565930103548116,-1.5822978710354811
1,11790,-0.665237126,0.23534383089714667,-0.9005809568971466
1,11791,-0.473000251,-0.11126644577863741,-0.36173380522136256
1,11792,2.703256323,-0.026087449865007852,2.729343772865008
1,11793,2.588247783,-0.11126644577863741,2.699514228778637
1,11794,0.452909879,0.2291478117751042,0.2237620672248958
1,11795,0.163880827,0.2291478117751042,-0.0652669847751042
1,11796,0.146780453,-0.11126644577863741,0.2580468987786374
1,11797,-0.444629261,-0.17725438267438662,-0.26737487832561335
1,11798,-0.036492603,-0.0225865144262903,-0.013906088573709698
1,11799,0.364813384,-0.11126644577863741,0.47607982977863744
1,11800,0.052168267,-0.11126644577863741,0.16343471277863741
1,11801,-1.186205717,0.29565930103548116,-1.481865018035481
1,11802,-1.54408856,0.23534383089714667,-1.7794323908971468
1,11803,0.340494381,0.29565930103548116,0.044835079964518854
1,11804,2.988233613,0.3969951039248281,2.5912385090751715
1,11805,3.020258093,0.29565930103548116,2.7245987919645187
1,11806,1.666852432,0.3972546996237865,1.2695977323762135
1,11807,2.495045643,0.3972546996237865,2.0977909433762134
1,11808,2.131213857,0.29565930103548116,1.835554555964519
1,11809,1.149224622,0.25234019764962495,0.8968844243503751
1,11810,0.852918357,0.2856860190707462,0.5672323379292538
1,11811,-1.096404903,0.29565930103548116,-1.3920642040354811
1,11812,-0.93466994,0.29565930103548116,-1.2303292410354811
1,11813,-1.58775029,0.29565930103548116,-1.8834095910354811
1,11814,-1.495549995,0.23534383089714667,-1.7308938258971467
1,11815,-0.861643642,-0.1469056214410616,-0.7147380205589384
1,11816,0.099531052,-0.04719092167335308,0.14672197367335307
1,11817,0.829401901,-0.1469056214410616,0.9763075224410616
1,11820,0.803113548,-0.1469056214410616,0.9500191694410616
1,11821,0.752607697,-0.2027283626987931,0.9553360596987931
1,11822,0.590041894,-0.06559882143034657,0.6556407154303465
1,11823,0.830520403,-0.1469056214410616,0.9774260244410615
1,11824,0.058005019,-0.1469056214410616,0.20491064044106158
1,11825,-0.312807213,0.12573312002179457,-0.4385403330217945
1,11826,-1.40933074,0.09615308332684848,-1.5054838233268484
1,11827,-1.033738751,-0.1469056214410616,-0.8868331295589384
1,11828,-0.373252099,-0.04719092167335308,-0.3260611773266469
1,11829,0.312291739,-0.1469056214410616,0.45919736044106163
1,11832,0.815499301,-0.1469056214410616,0.9624049224410616
1,11833,-0.071194344,-0.2027283626987931,0.1315340186987931
1,11834,0.440193853,-0.06559882143034657,0.5057926744303466
1,11835,0.630268807,-0.1469056214410616,0.7771744284410615
1,11836,0.184215806,-0.1469056214410616,0.3311214274410616
1,11837,-1.881511604,0.12573312002179457,-2.0072447240217945
1,11838,-1.597362852,0.09615308332684848,-1.6935159353268485
1,11839,-0.685468726,-0.1469056214410616,-0.5385631045589384
1,11840,0.435221617,-0.04719092167335308,0.4824125386733531
1,11841,1.206949546,-0.1469056214410616,1.3538551674410615
1,11844,0.509624106,-0.1469056214410616,0.6565297274410615
1,11845,0.225331539,-0.2027283626987931,0.4280599016987931
1,11846,-0.007141769,-0.06559882143034657,0.058457052430346566
1,11847,0.344800752,-0.1469056214410616,0.4917063734410616
1,11848,1.268090631,-0.1469056214410616,1.4149962524410615
1,11849,-1.815338146,0.12573312002179457,-1.9410712660217946
1,11850,-1.831502841,0.09615308332684848,-1.9276559243268485
1,11851,-0.713747583,-0.1469056214410616,-0.5668419615589384
1,11852,0.455883895,-0.04719092167335308,0.5030748166733531
1,11853,1.178332899,-0.1469056214410616,1.3252385204410615
1,11856,0.544548488,-0.1469056214410616,0.6914541094410616
1,11857,0.164211766,-0.2027283626987931,0.3669401286987931
1,11858,-0.077901674,-0.06559882143034657,-0.012302852569653439
1,11859,0.415187881,-0.1469056214410616,0.5620935024410616
1,11860,1.073264709,-0.1469056214410616,1.2201703304410616
1,11861,-1.615599896,0.12573312002179457,-1.7413330160217946
1,11862,-1.708673567,0.09615308332684848,-1.8048266503268484
1,11863,-0.405738178,0.12573312002179457,-0.5314712980217946
1,11865,1.626153208,0.12573312002179457,1.5004200879782055
1,11868,0.583604056,0.12573312002179457,0.4578709359782054
1,11869,0.774655332,0.11619771167237045,0.6584576203276296
1,11870,1.713405268,0.11874578935254824,1.5946594786474517
1,11871,0.972518719,0.12573312002179457,0.8467855989782054
1,11872,0.514251727,0.12573312002179457,0.3885186069782054
1,11873,-1.46533551,0.12573312002179457,-1.5910686300217947
1,11874,-1.482847581,0.09615308332684848,-1.5790006643268484
1,11875,-1.144435133,-0.23690561891740633,-0.9075295140825936
1,11876,1.453236455,-0.016146437012606773,1.4693828920126069
1,11877,0.99440683,-0.23690561891740633,1.2313124489174063
1,11880,1.04753975,-0.23690561891740633,1.2844453689174065
1,11881,0.578527856,-0.26741358543896726,0.8459414414389672
1,11882,0.934237939,-0.014124266923739527,0.9483622059237395
1,11883,-0.131617386,-0.23690561891740633,0.10528823291740633
1,11884,1.624931154,-0.23690561891740633,1.8618367729174063
1,11885,0.330299383,0.33795485942629694,-0.007655476426296937
1,11886,0.143400267,0.26731802248736986,-0.12391775548736986
1,11887,-0.694721988,-0.23690561891740633,-0.4578163690825936
1,11888,2.476596969,-0.016146437012606773,2.492743406012607
1,11889,1.178012712,-0.23690561891740633,1.4149183309174063
1,11892,0.899368857,-0.23690561891740633,1.1362744759174064
1,11893,0.899556572,-0.26741358543896726,1.1669701574389673
1,11894,0.94127133,-0.014124266923739527,0.9553955969237395
1,11895,0.793849835,-0.23690561891740633,1.0307554539174062
1,11896,0.839219925,-0.23690561891740633,1.0761255439174062
1,11897,-1.105027306,0.33795485942629694,-1.4429821654262969
1,11898,-0.960364331,0.26731802248736986,-1.2276823534873698
1,11899,0.203008399,-0.23690561891740633,0.43991401791740636
1,11900,2.805850637,-0.016146437012606773,2.821997074012607
1,11901,0.677619271,-0.23690561891740633,0.9145248899174063
1,11904,1.217767763,-0.23690561891740633,1.4546733819174062
1,11905,0.680921119,-0.26741358543896726,0.9483347044389672
1,11906,0.560242021,-0.014124266923739527,0.5743662879237396
1,11907,0.365256701,-0.23690561891740633,0.6021623199174063
1,11908,0.659701102,-0.23690561891740633,0.8966067209174063
1,11909,-0.549737728,0.33795485942629694,-0.8876925874262969
1,11910,-1.133453725,0.26731802248736986,-1.40077174748737
1,11911,0.140838223,-0.23690561891740633,0.37774384191740634
1,11912,2.78617214,-0.016146437012606773,2.802318577012607
1,11913,0.67198419,-0.23690561891740633,0.9088898089174063
1,11916,1.245786642,-0.23690561891740633,1.4826922609174065
1,11917,0.650303586,-0.26741358543896726,0.9177171714389674
1,11918,0.513159736,-0.014124266923739527,0.5272840029237396
1,11919,0.390603144,-0.23690561891740633,0.6275087629174063
1,11920,0.808237435,-0.23690561891740633,1.0451430539174063
1,11921,-0.586069445,0.33795485942629694,-0.924024304426297
1,11922,-0.98743451,0.26731802248736986,-1.2547525324873698
1,11923,0.283782816,0.33795485942629694,-0.054172043426296945
1,11924,3.166827526,0.7188137872164648,2.4480137387835352
1,11925,1.19868455,0.33795485942629694,0.8607296905737032
1,11928,1.74225391,0.33795485942629694,1.4042990505737032
1,11929,1.10882566,0.28418743725091783,0.824638222749082
1,11930,1.203457192,0.3357977519536486,0.8676594400463513
1,11931,1.239665091,0.33795485942629694,0.9017102315737031
1,11932,1.196787642,0.33795485942629694,0.8588327825737032
1,11933,-0.733189193,0.33795485942629694,-1.071144052426297
1,11934,-0.782459666,0.26731802248736986,-1.04977768848737
1,11935,-1.281650321,-0.26713353007432333,-1.0145167909256767
1,11936,0.472597143,-0.11738924147810913,0.5899863844781091
1,11937,1.080171394,-0.26713353007432333,1.3473049240743233
1,11940,1.250963625,-0.26713353007432333,1.5180971550743234
1,11941,0.591194239,-0.28762134691414004,0.87881558591414
1,11942,0.782308518,-0.1423953748435449,0.9247038928435449
1,11943,0.776715673,-0.26713353007432333,1.0438492030743234
1,11944,0.626961819,-0.26713353007432333,0.8940953490743233
1,11945,-1.207358933,0.04844128157523989,-1.25580021457524
1,11946,0.533118684,0.02922470765239438,0.5038939763476056
1,11947,-0.900393554,-0.26713353007432333,-0.6332600239256767
1,11948,-0.527975097,-0.11738924147810913,-0.41058585552189086
1,11949,0.853041451,-0.26713353007432333,1.1201749810743233
1,11952,1.009950341,-0.26713353007432333,1.2770838710743233
1,11953,0.521857403,-0.28762134691414004,0.80947874991414
1,11954,0.715087948,-0.1423953748435449,0.8574833228435449
1,11955,0.613582722,-0.26713353007432333,0.8807162520743232
1,11956,0.763693673,-0.26713353007432333,1.0308272030743233
1,11957,-1.194522123,0.04844128157523989,-1.24296340457524
1,11958,-1.765674589,0.02922470765239438,-1.7948992966523944
1,11959,-0.285197979,-0.26713353007432333,-0.018064448925676657
1,11960,0.162880312,-0.11738924147810913,0.2802695534781091
1,11961,0.52361034,-0.26713353007432333,0.7907438700743232
1,11964,0.60009955,-0.26713353007432333,0.8672330800743233
1,11965,-0.172650135,-0.28762134691414004,0.11497121191414003
1,11966,0.05538384,-0.1423953748435449,0.19777921484354488
1,11967,0.149430376,-0.26713353007432333,0.41656390607432336
1,11968,0.148356602,-0.26713353007432333,0.41549013207432334
1,11969,-1.536431143,0.04844128157523989,-1.58487242457524
1,11970,-1.466436897,0.02922470765239438,-1.4956616046523943
1,11971,-0.443398114,-0.26713353007432333,-0.17626458392567668
1,11972,0.128782858,-0.11738924147810913,0.24617209947810914
1,11973,0.547056699,-0.26713353007432333,0.8141902290743233
1,11976,0.572230208,-0.26713353007432333,0.8393637380743233
1,11977,-0.179803277,-0.28762134691414004,0.10781806991414003
1,11978,0.032152054,-0.1423953748435449,0.1745474288435449
1,11979,0.278298785,-0.26713353007432333,0.5454323150743233
1,11980,0.194823563,-0.26713353007432333,0.4619570930743233
1,11981,-1.36874666,0.04844128157523989,-1.41718794157524
1,11982,-1.194764005,0.02922470765239438,-1.2239887126523943
1,11983,-0.340352392,0.04844128157523989,-0.3887936735752399
1,11984,0.123109703,0.28839318570188593,-0.16528348270188592
1,11985,0.858350843,0.04844128157523989,0.8099095614247601
1,11988,1.042930571,0.04844128157523989,0.9944892894247602
1,11989,0.510361077,0.0740659731884659,0.4362951038115341
1,11990,0.654025471,0.046875603642164275,0.6071498673578357
1,11991,0.800303008,0.04844128157523989,0.7518617264247601
1,11992,0.951044248,0.04844128157523989,0.9026029664247601
1,11993,-1.432246258,0.04844128157523989,-1.48068753957524
1,11994,-1.155844891,0.02922470765239438,-1.1850695986523945
1,11995,-1.015715085,-0.25902717706089334,-0.7566879079391067
1,11996,0.810228936,-0.14315405607262177,0.9533829920726218
1,11997,1.055551849,-0.25902717706089334,1.3145790260608934
1,12000,0.715978984,-0.25902717706089334,0.9750061610608933
1,12001,0.569406793,-0.30126324882244343,0.8706700418224433
1,12002,0.659823589,-0.1739913625775143,0.8338149515775144
1,12003,0.611074295,-0.25902717706089334,0.8701014720608933
1,12004,0.215453936,-0.25902717706089334,0.47448111306089336
1,12005,-1.422824442,-0.01792322147629446,-1.4049012205237055
1,12006,-1.438211164,-0.03023378838343278,-1.4079773756165672
1,12007,-0.97238015,-0.25902717706089334,-0.7133529729391066
1,12008,-0.77694844,-0.14315405607262177,-0.6337943839273782
1,12009,0.367976025,-0.25902717706089334,0.6270032020608933
1,12012,0.228825899,-0.25902717706089334,0.48785307606089334
1,12013,0.070036547,-0.30126324882244343,0.37129979582244343
1,12014,0.359514759,-0.1739913625775143,0.5335061215775143
1,12015,0.213436428,-0.25902717706089334,0.47246360506089335
1,12016,-0.384394192,-0.25902717706089334,-0.12536701493910668
1,12017,-1.352539509,-0.01792322147629446,-1.3346162875237055
1,12018,-1.218165881,-0.03023378838343278,-1.1879320926165673
1,12019,-0.750138796,-0.25902717706089334,-0.49111161893910665
1,12020,-0.128957694,-0.14315405607262177,0.01419636207262176
1,12021,1.005539799,-0.25902717706089334,1.2645669760608933
1,12024,0.256720266,-0.25902717706089334,0.5157474430608933
1,12025,0.160703594,-0.30126324882244343,0.46196684282244344
1,12026,0.3312017,-0.1739913625775143,0.5051930625775143
1,12027,0.316557164,-0.25902717706089334,0.5755843410608934
1,12028,0.23480669,-0.25902717706089334,0.4938338670608934
1,12029,-1.430031683,-0.01792322147629446,-1.4121084615237054
1,12030,-1.226657775,-0.03023378838343278,-1.1964239866165673
1,12031,-0.789195215,-0.25902717706089334,-0.5301680379391067
1,12032,-0.205986898,-0.14315405607262177,-0.06283284192737823
1,12033,1.01221761,-0.25902717706089334,1.2712447870608934
1,12036,0.227072987,-0.25902717706089334,0.48610016406089335
1,12037,0.112178526,-0.30126324882244343,0.41344177482244343
1,12038,0.34562914,-0.1739913625775143,0.5196205025775142
1,12039,0.259176765,-0.25902717706089334,0.5182039420608933
1,12040,0.264410013,-0.25902717706089334,0.5234371900608934
1,12041,-1.648444804,-0.01792322147629446,-1.6305215825237054
1,12042,-1.45543856,-0.03023378838343278,-1.4252047716165672
1,12043,-0.603906732,-0.01792322147629446,-0.5859835105237056
1,12045,0.971933912,-0.01792322147629446,0.9898571334762944
1,12048,0.984128028,-0.01792322147629446,1.0020512494762945
1,12049,0.738156989,-0.04188860697792839,0.7800455959779284
1,12050,0.532038171,-0.03279614121035222,0.5648343122103522
1,12051,0.737168061,-0.01792322147629446,0.7550912824762944
1,12052,0.406387345,-0.01792322147629446,0.42431056647629445
1,12053,-1.482847581,-0.01792322147629446,-1.4649243595237054
1,12054,-0.868353826,-0.03023378838343278,-0.8381200376165672
1,12055,-0.860594036,-0.3771728772369959,-0.48342115876300407
1,12056,-0.937356443,-0.17044541556751086,-0.7669110274324891
1,12057,1.151881912,-0.3771728772369959,1.5290547892369957
1,12060,0.601507794,-0.3771728772369959,0.9786806712369959
1,12061,0.542975239,-0.3614472074885305,0.9044224464885304
1,12062,0.603273813,-0.20567477649284388,0.8089485894928439
1,12063,0.865954421,-0.3771728772369959,1.2431272982369959
1,12064,0.559965283,-0.3771728772369959,0.9371381602369959
1,12065,-0.401463831,-0.015377392579429742,-0.3860864384205703
1,12066,-1.205564352,-0.041366009398220445,-1.1641983426017795
1,12067,-0.098670478,-0.3771728772369959,0.2785023992369959
1,12068,-0.616483472,-0.17044541556751086,-0.4460380564324891
1,12069,0.429374139,-0.3771728772369959,0.8065470162369959
1,12072,1.011182862,-0.3771728772369959,1.3883557392369958
1,12073,0.521709188,-0.3614472074885305,0.8831563954885304
1,12074,0.398731247,-0.20567477649284388,0.6044060234928439
1,12075,0.739856359,-0.3771728772369959,1.1170292362369958
1,12076,-0.106361506,-0.3771728772369959,0.2708113712369959
1,12077,-1.109683081,-0.015377392579429742,-1.0943056884205702
1,12078,-0.983112359,-0.041366009398220445,-0.9417463496017796
1,12079,0.167557641,-0.3771728772369959,0.5447305182369959
1,12080,-0.003909576,-0.17044541556751086,0.16653583956751086
1,12081,1.021235894,-0.3771728772369959,1.398408771236996
1,12084,0.824834689,-0.3771728772369959,1.202007566236996
1,12085,-0.279032094,-0.3614472074885305,0.08241511348853048
1,12086,0.361607866,-0.20567477649284388,0.5672826424928439
1,12087,0.3020823,-0.3771728772369959,0.6792551772369959
1,12088,0.42804236,-0.3771728772369959,0.8052152372369958
1,12089,-1.204289805,-0.015377392579429742,-1.18891241242057
1,12090,-1.257992211,-0.041366009398220445,-1.2166262016017795
1,12091,0.077948582,-0.3771728772369959,0.4551214592369959
1,12092,-0.019187175,-0.17044541556751086,0.15125824056751086
1,12093,1.028143821,-0.3771728772369959,1.4053166982369958
1,12096,0.786043392,-0.3771728772369959,1.1632162692369958
1,12097,-0.276492825,-0.3614472074885305,0.08495438248853049
1,12098,0.281568513,-0.20567477649284388,0.4872432894928439
1,12099,0.308769027,-0.3771728772369959,0.6859419042369959
1,12100,0.488548779,-0.3771728772369959,0.8657216562369958
1,12101,-1.406737104,-0.015377392579429742,-1.3913597114205702
1,12102,-1.120535658,-0.041366009398220445,-1.0791696486017797
1,12103,0.288201965,-0.015377392579429742,0.3035793575794297
1,12104,-0.176695056,0.28642449227288985,-0.4631195482728898
1,12105,0.828810511,-0.015377392579429742,0.8441879035794297
1,12108,1.060068112,-0.015377392579429742,1.0754455045794298
1,12109,0.623007086,0.02212810913719143,0.6008789768628086
1,12110,0.424946544,-0.010379263216362698,0.43532580721636266
1,12111,0.779183774,-0.015377392579429742,0.7945611665794298
1,12112,0.734686117,-0.015377392579429742,0.7500635095794297
1,12113,-1.107087346,-0.015377392579429742,-1.09170995342057
1,12114,-1.130800914,-0.041366009398220445,-1.0894349046017795
1,12115,1.415840713,-0.1406296756561232,1.556470388656123
1,12116,-0.286198931,-0.056038427542448525,-0.23016050345755146
1,12117,1.000426525,-0.1406296756561232,1.1410562006561231
1,12120,1.03804325,-0.1406296756561232,1.1786729256561232
1,12121,0.607478812,-0.19578800249247574,0.8032668144924757
1,12122,0.600243736,-0.04852245384044114,0.6487661898404412
1,12123,0.824792209,-0.1406296756561232,0.9654218846561232
1,12124,0.788476663,-0.1406296756561232,0.9291063386561231
1,12125,1.361354685,0.08684796733407377,1.2745067176659262
1,12126,-1.0038379,0.06543696575545475,-1.0692748657554547
1,12127,2.807357547,-0.1406296756561232,2.9479872226561232
1,12128,-0.27147783,-0.056038427542448525,-0.21543940245755144
1,12129,0.551047345,-0.1406296756561232,0.6916770206561231
1,12132,0.821651801,-0.1406296756561232,0.9622814766561232
1,12133,0.298856832,-0.19578800249247574,0.49464483449247576
1,12134,0.205840872,-0.04852245384044114,0.25436332584044113
1,12135,0.211539167,-0.1406296756561232,0.3521688426561232
1,12136,0.157616261,-0.1406296756561232,0.2982459366561232
1,12137,1.920925505,0.08684796733407377,1.8340775376659262
1,12138,-1.359581501,0.06543696575545475,-1.4250184667554548
1,12139,3.242506369,-0.1406296756561232,3.383136044656123
1,12140,0.318804004,-0.056038427542448525,0.3748424315424485
1,12141,0.65398918,-0.1406296756561232,0.7946188556561231
1,12144,0.70971551,-0.1406296756561232,0.8503451856561232
1,12145,-0.172787127,-0.19578800249247574,0.02300087549247573
1,12146,0.166756088,-0.04852245384044114,0.21527854184044115
1,12147,0.233174465,-0.1406296756561232,0.3738041406561232
1,12148,0.570352327,-0.1406296756561232,0.7109820026561232
1,12149,1.513881281,0.08684796733407377,1.4270333136659261
1,12150,-0.388249962,0.06543696575545475,-0.45368692775545477
1,12151,3.160165091,-0.1406296756561232,3.3007947666561233
1,12152,0.269873026,-0.056038427542448525,0.32591145354244855
1,12153,0.67962322,-0.1406296756561232,0.8202528956561231
1,12156,0.697822389,-0.1406296756561232,0.8384520646561232
1,12157,-0.124326573,-0.19578800249247574,0.07146142949247575
1,12158,0.105663624,-0.04852245384044114,0.15418607784044114
1,12159,0.241538077,-0.1406296756561232,0.3821677526561232
1,12160,0.567916627,-0.1406296756561232,0.7085463026561232
1,12161,1.528124262,0.08684796733407377,1.441276294665926
1,12162,-1.149893808,0.06543696575545475,-1.2153307737554548
1,12163,3.438289113,0.08684796733407377,3.3514411456659263
1,12165,0.702973185,0.08684796733407377,0.6161252176659262
1,12168,0.968040093,0.08684796733407377,0.8811921256659263
1,12169,0.339286254,0.06486826759634846,0.27441798640365156
1,12170,0.664632383,0.09335127245803257,0.5712811105419675
1,12171,0.428172182,0.08684796733407377,0.3413242146659262
1,12172,0.79890416,0.08684796733407377,0.7120561926659262
1,12173,1.764133658,0.08684796733407377,1.6772856906659261
1,12174,-0.463292291,0.06543696575545475,-0.5287292567554548
1,12175,-0.836070033,-0.20453699556313953,-0.6315330374368605
1,12176,1.057712022,0.012596756160093222,1.0451152658399068
1,12177,1.243383126,-0.20453699556313953,1.4479201215631394
1,12180,0.865195429,-0.20453699556313953,1.0697324245631394
1,12181,0.409068026,-0.2366103939912595,0.6456784199912595
1,12182,0.778012367,0.0034880279193661144,0.7745243390806339
1,12183,1.073224695,-0.20453699556313953,1.2777616905631395
1,12184,0.995185063,-0.20453699556313953,1.1997220585631396
1,12185,0.433811005,0.35041035713557067,0.08340064786442936
1,12186,-1.231689464,0.28199273468445213,-1.5136821986844522
1,12187,0.340547261,-0.20453699556313953,0.5450842565631395
1,12188,2.449044629,0.012596756160093222,2.436447872839907
1,12189,1.174454529,-0.20453699556313953,1.3789915245631394
1,12192,1.157343963,-0.20453699556313953,1.3618809585631395
1,12193,0.443398301,-0.2366103939912595,0.6800086949912595
1,12194,0.651800144,0.0034880279193661144,0.6483121160806339
1,12195,0.853574041,-0.20453699556313953,1.0581110365631394
1,12196,1.016426661,-0.20453699556313953,1.2209636565631394
1,12197,-1.171036573,0.35041035713557067,-1.5214469301355709
1,12198,-1.556270049,0.28199273468445213,-1.8382627836844523
1,12199,0.293976295,-0.20453699556313953,0.49851329056313953
1,12200,2.255340022,0.012596756160093222,2.242743265839907
1,12201,1.018123892,-0.20453699556313953,1.2226608875631395
1,12204,0.82696695,-0.20453699556313953,1.0315039455631396
1,12205,0.123344492,-0.2366103939912595,0.35995488599125947
1,12206,-0.242518285,0.0034880279193661144,-0.24600631291936612
1,12207,0.538178614,-0.20453699556313953,0.7427156095631395
1,12208,0.589603269,-0.20453699556313953,0.7941402645631396
1,12209,-0.799029617,0.35041035713557067,-1.1494399741355705
1,12210,-1.098553647,0.28199273468445213,-1.380546381684452
1,12211,0.251622662,-0.20453699556313953,0.45615965756313953
1,12212,2.226891737,0.012596756160093222,2.214294980839907
1,12213,1.05485889,-0.20453699556313953,1.2593958855631395
1,12216,0.874152063,-0.20453699556313953,1.0786890585631395
1,12217,0.150794645,-0.2366103939912595,0.3874050389912595
1,12218,-0.151320391,0.0034880279193661144,-0.15480841891936611
1,12219,0.595029657,-0.20453699556313953,0.7995666525631395
1,12220,0.629445305,-0.20453699556313953,0.8339823005631395
1,12221,-0.739980695,0.35041035713557067,-1.0903910521355706
1,12222,-0.642144648,0.28199273468445213,-0.9241373826844521
1,12223,0.487794024,0.35041035713557067,0.13738366686442932
1,12225,1.128518892,0.35041035713557067,0.7781085348644293
1,12228,1.205976121,0.35041035713557067,0.8555657638644293
1,12229,0.707360453,0.30237896617262966,0.4049814868273703
1,12230,1.002192754,0.3440066469646124,0.6581861070353876
1,12231,0.689959495,0.35041035713557067,0.3395491378644293
1,12232,1.100621795,0.35041035713557067,0.7502114378644292
1,12233,-0.915898762,0.35041035713557067,-1.2663091191355706
1,12234,-1.576027157,0.28199273468445213,-1.8580198916844521
1,12235,-1.080791946,-0.14979870973185497,-0.930993236268145
1,12236,0.658976086,-0.05325242096174372,0.7122285069617438
1,12237,0.906874614,-0.14979870973185497,1.056673323731855
1,12238,0.65774323,0.23369311336888557,0.42405011663111447
1,12239,1.085728459,0.23369311336888557,0.8520353456311145
1,12240,0.767718502,-0.14979870973185497,0.917517211731855
1,12241,0.924807627,-0.19769718706730208,1.122504814067302
1,12242,1.029671306,-0.0766920029368073,1.1063633089368072
1,12243,1.142691025,-0.14979870973185497,1.292489734731855
1,12244,0.739768206,-0.14979870973185497,0.889566915731855
1,12245,-0.755393495,0.25565698048528357,-1.0110504754852836
1,12246,-1.217865258,0.21043604814033004,-1.42830130614033
1,12247,-0.874268009,-0.14979870973185497,-0.7244692992681451
1,12248,1.781100924,-0.05325242096174372,1.8343533449617437
1,12249,1.023579416,-0.14979870973185497,1.173378125731855
1,12250,0.940930816,0.23369311336888557,0.7072377026311144
1,12251,1.027890079,0.23369311336888557,0.7941969656311145
1,12252,0.938284473,-0.14979870973185497,1.088083182731855
1,12253,0.931639951,-0.19769718706730208,1.129337138067302
1,12254,-1.526102761,-0.0766920029368073,-1.4494107580631928
1,12255,-1.698452082,-0.14979870973185497,-1.548653372268145
1,12256,-1.792348998,-0.14979870973185497,-1.642550288268145
1,12257,-1.680061035,0.25565698048528357,-1.9357180154852835
1,12258,-1.742513209,0.21043604814033004,-1.95294925714033
1,12259,-0.342269099,-0.14979870973185497,-0.19247038926814505
1,12260,0.977756637,-0.05325242096174372,1.0310090579617437
1,12261,0.590580179,-0.14979870973185497,0.740378888731855
1,12262,0.071626471,0.23369311336888557,-0.16206664236888557
1,12263,0.383492278,0.23369311336888557,0.14979916463111445
1,12264,0.181687163,-0.14979870973185497,0.331485872731855
1,12265,0.073715586,-0.19769718706730208,0.27141277306730205
1,12266,0.436792861,-0.0766920029368073,0.5134848639368073
1,12267,0.599053026,-0.14979870973185497,0.7488517357318549
1,12268,0.417301755,-0.14979870973185497,0.5671004647318549
1,12269,0.878574417,0.25565698048528357,0.6229174365147165
1,12270,-1.715525627,0.21043604814033004,-1.9259616751403301
1,12271,-0.612541468,-0.14979870973185497,-0.46274275826814504
1,12272,0.923413118,-0.05325242096174372,0.9766655389617438
1,12273,0.547898479,-0.14979870973185497,0.6976971887318549
1,12274,0.008099019,0.23369311336888557,-0.22559409436888556
1,12275,0.282361035,0.23369311336888557,0.048667921631114414
1,12276,0.297484316,-0.14979870973185497,0.44728302573185497
1,12277,0.186555453,-0.19769718706730208,0.3842526400673021
1,12278,0.399962035,-0.0766920029368073,0.4766540379368073
1,12279,0.646231346,-0.14979870973185497,0.7960300557318549
1,12280,0.52673912,-0.14979870973185497,0.676537829731855
1,12281,0.830984358,0.25565698048528357,0.5753273775147165
1,12282,-1.170338554,0.21043604814033004,-1.38077460214033
1,12283,-0.471112491,0.25565698048528357,-0.7267694714852836
1,12284,1.358371313,0.3740683788256354,0.9843029341743645
1,12285,1.171271579,0.25565698048528357,0.9156145985147164
1,12286,0.327981837,0.35768800552241165,-0.029706168522411647
1,12287,1.060668168,0.35768800552241165,0.7029801624775884
1,12288,0.938371753,0.25565698048528357,0.6827147725147165
1,12289,0.783555221,0.21756156287540784,0.5659936581245921
1,12290,0.511182982,0.23268763234661538,0.2784953496533846
1,12291,0.638862702,0.25565698048528357,0.3832057215147164
1,12292,1.524130264,0.25565698048528357,1.2684732835147166
1,12293,-1.029546493,0.25565698048528357,-1.2852034734852835
1,12294,-2.227024857,0.21043604814033004,-2.43746090514033
1,12295,-0.75697204,0.054416944402126445,-0.8113889844021264
1,12296,-0.193239097,0.11947154896212311,-0.3127106459621231
1,12297,-1.434957897,0.054416944402126445,-1.4893748414021266
1,12298,-1.365636743,0.3169448581850122,-1.6825816011850123
1,12299,-1.369246017,0.3169448581850122,-1.6861908751850123
1,12300,-1.378433196,0.054416944402126445,-1.4328501404021265
1,12301,-1.463399429,-0.04871958653225652,-1.4146798424677436
1,12302,-1.322579406,0.10260891709695766,-1.4251883230969578
1,12303,-1.213857469,0.054416944402126445,-1.2682744134021264
1,12304,-1.205424765,0.054416944402126445,-1.2598417094021266
1,12305,-0.496717071,0.3199173166276424,-0.8166343876276424
1,12306,-0.680764837,0.2756142026482029,-0.9563790396482029
1,12307,-0.658935848,0.054416944402126445,-0.7133527924021265
1,12308,-1.238985161,0.11947154896212311,-1.3584567099621232
1,12309,-1.18534442,0.054416944402126445,-1.2397613644021266
1,12310,-1.092081013,0.3169448581850122,-1.4090258711850123
1,12311,-1.220919843,0.3169448581850122,-1.5378647011850122
1,12312,-1.382723352,0.054416944402126445,-1.4371402964021265
1,12313,-0.922280186,-0.04871958653225652,-0.8735605994677434
1,12314,-1.592459839,0.10260891709695766,-1.6950687560969577
1,12315,-1.711153236,0.054416944402126445,-1.7655701804021264
1,12316,-1.375933837,0.054416944402126445,-1.4303507814021266
1,12317,-0.724761803,0.3199173166276424,-1.0446791196276424
1,12318,-1.235909619,0.2756142026482029,-1.511523821648203
1,12319,-0.74913393,0.054416944402126445,-0.8035508744021264
1,12320,-0.340950279,0.11947154896212311,-0.46042182796212316
1,12321,-1.486470788,0.054416944402126445,-1.5408877324021266
1,12322,-1.434372066,0.3169448581850122,-1.7513169241850122
1,12323,-1.000754831,0.3169448581850122,-1.3176996891850123
1,12324,-1.102581751,0.054416944402126445,-1.1569986954021265
1,12325,-1.426733834,-0.04871958653225652,-1.3780142474677435
1,12326,-1.322196455,0.10260891709695766,-1.4248053720969578
1,12327,-1.266303538,0.054416944402126445,-1.3207204824021266
1,12328,-1.196608179,0.054416944402126445,-1.2510251234021266
1,12329,-1.415594611,0.3199173166276424,-1.7355119276276423
1,12330,0.178621977,0.2756142026482029,-0.09699222564820292
1,12331,-1.228466531,0.054416944402126445,-1.2828834754021265
1,12332,-0.936632708,0.11947154896212311,-1.056104256962123
1,12333,-1.613205088,0.054416944402126445,-1.6676220324021265
1,12334,-1.240619806,0.3169448581850122,-1.5575646641850123
1,12335,-1.71192229,0.3169448581850122,-2.0288671481850122
1,12336,-1.68182965,0.054416944402126445,-1.7362465944021266
1,12337,-1.351302032,-0.04871958653225652,-1.3025824454677435
1,12338,-1.575456796,0.10260891709695766,-1.6780657130969578
1,12339,-1.034187967,0.054416944402126445,-1.0886049114021266
1,12340,-1.62712056,0.054416944402126445,-1.6815375044021266
1,12341,-1.47952549,0.3199173166276424,-1.7994428066276424
1,12342,-1.778973896,0.2756142026482029,-2.0545880986482032
1,12343,-0.56595378,0.3199173166276424,-0.8858710966276424
1,12344,-0.370780126,0.4171416015400423,-0.7879217275400423
1,12345,-1.214335929,0.3199173166276424,-1.5342532456276423
1,12346,-1.238221728,0.4068025564680574,-1.6450242844680574
1,12347,-1.025436501,0.4068025564680574,-1.4322390574680575
1,12348,-1.139134908,0.3199173166276424,-1.4590522246276423
1,12349,-1.476785771,0.2783984893992198,-1.7551842603992198
1,12350,-1.504179095,0.3061509558008391,-1.810330050800839
1,12351,-1.465094469,0.3199173166276424,-1.7850117856276424
1,12352,-1.549094788,0.3199173166276424,-1.8690121046276422
1,12353,-1.353954677,0.3199173166276424,-1.6738719936276423
1,12354,0.031280847,0.2756142026482029,-0.2443333556482029
1,12355,-1.215703116,-0.5916752229338468,-0.6240278930661532
1,12356,-0.225758393,-0.47841515271471535,0.25265675971471535
1,12357,-1.160655691,-0.5916752229338468,-0.5689804680661533
1,12360,-1.189485683,-0.5916752229338468,-0.5978104600661532
1,12361,-1.022261932,-0.583695253083397,-0.43856667891660295
1,12362,-1.50645447,-0.5525805854533793,-0.9538738845466207
1,12363,-1.552599274,-0.5916752229338468,-0.9609240510661533
1,12364,-1.145535319,-0.5916752229338468,-0.5538600960661532
1,12365,-1.419371384,-0.42364551529292893,-0.995725868707071
1,12366,-1.990220896,-0.4302520577092718,-1.5599688382907284
1,12367,-1.13733116,-0.5916752229338468,-0.5456559370661532
1,12368,-0.762478624,-0.47841515271471535,-0.28406347128528464
1,12369,-1.385638565,-0.5916752229338468,-0.7939633420661533
1,12372,-1.292164206,-0.5916752229338468,-0.7004889830661533
1,12373,-1.103723815,-0.583695253083397,-0.520028561916603
1,12374,-1.229926543,-0.5525805854533793,-0.6773459575466206
1,12375,-1.283870229,-0.5916752229338468,-0.6921950060661531
1,12376,-0.911144135,-0.5916752229338468,-0.31946891206615324
1,12377,-1.583135816,-0.42364551529292893,-1.1594903007070712
1,12378,-1.288821834,-0.4302520577092718,-0.8585697762907282
1,12379,-0.872677171,-0.5916752229338468,-0.2810019480661532
1,12380,-1.354237526,-0.47841515271471535,-0.8758223732852846
1,12381,-1.247685177,-0.5916752229338468,-0.6560099540661531
1,12384,-0.971246461,-0.5916752229338468,-0.3795712380661532
1,12385,-1.206042326,-0.583695253083397,-0.622347072916603
1,12386,-0.91220596,-0.5525805854533793,-0.3596253745466207
1,12387,-0.960682664,-0.5916752229338468,-0.36900744106615324
1,12388,-0.993490496,-0.5916752229338468,-0.40181527306615317
1,12389,-1.019482561,-0.42364551529292893,-0.5958370457070711
1,12390,-1.236549389,-0.4302520577092718,-0.8062973312907283
1,12391,-0.885628345,-0.5916752229338468,-0.2939531220661532
1,12392,-0.404924413,-0.47841515271471535,0.07349073971471537
1,12393,0.045065083,-0.5916752229338468,0.6367403059338468
1,12396,-1.022079069,-0.5916752229338468,-0.4304038460661531
1,12397,-1.320351541,-0.583695253083397,-0.736656287916603
1,12398,-0.515897337,-0.5525805854533793,0.036683248453379336
1,12399,-1.133654495,-0.5916752229338468,-0.5419792720661533
1,12400,-0.571592817,-0.5916752229338468,0.020082405933846803
1,12401,-1.582138853,-0.42364551529292893,-1.1584933377070712
1,12402,-1.339870969,-0.4302520577092718,-0.9096189112907281
1,12403,-0.929729118,-0.42364551529292893,-0.5060836027070711
1,12405,-1.001760218,-0.42364551529292893,-0.5781147027070711
1,12408,-1.003442299,-0.42364551529292893,-0.5797967837070711
1,12410,-0.695933597,-0.45234661755738265,-0.24358697944261737
1,12411,-0.972771244,-0.42364551529292893,-0.5491257287070711
1,12412,-0.971423161,-0.42364551529292893,-0.5477776457070711
1,12413,-0.771015477,-0.42364551529292893,-0.347369961707071
1,12414,-1.219299409,-0.4302520577092718,-0.7890473512907282
1,12415,-0.540650016,-0.5145845853751136,-0.02606543062488631
1,12416,-0.111378934,-0.3701522149256089,0.2587732809256089
1,12417,-0.969981449,-0.5145845853751136,-0.4553968636248864
1,12420,-1.354816862,-0.5145845853751136,-0.8402322766248864
1,12421,-1.071742896,-0.5060732234583597,-0.5656696725416402
1,12422,-1.156225073,-0.45890349572193134,-0.6973215772780688
1,12423,-2.213287187,-0.5145845853751136,-1.6987026016248865
1,12424,-1.083574205,-0.5145845853751136,-0.5689896196248863
1,12425,-1.544139564,-0.2807556953286054,-1.2633838686713945
1,12426,-0.909027358,-0.2846421346987925,-0.6243852233012075
1,12427,-0.993409774,-0.5145845853751136,-0.4788251886248863
1,12428,0.170467911,-0.3701522149256089,0.5406201259256089
1,12429,-0.823859245,-0.5145845853751136,-0.3092746596248863
1,12432,-0.973531204,-0.5145845853751136,-0.4589466186248864
1,12433,-0.871053327,-0.5060732234583597,-0.36498010354164034
1,12434,-1.067346749,-0.45890349572193134,-0.6084432532780686
1,12435,-1.147025495,-0.5145845853751136,-0.6324409096248864
1,12436,-1.108552073,-0.5145845853751136,-0.5939674876248864
1,12437,-1.269251653,-0.2807556953286054,-0.9884959576713945
1,12438,-1.419502496,-0.2846421346987925,-1.1348603613012074
1,12439,-0.564481249,-0.5145845853751136,-0.04989666362488632
1,12440,-0.01281875,-0.3701522149256089,0.3573334649256089
1,12441,-0.822786881,-0.5145845853751136,-0.3082022956248863
1,12444,-1.152693729,-0.5145845853751136,-0.6381091436248862
1,12445,-1.132736025,-0.5060732234583597,-0.6266628015416403
1,12446,-1.261214043,-0.45890349572193134,-0.8023105472780687
1,12447,-1.61125211,-0.5145845853751136,-1.0966675246248863
1,12448,-0.993398911,-0.5145845853751136,-0.47881432562488635
1,12449,-1.489984376,-0.2807556953286054,-1.2092286806713946
1,12450,-0.633886243,-0.2846421346987925,-0.34924410830120745
1,12451,-0.596096656,-0.5145845853751136,-0.0815120706248863
1,12452,-0.09416907,-0.3701522149256089,0.27598314492560894
1,12453,-1.142475482,-0.5145845853751136,-0.6278908966248864
1,12456,-1.318514216,-0.5145845853751136,-0.8039296306248864
1,12457,-1.403348209,-0.5060732234583597,-0.8972749855416403
1,12458,-0.954764557,-0.45890349572193134,-0.4958610612780686
1,12459,-0.494431399,-0.5145845853751136,0.020153186375113652
1,12460,-1.34535401,-0.5145845853751136,-0.8307694246248865
1,12461,-1.676018871,-0.2807556953286054,-1.3952631756713945
1,12462,-1.272472615,-0.2846421346987925,-0.9878304803012076
1,12463,-0.504983664,-0.2807556953286054,-0.22422796867139466
1,12465,-0.7086353,-0.2807556953286054,-0.4278796046713946
1,12468,-0.810363297,-0.2807556953286054,-0.5296076016713946
1,12469,-1.114586165,-0.2555222844858566,-0.8590638805141433
1,12470,-1.269121203,-0.3017684160804365,-0.9673527869195636
1,12471,-1.186543123,-0.2807556953286054,-0.9057874276713946
1,12472,-1.13143545,-0.2807556953286054,-0.8506797546713945
1,12473,-1.454741689,-0.2807556953286054,-1.1739859936713946
1,12474,-0.819258555,-0.2846421346987925,-0.5346164203012075
1,12475,-0.55074236,-0.5695019514715955,0.01875959147159556
1,12476,-0.768927025,-0.4827057459224928,-0.28622127907750716
1,12477,-1.260379495,-0.5695019514715955,-0.6908775435284045
1,12480,-1.007085378,-0.5695019514715955,-0.43758342652840443
1,12481,-1.23574623,-0.5615162666471429,-0.674229963352857
1,12482,-1.219495168,-0.5945023456090951,-0.6249928223909048
1,12483,-1.312102319,-0.5695019514715955,-0.7426003675284045
1,12484,-1.422374962,-0.5695019514715955,-0.8528730105284044
1,12485,-1.208621841,-0.540614991541268,-0.668006849458732
1,12486,-1.074753964,-0.5338144742052261,-0.5409394897947738
1,12487,-1.072857743,-0.5695019514715955,-0.5033557915284044
1,12488,-1.47594128,-0.4827057459224928,-0.9932355340775072
1,12489,-1.395640169,-0.5695019514715955,-0.8261382175284044
1,12492,-1.563140586,-0.5695019514715955,-0.9936386345284045
1,12493,-1.995732552,-0.5615162666471429,-1.434216285352857
1,12494,-1.499531642,-0.5945023456090951,-0.9050292963909049
1,12495,-1.932388984,-0.5695019514715955,-1.3628870325284044
1,12496,-1.201668663,-0.5695019514715955,-0.6321667115284044
1,12497,-1.031055275,-0.540614991541268,-0.4904402834587319
1,12498,-1.093121338,-0.5338144742052261,-0.5593068637947739
1,12499,-1.057213688,-0.5695019514715955,-0.4877117365284045
1,12500,-0.786743409,-0.4827057459224928,-0.3040376630775071
1,12501,-1.013375707,-0.5695019514715955,-0.44387375552840447
1,12504,-1.60101775,-0.5695019514715955,-1.0315157985284045
1,12505,-1.318577448,-0.5615162666471429,-0.7570611813528572
1,12506,-0.926900934,-0.5945023456090951,-0.33239858839090486
1,12507,-1.123286144,-0.5695019514715955,-0.5537841925284044
1,12508,-1.167097506,-0.5695019514715955,-0.5975955545284044
1,12509,-1.272933595,-0.540614991541268,-0.732318603458732
1,12510,-0.588082056,-0.5338144742052261,-0.05426758179477387
1,12511,-0.878586202,-0.5695019514715955,-0.3090842505284045
1,12512,-1.253495603,-0.4827057459224928,-0.7707898570775071
1,12513,-0.612011747,-0.5695019514715955,-0.042509795528404504
1,12516,-1.170034872,-0.5695019514715955,-0.6005329205284045
1,12517,-1.624352724,-0.5615162666471429,-1.062836457352857
1,12518,-1.310990861,-0.5945023456090951,-0.716488515390905
1,12519,-0.943677157,-0.5695019514715955,-0.37417520552840444
1,12520,-1.953588472,-0.5695019514715955,-1.3840865205284045
1,12521,0.689045288,-0.540614991541268,1.2296602795412679
1,12522,-0.503997206,-0.5338144742052261,0.029817268205226122
1,12523,-1.33658355,-0.540614991541268,-0.795968558458732
1,12524,-0.985161976,-0.41202835092968404,-0.573133625070316
1,12525,-0.910848853,-0.540614991541268,-0.37023386145873194
1,12528,-1.11409478,-0.540614991541268,-0.573479788458732
1,12529,-0.967099061,-0.5194887501257262,-0.44761031087427383
1,12530,-0.850648951,-0.5742218230863066,-0.2764271279136934
1,12531,-0.951140084,-0.540614991541268,-0.41052509245873203
1,12532,-0.880377249,-0.540614991541268,-0.339762257458732
1,12533,-1.323805215,-0.540614991541268,-0.7831902234587319
1,12534,-0.737944185,-0.5338144742052261,-0.20412971079477393
1,12535,-0.7304851,0.1706249844247155,-0.9011100844247155
1,12536,0.096689173,0.20767368309286083,-0.11098451009286082
1,12537,0.973529237,0.2036931461515123,0.7698360908484878
1,12538,-0.282270701,0.09200049912787175,-0.37427120012787174
1,12539,0.096689173,0.13829713656426526,-0.04160796356426526
1,12540,-0.282270701,0.1343165996229168,-0.4165873006229168
1,12541,-0.282270701,0.06745326303298194,-0.34972396403298195
1,12542,0.096689173,0.11111949303710167,-0.014430320037101665
1,12543,-0.7304851,0.10713895609575319,-0.8376240560957532
1,12544,0.714513786,-0.04734929235335498,0.761863078353355
1,12545,-0.282270701,5.208091921235836e-05,-0.2823227819192124
1,12546,-0.282270701,-0.003928456022136136,-0.27834224497786386
1,12547,-0.282270701,0.1706249844247155,-0.4528956854247155
1,12548,-0.7304851,0.20767368309286083,-0.9381587830928608
1,12549,0.424959148,0.2036931461515123,0.22126600184848771
1,12550,-1.279055189,0.09200049912787175,-1.3710556881278717
1,12551,-0.7304851,0.13829713656426526,-0.8687822365642652
1,12552,0.714513786,0.1343165996229168,0.5801971863770832
1,12553,0.096689173,0.06745326303298194,0.029235909967018067
1,12554,-0.7304851,0.11111949303710167,-0.8416045930371017
1,12555,-1.279055189,0.10713895609575319,-1.3861941450957531
1,12556,-0.7304851,-0.04734929235335498,-0.683135807646645
1,12557,0.424959148,5.208091921235836e-05,0.4249070670807876
1,12558,-0.282270701,-0.003928456022136136,-0.27834224497786386
1,12559,0.096689173,0.1706249844247155,-0.07393581142471549
1,12560,-1.279055189,0.20767368309286083,-1.4867288720928609
1,12561,-0.282270701,0.2036931461515123,-0.4859638471515123
1,12562,0.096689173,0.10134746798253844,-0.004658294982538433
1,12563,-0.7304851,0.14764410541893194,-0.8781292054189319
1,12564,-0.282270701,0.14366356847758346,-0.4259342694775835
1,12565,-0.282270701,0.06745326303298194,-0.34972396403298195
1,12566,-1.279055189,0.11111949303710167,-1.3901746820371015
1,12567,0.096689173,0.10713895609575319,-0.010449783095753187
1,12568,0.424959148,-0.04734929235335498,0.472308440353355
1,12569,-0.7304851,5.208091921235836e-05,-0.7305371809192124
1,12570,-0.282270701,-0.003928456022136136,-0.27834224497786386
1,12571,0.424959148,0.1706249844247155,0.2543341635752845
1,12572,0.424959148,0.20767368309286083,0.21728546490713918
1,12573,-0.282270701,0.2036931461515123,-0.4859638471515123
1,12574,-0.7304851,0.11104348196186282,-0.8415285819618629
1,12575,0.096689173,0.15734011939825626,-0.06065094639825626
1,12576,-0.7304851,0.1533595824569078,-0.8838446824569078
1,12577,-0.282270701,0.0625888443267376,-0.3448595453267376
1,12578,0.096689173,0.1062550743308574,-0.009565901330857399
1,12579,-0.282270701,0.10227453738950891,-0.38454523838950894
1,12580,-0.7304851,-0.05221371105959926,-0.6782713889404007
1,12581,-1.279055189,-0.004812337787031946,-1.274242851212968
1,12582,-0.282270701,-0.008792874728380431,-0.2734778262716196
1,12583,0.096689173,0.1657605657184712,-0.0690713927184712
1,12584,0.973529237,0.20280926438661656,0.7707199726133835
1,12585,0.096689173,0.19882872744526803,-0.10213955444526802
1,12586,0.424959148,0.14732864859621547,0.27763049940378454
1,12587,-0.7304851,0.18235724341947182,-0.9128423434194718
1,12588,-1.986285038,0.17837670647812334,-2.1646617444781233
1,12589,0.714513786,0.12677608288505135,0.5877377031149487
1,12590,0.714513786,0.161081035630069,0.553432750369931
1,12591,1.618518469,0.1571004986887205,1.4614179703112795
1,12592,0.096689173,-0.024279755069709374,0.12096892806970938
1,12593,0.714513786,0.01768083653660975,0.6968329494633902
1,12594,1.421743635,0.013700299595261253,1.4080433354047386
1,12595,-1.986285038,0.16825903826085273,-2.1545440762608528
1,12596,-0.282270701,0.2053077369289981,-0.48757843792899813
1,12597,-1.279055189,0.20132719998764956,-1.4803823889876495
1,12598,-0.282270701,0.09200049912787175,-0.37427120012787174
1,12599,-0.7304851,0.13829713656426526,-0.8687822365642652
1,12600,-0.282270701,0.1343165996229168,-0.4165873006229168
1,12601,-1.986285038,0.06745326303298194,-2.0537383010329817
1,12602,-0.282270701,0.11111949303710167,-0.3933901940371017
1,12603,-1.279055189,0.10713895609575319,-1.3861941450957531
1,12604,-0.7304851,-0.04734929235335498,-0.683135807646645
1,12605,0.096689173,5.208091921235836e-05,0.09663709208078765
1,12606,-0.7304851,-0.003928456022136136,-0.7265566439778639
1,12607,1.618518469,0.16825903826085273,1.4502594307391474
1,12608,-1.986285038,0.2053077369289981,-2.191592774928998
1,12609,-0.282270701,0.20132719998764956,-0.48359790098764954
1,12610,-0.7304851,0.09200049912787175,-0.8224855991278718
1,12611,0.096689173,0.13829713656426526,-0.04160796356426526
1,12612,0.973529237,0.1343165996229168,0.8392126373770832
1,12613,0.096689173,0.06745326303298194,0.029235909967018067
1,12614,0.973529237,0.11111949303710167,0.8624097439628984
1,12615,0.424959148,0.10713895609575319,0.3178201919042468
1,12616,0.096689173,-0.04734929235335498,0.144038465353355
1,12617,-0.282270701,5.208091921235836e-05,-0.2823227819192124
1,12618,0.424959148,-0.003928456022136136,0.42888760402213616
1,12619,0.714513786,0.16825903826085273,0.5462547477391473
1,12620,-0.282270701,0.2053077369289981,-0.48757843792899813
1,12621,-0.7304851,0.20132719998764956,-0.9318122999876496
1,12622,-0.282270701,0.10134746798253844,-0.3836181689825384
1,12623,-0.282270701,0.14764410541893194,-0.429914806418932
1,12624,-1.279055189,0.14366356847758346,-1.4227187574775835
1,12625,-0.7304851,0.06745326303298194,-0.7979383630329819
1,12626,-0.282270701,0.11111949303710167,-0.3933901940371017
1,12627,-0.282270701,0.10713895609575319,-0.3894096570957532
1,12628,-1.986285038,-0.04734929235335498,-1.938935745646645
1,12629,-0.282270701,5.208091921235836e-05,-0.2823227819192124
1,12630,-0.7304851,-0.003928456022136136,-0.7265566439778639
1,12631,-0.282270701,0.16825903826085273,-0.4505297392608527
1,12632,0.714513786,0.2053077369289981,0.509206049071002
1,12633,0.096689173,0.20132719998764956,-0.10463802698764955
1,12634,0.096689173,0.11104348196186282,-0.014354308961862822
1,12635,-1.279055189,0.15734011939825626,-1.4363953083982561
1,12636,0.424959148,0.1533595824569078,0.27159956554309217
1,12637,-0.7304851,0.0625888443267376,-0.7930739443267376
1,12638,0.424959148,0.1062550743308574,0.3187040736691426
1,12639,0.424959148,0.10227453738950891,0.3226846106104911
1,12640,0.424959148,-0.05221371105959926,0.4771728590595993
1,12641,1.207837213,-0.004812337787031946,1.2126495507870318
1,12642,1.970313724,-0.008792874728380431,1.9791065987283805
1,12643,-0.7304851,0.16339461955460846,-0.8938797195546084
1,12644,2.797487997,0.20044331822275382,2.5970446787772463
1,12645,0.424959148,0.19646278128140526,0.22849636671859475
1,12646,0.714513786,0.14732864859621547,0.5671851374037846
1,12647,0.096689173,0.18235724341947182,-0.08566807041947182
1,12648,0.424959148,0.17837670647812334,0.24658244152187667
1,12649,0.424959148,0.12677608288505135,0.29818306511494863
1,12650,-0.282270701,0.161081035630069,-0.443351736630069
1,12651,0.096689173,0.1571004986887205,-0.0604113256887205
1,12652,-0.7304851,-0.024279755069709374,-0.7062053449302906
1,12653,1.207837213,0.01768083653660975,1.1901563764633902
1,12654,0.424959148,0.013700299595261253,0.41125884840473875
1,12655,0.714513786,0.1980612297542183,0.5164525562457818
1,12656,0.096689173,0.22425088329598747,-0.12756171029598745
1,12657,-1.279055189,0.2202703463546389,-1.4993255353546389
1,12658,0.096689173,0.12535878814719564,-0.02866961514719564
1,12659,-1.279055189,0.16079638045721265,-1.4398515694572125
1,12660,-1.279055189,0.15681584351586417,-1.4358710325158641
1,12661,0.424959148,0.0038650006441880605,0.42109414735581197
1,12662,0.714513786,0.04106507447425022,0.6734487115257498
1,12663,-0.282270701,0.0370845375329017,-0.3193552385329017
1,12664,0.096689173,-0.03189904398523092,0.12858821698523093
1,12665,-0.282270701,0.010056383491411287,-0.2923270844914113
1,12666,3.590985401,0.006075846550062798,3.584909554449937
1,12667,-0.7304851,0.1980612297542183,-0.9285463297542182
1,12668,-1.279055189,0.22425088329598747,-1.5033060722959875
1,12669,-0.282270701,0.2202703463546389,-0.5025410473546389
1,12670,0.973529237,0.12535878814719564,0.8481704488528043
1,12671,0.424959148,0.16079638045721265,0.26416276754278734
1,12672,-0.282270701,0.15681584351586417,-0.43908654451586415
1,12673,0.096689173,0.0038650006441880605,0.09282417235581195
1,12674,-0.7304851,0.04106507447425022,-0.7715501744742502
1,12675,-0.282270701,0.0370845375329017,-0.3193552385329017
1,12676,-0.282270701,-0.03189904398523092,-0.2503716570147691
1,12677,0.424959148,0.010056383491411287,0.4149027645085887
1,12678,-0.282270701,0.006075846550062798,-0.28834654755006284
1,12679,0.424959148,0.1980612297542183,0.2268979182457817
1,12680,0.424959148,0.22425088329598747,0.20070826470401254
1,12681,0.714513786,0.2202703463546389,0.4942434396453611
1,12682,0.973529237,0.1309651849879734,0.8425640520120267
1,12683,0.424959148,0.1664027772979904,0.2585563707020096
1,12684,-0.282270701,0.16242224035664196,-0.44469294135664195
1,12685,-0.7304851,0.0038650006441880605,-0.734350100644188
1,12686,-0.282270701,0.04106507447425022,-0.32333577547425024
1,12687,0.424959148,0.0370845375329017,0.3878746104670983
1,12688,-0.282270701,-0.03189904398523092,-0.2503716570147691
1,12689,0.424959148,0.010056383491411287,0.4149027645085887
1,12690,0.424959148,0.006075846550062798,0.4188833014499372
1,12691,-0.282270701,0.1980612297542183,-0.4803319307542183
1,12692,-0.282270701,0.22425088329598747,-0.5065215842959875
1,12693,-1.279055189,0.2202703463546389,-1.4993255353546389
1,12694,0.096689173,0.14139162771123712,-0.04470245471123711
1,12695,0.424959148,0.17682922002125415,0.24812992797874586
1,12696,-0.282270701,0.17284868307990564,-0.45511938407990565
1,12697,0.096689173,-0.0009994180620562427,0.09768859106205624
1,12698,0.424959148,0.03620065576800591,0.3887584922319941
1,12699,0.424959148,0.0322201188266574,0.3927390291733426
1,12700,0.096689173,-0.03676346269147522,0.13345263569147522
1,12701,-1.279055189,0.005191964785166975,-1.284247153785167
1,12702,-0.282270701,0.0012114278438184877,-0.2834821288438185
1,12703,-1.279055189,0.19319681104797404,-1.472252000047974
1,12704,-0.7304851,0.21938646458974315,-0.9498715645897431
1,12705,-0.282270701,0.21540592764839459,-0.49767662864839457
1,12706,-1.279055189,0.1844292280430969,-1.4634844170430967
1,12707,-0.282270701,0.20607239297997698,-0.488343093979977
1,12708,0.714513786,0.2020918560386285,0.5124219299613715
1,12709,0.973529237,0.06408909284715489,0.9094401441528451
1,12710,1.618518469,0.089279057179089,1.5292394118209112
1,12711,1.207837213,0.08529852023774051,1.1225386927622594
1,12712,0.096689173,0.0006871301088527715,0.09600204289114724
1,12713,-0.282270701,0.03834352120705956,-0.3206142222070596
1,12714,-0.7304851,0.03436298426571108,-0.764848084265711
1,12715,0.096689173,0.1706249844247155,-0.07393581142471549
1,12716,-0.282270701,0.20767368309286083,-0.48994438409286084
1,12717,0.096689173,0.2036931461515123,-0.10700397315151229
1,12718,0.424959148,0.09200049912787175,0.3329586488721282
1,12719,0.096689173,0.13829713656426526,-0.04160796356426526
1,12720,-1.279055189,0.1343165996229168,-1.4133717886229167
1,12721,-1.279055189,0.06745326303298194,-1.3465084520329818
1,12722,-0.282270701,0.11111949303710167,-0.3933901940371017
1,12723,-0.282270701,0.10713895609575319,-0.3894096570957532
1,12724,1.207837213,-0.04734929235335498,1.2551865053533549
1,12725,-0.282270701,5.208091921235836e-05,-0.2823227819192124
1,12726,-1.279055189,-0.003928456022136136,-1.2751267329778637
1,12727,-0.7304851,0.1706249844247155,-0.9011100844247155
1,12728,-0.282270701,0.20767368309286083,-0.48994438409286084
1,12729,-0.7304851,0.2036931461515123,-0.9341782461515122
1,12730,-1.986285038,0.09200049912787175,-2.0782855371278717
1,12731,0.096689173,0.13829713656426526,-0.04160796356426526
1,12732,-1.986285038,0.1343165996229168,-2.120601637622917
1,12733,-0.7304851,0.06745326303298194,-0.7979383630329819
1,12734,-0.282270701,0.11111949303710167,-0.3933901940371017
1,12735,-1.279055189,0.10713895609575319,-1.3861941450957531
1,12736,-0.7304851,-0.04734929235335498,-0.683135807646645
1,12737,0.424959148,5.208091921235836e-05,0.4249070670807876
1,12738,-1.279055189,-0.003928456022136136,-1.2751267329778637
1,12739,-0.7304851,0.1706249844247155,-0.9011100844247155
1,12740,0.424959148,0.20767368309286083,0.21728546490713918
1,12741,0.096689173,0.2036931461515123,-0.10700397315151229
1,12742,-0.7304851,0.10134746798253844,-0.8318325679825385
1,12743,0.096689173,0.14764410541893194,-0.05095493241893194
1,12744,0.424959148,0.14366356847758346,0.2812955795224166
1,12745,-0.7304851,0.06745326303298194,-0.7979383630329819
1,12746,0.096689173,0.11111949303710167,-0.014430320037101665
1,12747,-1.279055189,0.10713895609575319,-1.3861941450957531
1,12748,-0.282270701,-0.04734929235335498,-0.23492140864664504
1,12749,-0.7304851,5.208091921235836e-05,-0.7305371809192124
1,12750,-1.279055189,-0.003928456022136136,-1.2751267329778637
1,12751,-0.282270701,0.1706249844247155,-0.4528956854247155
1,12752,-0.7304851,0.20767368309286083,-0.9381587830928608
1,12753,-0.7304851,0.2036931461515123,-0.9341782461515122
1,12754,0.096689173,0.11104348196186282,-0.014354308961862822
1,12755,-1.279055189,0.15734011939825626,-1.4363953083982561
1,12756,-0.7304851,0.1533595824569078,-0.8838446824569078
1,12757,-1.279055189,0.0625888443267376,-1.3416440333267374
1,12758,0.424959148,0.1062550743308574,0.3187040736691426
1,12759,-0.282270701,0.10227453738950891,-0.38454523838950894
1,12760,-0.7304851,-0.05221371105959926,-0.6782713889404007
1,12761,0.096689173,-0.004812337787031946,0.10150151078703196
1,12762,0.096689173,-0.008792874728380431,0.10548204772838043
1,12763,-1.279055189,0.1657605657184712,-1.444815754718471
1,12764,0.424959148,0.20280926438661656,0.22214988361338345
1,12765,2.911851549,0.19882872744526803,2.7130228215547323
1,12766,0.096689173,0.14732864859621547,-0.05063947559621547
1,12767,0.714513786,0.18235724341947182,0.5321565425805282
1,12768,-1.986285038,0.17837670647812334,-2.1646617444781233
1,12769,1.207837213,0.12677608288505135,1.0810611301149486
1,12770,-0.282270701,0.161081035630069,-0.443351736630069
1,12771,-1.279055189,0.1571004986887205,-1.4361556876887205
1,12772,-0.282270701,-0.024279755069709374,-0.25799094593029065
1,12773,0.424959148,0.01768083653660975,0.4072783114633903
1,12774,0.096689173,0.013700299595261253,0.08298887340473875
1,12775,-0.7304851,0.16825903826085273,-0.8987441382608528
1,12776,0.714513786,0.2053077369289981,0.509206049071002
1,12777,-1.986285038,0.20132719998764956,-2.1876122379876493
1,12778,-0.282270701,0.09200049912787175,-0.37427120012787174
1,12779,-0.7304851,0.13829713656426526,-0.8687822365642652
1,12780,-1.279055189,0.1343165996229168,-1.4133717886229167
1,12781,-0.7304851,0.06745326303298194,-0.7979383630329819
1,12782,0.424959148,0.11111949303710167,0.31383965496289834
1,12783,-0.7304851,0.10713895609575319,-0.8376240560957532
1,12784,-1.279055189,-0.04734929235335498,-1.231705896646645
1,12785,0.096689173,5.208091921235836e-05,0.09663709208078765
1,12786,-0.282270701,-0.003928456022136136,-0.27834224497786386
1,12787,-1.279055189,0.16825903826085273,-1.4473142272608526
1,12788,-1.279055189,0.2053077369289981,-1.484362925928998
1,12789,0.096689173,0.20132719998764956,-0.10463802698764955
1,12790,-1.279055189,0.09200049912787175,-1.3710556881278717
1,12791,-1.279055189,0.13829713656426526,-1.4173523255642653
1,12792,0.714513786,0.1343165996229168,0.5801971863770832
1,12793,-0.7304851,0.06745326303298194,-0.7979383630329819
1,12794,0.424959148,0.11111949303710167,0.31383965496289834
1,12795,-0.282270701,0.10713895609575319,-0.3894096570957532
1,12796,-0.7304851,-0.04734929235335498,-0.683135807646645
1,12797,0.096689173,5.208091921235836e-05,0.09663709208078765
1,12798,-0.282270701,-0.003928456022136136,-0.27834224497786386
1,12799,-0.282270701,0.16825903826085273,-0.4505297392608527
1,12800,-0.282270701,0.2053077369289981,-0.48757843792899813
1,12801,-0.282270701,0.20132719998764956,-0.48359790098764954
1,12802,-0.7304851,0.10134746798253844,-0.8318325679825385
1,12803,-0.7304851,0.14764410541893194,-0.8781292054189319
1,12804,0.424959148,0.14366356847758346,0.2812955795224166
1,12805,-1.279055189,0.06745326303298194,-1.3465084520329818
1,12806,-1.279055189,0.11111949303710167,-1.3901746820371015
1,12807,-0.7304851,0.10713895609575319,-0.8376240560957532
1,12808,-0.7304851,-0.04734929235335498,-0.683135807646645
1,12809,-0.282270701,5.208091921235836e-05,-0.2823227819192124
1,12810,-0.282270701,-0.003928456022136136,-0.27834224497786386
1,12811,-1.986285038,0.16825903826085273,-2.1545440762608528
1,12812,-1.986285038,0.2053077369289981,-2.191592774928998
1,12813,-0.282270701,0.20132719998764956,-0.48359790098764954
1,12814,0.096689173,0.11104348196186282,-0.014354308961862822
1,12815,-0.7304851,0.15734011939825626,-0.8878252193982563
1,12816,-1.986285038,0.1533595824569078,-2.1396446204569077
1,12817,0.096689173,0.0625888443267376,0.0341003286732624
1,12818,-0.282270701,0.1062550743308574,-0.3885257753308574
1,12819,-0.282270701,0.10227453738950891,-0.38454523838950894
1,12820,-1.279055189,-0.05221371105959926,-1.2268414779404007
1,12821,-0.7304851,-0.004812337787031946,-0.7256727622129681
1,12822,0.424959148,-0.008792874728380431,0.4337520227283804
1,12823,-0.282270701,0.16339461955460846,-0.4456653205546085
1,12824,0.424959148,0.20044331822275382,0.22451582977724618
1,12825,0.714513786,0.19646278128140526,0.5180510047185948
1,12826,0.096689173,0.14732864859621547,-0.05063947559621547
1,12827,0.424959148,0.18235724341947182,0.2426019045805282
1,12828,0.096689173,0.17837670647812334,-0.08168753347812334
1,12829,0.096689173,0.12677608288505135,-0.030086909885051347
1,12830,0.973529237,0.161081035630069,0.812448201369931
1,12831,-0.282270701,0.1571004986887205,-0.4393711996887205
1,12832,-1.279055189,-0.024279755069709374,-1.2547754339302906
1,12833,0.096689173,0.01768083653660975,0.07900833646339026
1,12834,0.424959148,0.013700299595261253,0.41125884840473875
1,12835,0.424959148,0.1980612297542183,0.2268979182457817
1,12836,0.424959148,0.22425088329598747,0.20070826470401254
1,12837,-1.279055189,0.2202703463546389,-1.4993255353546389
1,12838,-0.7304851,0.12535878814719564,-0.8558438881471957
1,12839,-0.282270701,0.16079638045721265,-0.44306708145721263
1,12840,-0.282270701,0.15681584351586417,-0.43908654451586415
1,12841,-1.986285038,0.0038650006441880605,-1.990150038644188
1,12842,0.424959148,0.04106507447425022,0.3838940735257498
1,12843,-1.279055189,0.0370845375329017,-1.3161397265329016
1,12844,-0.282270701,-0.03189904398523092,-0.2503716570147691
1,12845,0.096689173,0.010056383491411287,0.08663278950858871
1,12846,-0.7304851,0.006075846550062798,-0.7365609465500628
1,12847,-0.282270701,0.1980612297542183,-0.4803319307542183
1,12848,-0.282270701,0.22425088329598747,-0.5065215842959875
1,12849,-1.279055189,0.2202703463546389,-1.4993255353546389
1,12850,0.714513786,0.12535878814719564,0.5891549978528043
1,12851,-0.282270701,0.16079638045721265,-0.44306708145721263
1,12852,0.714513786,0.15681584351586417,0.5576979424841358
1,12853,0.714513786,0.0038650006441880605,0.710648785355812
1,12854,-0.282270701,0.04106507447425022,-0.32333577547425024
1,12855,-1.279055189,0.0370845375329017,-1.3161397265329016
1,12856,-1.279055189,-0.03189904398523092,-1.247156145014769
1,12857,0.096689173,0.010056383491411287,0.08663278950858871
1,12858,0.424959148,0.006075846550062798,0.4188833014499372
1,12859,-1.986285038,0.1980612297542183,-2.184346267754218
1,12860,-1.986285038,0.22425088329598747,-2.210535921295987
1,12861,-0.7304851,0.2202703463546389,-0.9507554463546389
1,12862,0.096689173,0.1309651849879734,-0.03427601198797341
1,12863,0.424959148,0.1664027772979904,0.2585563707020096
1,12864,0.424959148,0.16242224035664196,0.262536907643358
1,12865,0.714513786,0.0038650006441880605,0.710648785355812
1,12866,0.424959148,0.04106507447425022,0.3838940735257498
1,12867,-0.7304851,0.0370845375329017,-0.7675696375329017
1,12868,-0.282270701,-0.03189904398523092,-0.2503716570147691
1,12869,-0.282270701,0.010056383491411287,-0.2923270844914113
1,12870,-0.282270701,0.006075846550062798,-0.28834654755006284
1,12871,0.096689173,0.1980612297542183,-0.1013720567542183
1,12872,0.096689173,0.22425088329598747,-0.12756171029598745
1,12873,0.096689173,0.2202703463546389,-0.1235811733546389
1,12874,-0.7304851,0.14139162771123712,-0.8718767277112371
1,12875,-0.282270701,0.17682922002125415,-0.4590999210212542
1,12876,0.096689173,0.17284868307990564,-0.07615951007990564
1,12877,-1.986285038,-0.0009994180620562427,-1.9852856199379436
1,12878,-1.279055189,0.03620065576800591,-1.3152558447680058
1,12879,-0.282270701,0.0322201188266574,-0.3144908198266574
1,12880,-1.986285038,-0.03676346269147522,-1.9495215753085247
1,12881,-0.7304851,0.005191964785166975,-0.7356770647851669
1,12882,0.424959148,0.0012114278438184877,0.4237477201561815
1,12883,-0.7304851,0.19319681104797404,-0.923681911047974
1,12884,1.207837213,0.21938646458974315,0.9884507484102567
1,12885,0.973529237,0.21540592764839459,0.7581233093516054
1,12886,0.424959148,0.1844292280430969,0.24052991995690312
1,12887,0.424959148,0.20607239297997698,0.21888675502002303
1,12888,0.714513786,0.2020918560386285,0.5124219299613715
1,12889,0.096689173,0.06408909284715489,0.032600080152845115
1,12890,2.27801142,0.089279057179089,2.188732362820911
1,12891,0.096689173,0.08529852023774051,0.011390652762259493
1,12892,-0.282270701,0.0006871301088527715,-0.2829578311088528
1,12893,2.128973484,0.03834352120705956,2.0906299627929403
1,12894,0.096689173,0.03436298426571108,0.062326188734288926
1,12895,-0.282270701,0.1706249844247155,-0.4528956854247155
1,12896,0.973529237,0.20767368309286083,0.7658555539071392
1,12897,0.096689173,0.2036931461515123,-0.10700397315151229
1,12898,0.096689173,0.09200049912787175,0.004688673872128249
1,12899,0.096689173,0.13829713656426526,-0.04160796356426526
1,12900,-0.282270701,0.1343165996229168,-0.4165873006229168
1,12901,-0.282270701,0.06745326303298194,-0.34972396403298195
1,12902,-0.282270701,0.11111949303710167,-0.3933901940371017
1,12903,0.096689173,0.10713895609575319,-0.010449783095753187
1,12904,0.096689173,-0.04734929235335498,0.144038465353355
1,12905,0.424959148,5.208091921235836e-05,0.4249070670807876
1,12906,-1.986285038,-0.003928456022136136,-1.9823565819778637
1,12907,0.096689173,0.1706249844247155,-0.07393581142471549
1,12908,0.714513786,0.20767368309286083,0.5068401029071392
1,12909,-0.282270701,0.2036931461515123,-0.4859638471515123
1,12910,-0.282270701,0.09200049912787175,-0.37427120012787174
1,12911,-0.7304851,0.13829713656426526,-0.8687822365642652
1,12912,-0.282270701,0.1343165996229168,-0.4165873006229168
1,12913,-0.282270701,0.06745326303298194,-0.34972396403298195
1,12914,0.096689173,0.11111949303710167,-0.014430320037101665
1,12915,-0.7304851,0.10713895609575319,-0.8376240560957532
1,12916,1.970313724,-0.04734929235335498,2.017663016353355
1,12917,0.096689173,5.208091921235836e-05,0.09663709208078765
1,12918,-1.279055189,-0.003928456022136136,-1.2751267329778637
1,12919,-1.279055189,0.1706249844247155,-1.4496801734247153
1,12920,0.424959148,0.20767368309286083,0.21728546490713918
1,12921,-0.282270701,0.2036931461515123,-0.4859638471515123
1,12922,0.096689173,0.10134746798253844,-0.004658294982538433
1,12923,-0.282270701,0.14764410541893194,-0.429914806418932
1,12924,1.80070351,0.14366356847758346,1.6570399415224164
1,12925,0.973529237,0.06745326303298194,0.9060759739670181
1,12926,0.096689173,0.11111949303710167,-0.014430320037101665
1,12927,0.424959148,0.10713895609575319,0.3178201919042468
1,12928,0.096689173,-0.04734929235335498,0.144038465353355
1,12929,0.973529237,5.208091921235836e-05,0.9734771560807877
1,12930,0.714513786,-0.003928456022136136,0.7184422420221361
1,12931,0.096689173,0.1706249844247155,-0.07393581142471549
1,12932,-0.282270701,0.20767368309286083,-0.48994438409286084
1,12933,0.096689173,0.2036931461515123,-0.10700397315151229
1,12934,-0.282270701,0.11104348196186282,-0.3933141829618628
1,12935,0.096689173,0.15734011939825626,-0.06065094639825626
1,12936,0.424959148,0.1533595824569078,0.27159956554309217
1,12937,-0.7304851,0.0625888443267376,-0.7930739443267376
1,12938,0.714513786,0.1062550743308574,0.6082587116691427
1,12939,0.424959148,0.10227453738950891,0.3226846106104911
1,12940,1.618518469,-0.05221371105959926,1.6707321800595993
1,12941,0.424959148,-0.004812337787031946,0.42977148578703195
1,12942,0.096689173,-0.008792874728380431,0.10548204772838043
1,12943,2.551445522,0.1657605657184712,2.3856849562815285
1,12944,0.714513786,0.20280926438661656,0.5117045216133835
1,12945,-0.282270701,0.19882872744526803,-0.48109942844526804
1,12946,0.714513786,0.14732864859621547,0.5671851374037846
1,12947,3.322532806,0.18235724341947182,3.140175562580528
1,12948,2.677543574,0.17837670647812334,2.499166867521877
1,12949,10.26527909,0.12677608288505135,10.138503007114949
1,12950,2.551445522,0.161081035630069,2.390364486369931
1,12951,3.125757972,0.1571004986887205,2.96865747331128
1,12952,8.776106451,-0.024279755069709374,8.80038620606971
1,12953,0.096689173,0.01768083653660975,0.07900833646339026
1,12954,1.207837213,0.013700299595261253,1.1941369134047386
1,12955,1.970313724,0.16825903826085273,1.8020546857391473
1,12956,0.424959148,0.2053077369289981,0.21965141107100192
1,12957,-0.282270701,0.20132719998764956,-0.48359790098764954
1,12958,-1.986285038,0.09200049912787175,-2.0782855371278717
1,12959,0.096689173,0.13829713656426526,-0.04160796356426526
1,12960,-0.282270701,0.1343165996229168,-0.4165873006229168
1,12961,5.252244346,0.06745326303298194,5.184791082967019
1,12962,0.714513786,0.11111949303710167,0.6033942929628984
1,12963,0.096689173,0.10713895609575319,-0.010449783095753187
1,12964,0.424959148,-0.04734929235335498,0.472308440353355
1,12965,-0.7304851,5.208091921235836e-05,-0.7305371809192124
1,12966,-0.282270701,-0.003928456022136136,-0.27834224497786386
1,12967,-0.7304851,0.16825903826085273,-0.8987441382608528
1,12968,0.424959148,0.2053077369289981,0.21965141107100192
1,12969,0.714513786,0.20132719998764956,0.5131865860123505
1,12970,0.714513786,0.09200049912787175,0.6225132868721283
1,12971,0.424959148,0.13829713656426526,0.2866620114357348
1,12972,0.973529237,0.1343165996229168,0.8392126373770832
1,12973,-0.282270701,0.06745326303298194,-0.34972396403298195
1,12974,0.714513786,0.11111949303710167,0.6033942929628984
1,12975,0.096689173,0.10713895609575319,-0.010449783095753187
1,12976,0.096689173,-0.04734929235335498,0.144038465353355
1,12977,0.424959148,5.208091921235836e-05,0.4249070670807876
1,12978,0.424959148,-0.003928456022136136,0.42888760402213616
1,12979,0.096689173,0.16825903826085273,-0.07156986526085272
1,12980,-0.282270701,0.2053077369289981,-0.48757843792899813
1,12981,-0.282270701,0.20132719998764956,-0.48359790098764954
1,12982,0.096689173,0.10134746798253844,-0.004658294982538433
1,12983,0.096689173,0.14764410541893194,-0.05095493241893194
1,12984,0.096689173,0.14366356847758346,-0.04697439547758346
1,12985,0.714513786,0.06745326303298194,0.6470605229670181
1,12986,0.424959148,0.11111949303710167,0.31383965496289834
1,12987,-1.279055189,0.10713895609575319,-1.3861941450957531
1,12988,-0.7304851,-0.04734929235335498,-0.683135807646645
1,12989,0.424959148,5.208091921235836e-05,0.4249070670807876
1,12990,-0.282270701,-0.003928456022136136,-0.27834224497786386
1,12991,-0.282270701,0.16825903826085273,-0.4505297392608527
1,12992,-0.282270701,0.2053077369289981,-0.48757843792899813
1,12993,0.424959148,0.20132719998764956,0.22363194801235045
1,12994,0.714513786,0.11104348196186282,0.6034703040381372
1,12995,0.973529237,0.15734011939825626,0.8161891176017437
1,12996,-0.282270701,0.1533595824569078,-0.4356302834569078
1,12997,0.714513786,0.0625888443267376,0.6519249416732624
1,12998,-0.7304851,0.1062550743308574,-0.8367401743308573
1,12999,-1.279055189,0.10227453738950891,-1.3813297263895088
1,13000,0.096689173,-0.05221371105959926,0.14890288405959926
1,13001,0.424959148,-0.004812337787031946,0.42977148578703195
1,13002,-0.282270701,-0.008792874728380431,-0.2734778262716196
1,13003,2.911851549,0.16339461955460846,2.7484569294453918
1,13004,-0.282270701,0.20044331822275382,-0.4827140192227538
1,13005,1.207837213,0.19646278128140526,1.0113744317185946
1,13006,0.096689173,0.14732864859621547,-0.05063947559621547
1,13007,-0.282270701,0.18235724341947182,-0.46462794441947186
1,13008,5.026547143,0.17837670647812334,4.848170436521877
1,13009,0.096689173,0.12677608288505135,-0.030086909885051347
1,13010,0.096689173,0.161081035630069,-0.064391862630069
1,13011,0.096689173,0.1571004986887205,-0.0604113256887205
1,13012,0.973529237,-0.024279755069709374,0.9978089920697094
1,13013,0.096689173,0.01768083653660975,0.07900833646339026
1,13014,0.714513786,0.013700299595261253,0.7008134864047388
1,13015,-1.279055189,0.1980612297542183,-1.4771164187542183
1,13016,0.096689173,0.22425088329598747,-0.12756171029598745
1,13017,-0.7304851,0.2202703463546389,-0.9507554463546389
1,13018,0.714513786,0.12535878814719564,0.5891549978528043
1,13019,0.424959148,0.16079638045721265,0.26416276754278734
1,13020,0.096689173,0.15681584351586417,-0.060126670515864164
1,13021,0.096689173,0.0038650006441880605,0.09282417235581195
1,13022,-1.279055189,0.04106507447425022,-1.3201202634742502
1,13023,0.424959148,0.0370845375329017,0.3878746104670983
1,13024,0.424959148,-0.03189904398523092,0.4568581919852309
1,13025,0.096689173,0.010056383491411287,0.08663278950858871
1,13026,-0.7304851,0.006075846550062798,-0.7365609465500628
1,13027,1.207837213,0.1980612297542183,1.0097759832457815
1,13028,0.973529237,0.22425088329598747,0.7492783537040126
1,13029,-0.7304851,0.2202703463546389,-0.9507554463546389
1,13030,-0.282270701,0.12535878814719564,-0.40762948914719566
1,13031,0.973529237,0.16079638045721265,0.8127328565427874
1,13032,0.973529237,0.15681584351586417,0.8167133934841359
1,13033,-0.282270701,0.0038650006441880605,-0.28613570164418806
1,13034,-0.7304851,0.04106507447425022,-0.7715501744742502
1,13035,-1.279055189,0.0370845375329017,-1.3161397265329016
1,13036,-0.282270701,-0.03189904398523092,-0.2503716570147691
1,13037,-0.282270701,0.010056383491411287,-0.2923270844914113
1,13038,-0.282270701,0.006075846550062798,-0.28834654755006284
1,13039,-0.7304851,0.1980612297542183,-0.9285463297542182
1,13040,0.714513786,0.22425088329598747,0.49026290270401257
1,13041,1.207837213,0.2202703463546389,0.987566866645361
1,13042,0.096689173,0.1309651849879734,-0.03427601198797341
1,13043,-0.7304851,0.1664027772979904,-0.8968878772979905
1,13044,-0.282270701,0.16242224035664196,-0.44469294135664195
1,13045,0.096689173,0.0038650006441880605,0.09282417235581195
1,13046,0.424959148,0.04106507447425022,0.3838940735257498
1,13047,-0.282270701,0.0370845375329017,-0.3193552385329017
1,13048,-0.7304851,-0.03189904398523092,-0.6985860560147691
1,13049,0.096689173,0.010056383491411287,0.08663278950858871
1,13050,0.424959148,0.006075846550062798,0.4188833014499372
1,13051,-1.279055189,0.1980612297542183,-1.4771164187542183
1,13052,-0.282270701,0.22425088329598747,-0.5065215842959875
1,13053,0.096689173,0.2202703463546389,-0.1235811733546389
1,13054,-0.7304851,0.14139162771123712,-0.8718767277112371
1,13055,0.424959148,0.17682922002125415,0.24812992797874586
1,13056,-0.7304851,0.17284868307990564,-0.9033337830799056
1,13057,0.096689173,-0.0009994180620562427,0.09768859106205624
1,13058,-0.282270701,0.03620065576800591,-0.3184713567680059
1,13059,-0.7304851,0.0322201188266574,-0.7627052188266574
1,13060,-0.282270701,-0.03676346269147522,-0.24550723830852478
1,13061,0.714513786,0.005191964785166975,0.7093218212148331
1,13062,0.096689173,0.0012114278438184877,0.09547774515618151
1,13063,0.973529237,0.19319681104797404,0.780332425952026
1,13064,0.424959148,0.21938646458974315,0.20557268341025686
1,13065,0.424959148,0.21540592764839459,0.20955322035160542
1,13066,-0.7304851,0.1844292280430969,-0.9149143280430969
1,13067,0.714513786,0.20607239297997698,0.5084413930200231
1,13068,0.424959148,0.2020918560386285,0.2228672919613715
1,13069,-1.279055189,0.06408909284715489,-1.3431442818471548
1,13070,1.421743635,0.089279057179089,1.332464577820911
1,13071,-1.279055189,0.08529852023774051,-1.3643537092377405
1,13072,-0.282270701,0.0006871301088527715,-0.2829578311088528
1,13073,-0.7304851,0.03834352120705956,-0.7688286212070595
1,13074,0.096689173,0.03436298426571108,0.062326188734288926
1,13075,-0.282270701,0.1706249844247155,-0.4528956854247155
1,13076,0.096689173,0.20767368309286083,-0.11098451009286082
1,13077,0.096689173,0.2036931461515123,-0.10700397315151229
1,13078,0.973529237,0.09200049912787175,0.8815287378721283
1,13079,0.096689173,0.13829713656426526,-0.04160796356426526
1,13080,0.096689173,0.1343165996229168,-0.03762742662291681
1,13081,0.096689173,0.06745326303298194,0.029235909967018067
1,13082,-0.7304851,0.11111949303710167,-0.8416045930371017
1,13083,-0.7304851,0.10713895609575319,-0.8376240560957532
1,13084,0.424959148,-0.04734929235335498,0.472308440353355
1,13085,0.096689173,5.208091921235836e-05,0.09663709208078765
1,13086,-1.279055189,-0.003928456022136136,-1.2751267329778637
1,13087,-0.7304851,0.1706249844247155,-0.9011100844247155
1,13088,-0.282270701,0.20767368309286083,-0.48994438409286084
1,13089,-1.986285038,0.2036931461515123,-2.1899781841515122
1,13090,-0.7304851,0.09200049912787175,-0.8224855991278718
1,13091,0.424959148,0.13829713656426526,0.2866620114357348
1,13092,-2.983069526,0.1343165996229168,-3.1173861256229167
1,13093,-0.7304851,0.06745326303298194,-0.7979383630329819
1,13094,1.80070351,0.11111949303710167,1.6895840169628982
1,13095,0.096689173,0.10713895609575319,-0.010449783095753187
1,13096,-0.282270701,-0.04734929235335498,-0.23492140864664504
1,13097,0.973529237,5.208091921235836e-05,0.9734771560807877
1,13098,-0.282270701,-0.003928456022136136,-0.27834224497786386
1,13099,0.096689173,0.1706249844247155,-0.07393581142471549
1,13100,0.096689173,0.20767368309286083,-0.11098451009286082
1,13101,-0.7304851,0.2036931461515123,-0.9341782461515122
1,13102,0.424959148,0.10134746798253844,0.32361168001746154
1,13103,0.096689173,0.14764410541893194,-0.05095493241893194
1,13104,-1.279055189,0.14366356847758346,-1.4227187574775835
1,13105,-0.282270701,0.06745326303298194,-0.34972396403298195
1,13106,0.973529237,0.11111949303710167,0.8624097439628984
1,13107,0.424959148,0.10713895609575319,0.3178201919042468
1,13108,0.714513786,-0.04734929235335498,0.761863078353355
1,13109,0.714513786,5.208091921235836e-05,0.7144617050807877
1,13110,0.714513786,-0.003928456022136136,0.7184422420221361
1,13111,0.096689173,0.1706249844247155,-0.07393581142471549
1,13112,-0.282270701,0.20767368309286083,-0.48994438409286084
1,13113,-0.282270701,0.2036931461515123,-0.4859638471515123
1,13114,0.096689173,0.11104348196186282,-0.014354308961862822
1,13115,1.207837213,0.15734011939825626,1.0504970936017437
1,13116,0.096689173,0.1533595824569078,-0.05667040945690781
1,13117,-0.7304851,0.0625888443267376,-0.7930739443267376
1,13118,0.424959148,0.1062550743308574,0.3187040736691426
1,13119,0.714513786,0.10227453738950891,0.6122392486104912
1,13120,-0.282270701,-0.05221371105959926,-0.23005698994040075
1,13121,0.714513786,-0.004812337787031946,0.719326123787032
1,13122,0.424959148,-0.008792874728380431,0.4337520227283804
1,13123,-1.986285038,0.1657605657184712,-2.152045603718471
1,13124,0.096689173,0.20280926438661656,-0.10612009138661656
1,13125,0.973529237,0.19882872744526803,0.774700509554732
1,13126,1.421743635,0.14732864859621547,1.2744149864037844
1,13127,1.421743635,0.18235724341947182,1.239386391580528
1,13128,0.973529237,0.17837670647812334,0.7951525305218767
1,13129,-0.7304851,0.12677608288505135,-0.8572611828850514
1,13130,0.714513786,0.161081035630069,0.553432750369931
1,13131,1.421743635,0.1571004986887205,1.2646431363112793
1,13132,-0.282270701,-0.024279755069709374,-0.25799094593029065
1,13133,-1.279055189,0.01768083653660975,-1.2967360255366096
1,13134,-0.282270701,0.013700299595261253,-0.29597100059526127
1,13135,0.096689173,0.16825903826085273,-0.07156986526085272
1,13136,-1.279055189,0.2053077369289981,-1.484362925928998
1,13137,-0.282270701,0.20132719998764956,-0.48359790098764954
1,13138,0.424959148,0.09200049912787175,0.3329586488721282
1,13139,5.826556797,0.13829713656426526,5.688259660435735
1,13140,0.424959148,0.1343165996229168,0.2906425483770832
1,13141,0.096689173,0.06745326303298194,0.029235909967018067
1,13142,-0.282270701,0.11111949303710167,-0.3933901940371017
1,13143,-0.7304851,0.10713895609575319,-0.8376240560957532
1,13144,0.096689173,-0.04734929235335498,0.144038465353355
1,13145,-0.282270701,5.208091921235836e-05,-0.2823227819192124
1,13146,0.096689173,-0.003928456022136136,0.10061762902213614
1,13147,0.096689173,0.16825903826085273,-0.07156986526085272
1,13148,-0.7304851,0.2053077369289981,-0.9357928369289981
1,13149,-0.282270701,0.20132719998764956,-0.48359790098764954
1,13150,0.714513786,0.09200049912787175,0.6225132868721283
1,13151,3.226113663,0.13829713656426526,3.0878165264357347
1,13152,0.714513786,0.1343165996229168,0.5801971863770832
1,13153,-0.282270701,0.06745326303298194,-0.34972396403298195
1,13154,-0.7304851,0.11111949303710167,-0.8416045930371017
1,13155,0.096689173,0.10713895609575319,-0.010449783095753187
1,13156,-0.7304851,-0.04734929235335498,-0.683135807646645
1,13157,0.096689173,5.208091921235836e-05,0.09663709208078765
1,13158,0.424959148,-0.003928456022136136,0.42888760402213616
1,13159,-0.282270701,0.16825903826085273,-0.4505297392608527
1,13160,-0.282270701,0.2053077369289981,-0.48757843792899813
1,13161,-0.7304851,0.20132719998764956,-0.9318122999876496
1,13162,-0.282270701,0.10134746798253844,-0.3836181689825384
1,13163,-0.282270701,0.14764410541893194,-0.429914806418932
1,13164,0.096689173,0.14366356847758346,-0.04697439547758346
1,13165,-0.7304851,0.06745326303298194,-0.7979383630329819
1,13166,-0.7304851,0.11111949303710167,-0.8416045930371017
1,13167,-0.7304851,0.10713895609575319,-0.8376240560957532
1,13168,-0.7304851,-0.04734929235335498,-0.683135807646645
1,13169,-0.7304851,5.208091921235836e-05,-0.7305371809192124
1,13170,-0.7304851,-0.003928456022136136,-0.7265566439778639
1,13171,0.096689173,0.16825903826085273,-0.07156986526085272
1,13172,-0.282270701,0.2053077369289981,-0.48757843792899813
1,13173,-0.7304851,0.20132719998764956,-0.9318122999876496
1,13174,0.424959148,0.11104348196186282,0.3139156660381372
1,13175,0.973529237,0.15734011939825626,0.8161891176017437
1,13176,2.27801142,0.1533595824569078,2.1246518375430923
1,13177,-0.7304851,0.0625888443267376,-0.7930739443267376
1,13178,0.096689173,0.1062550743308574,-0.009565901330857399
1,13179,-0.7304851,0.10227453738950891,-0.8327596373895089
1,13180,-0.282270701,-0.05221371105959926,-0.23005698994040075
1,13181,-0.7304851,-0.004812337787031946,-0.7256727622129681
1,13182,0.096689173,-0.008792874728380431,0.10548204772838043
1,13183,0.424959148,0.16339461955460846,0.2615645284453916
1,13184,0.096689173,0.20044331822275382,-0.10375414522275382
1,13185,0.424959148,0.19646278128140526,0.22849636671859475
1,13186,-0.282270701,0.14732864859621547,-0.4295993495962155
1,13187,0.424959148,0.18235724341947182,0.2426019045805282
1,13188,1.618518469,0.17837670647812334,1.4401417625218766
1,13189,0.424959148,0.12677608288505135,0.29818306511494863
1,13190,0.096689173,0.161081035630069,-0.064391862630069
1,13191,0.714513786,0.1571004986887205,0.5574132873112796
1,13192,0.096689173,-0.024279755069709374,0.12096892806970938
1,13193,-0.7304851,0.01768083653660975,-0.7481659365366098
1,13194,-0.282270701,0.013700299595261253,-0.29597100059526127
1,13195,0.424959148,0.1980612297542183,0.2268979182457817
1,13196,-0.282270701,0.22425088329598747,-0.5065215842959875
1,13197,0.096689173,0.2202703463546389,-0.1235811733546389
1,13198,-0.7304851,0.12535878814719564,-0.8558438881471957
1,13199,-0.282270701,0.16079638045721265,-0.44306708145721263
1,13200,-0.282270701,0.15681584351586417,-0.43908654451586415
1,13201,0.424959148,0.0038650006441880605,0.42109414735581197
1,13202,0.973529237,0.04106507447425022,0.9324641625257498
1,13203,-1.279055189,0.0370845375329017,-1.3161397265329016
1,13204,-0.7304851,-0.03189904398523092,-0.6985860560147691
1,13205,-0.282270701,0.010056383491411287,-0.2923270844914113
1,13206,-0.282270701,0.006075846550062798,-0.28834654755006284
1,13207,0.096689173,0.1980612297542183,-0.1013720567542183
1,13208,-0.282270701,0.22425088329598747,-0.5065215842959875
1,13209,0.424959148,0.2202703463546389,0.2046888016453611
1,13210,-0.7304851,0.12535878814719564,-0.8558438881471957
1,13211,0.714513786,0.16079638045721265,0.5537174055427874
1,13212,0.096689173,0.15681584351586417,-0.060126670515864164
1,13213,0.096689173,0.0038650006441880605,0.09282417235581195
1,13214,-1.986285038,0.04106507447425022,-2.02735011247425
1,13215,0.714513786,0.0370845375329017,0.6774292484670983
1,13216,-0.282270701,-0.03189904398523092,-0.2503716570147691
1,13217,0.424959148,0.010056383491411287,0.4149027645085887
1,13218,0.424959148,0.006075846550062798,0.4188833014499372
1,13219,-1.986285038,0.1980612297542183,-2.184346267754218
1,13220,-0.282270701,0.22425088329598747,-0.5065215842959875
1,13221,-1.279055189,0.2202703463546389,-1.4993255353546389
1,13222,0.096689173,0.1309651849879734,-0.03427601198797341
1,13223,0.096689173,0.1664027772979904,-0.06971360429799041
1,13224,1.421743635,0.16242224035664196,1.259321394643358
1,13225,0.096689173,0.0038650006441880605,0.09282417235581195
1,13226,0.424959148,0.04106507447425022,0.3838940735257498
1,13227,-0.282270701,0.0370845375329017,-0.3193552385329017
1,13228,0.714513786,-0.03189904398523092,0.746412829985231
1,13229,0.096689173,0.010056383491411287,0.08663278950858871
1,13230,-1.279055189,0.006075846550062798,-1.2851310355500627
1,13231,-0.282270701,0.1980612297542183,-0.4803319307542183
1,13232,-0.7304851,0.22425088329598747,-0.9547359832959874
1,13233,1.207837213,0.2202703463546389,0.987566866645361
1,13234,-1.279055189,0.14139162771123712,-1.420446816711237
1,13235,-0.7304851,0.17682922002125415,-0.9073143200212541
1,13236,-0.7304851,0.17284868307990564,-0.9033337830799056
1,13237,0.096689173,-0.0009994180620562427,0.09768859106205624
1,13238,-0.282270701,0.03620065576800591,-0.3184713567680059
1,13239,-0.282270701,0.0322201188266574,-0.3144908198266574
1,13240,0.424959148,-0.03676346269147522,0.46172261069147524
1,13241,-0.282270701,0.005191964785166975,-0.287462665785167
1,13242,-1.279055189,0.0012114278438184877,-1.2802666168438184
1,13243,-0.7304851,0.19319681104797404,-0.923681911047974
1,13244,0.424959148,0.21938646458974315,0.20557268341025686
1,13245,-1.279055189,0.21540592764839459,-1.4944611166483945
1,13246,0.424959148,0.1844292280430969,0.24052991995690312
1,13247,1.207837213,0.20607239297997698,1.0017648200200229
1,13248,1.618518469,0.2020918560386285,1.4164266129613716
1,13249,0.096689173,0.06408909284715489,0.032600080152845115
1,13250,0.973529237,0.089279057179089,0.884250179820911
1,13251,0.424959148,0.08529852023774051,0.33966062776225947
1,13252,0.096689173,0.0006871301088527715,0.09600204289114724
1,13253,-0.7304851,0.03834352120705956,-0.7688286212070595
1,13254,-0.282270701,0.03436298426571108,-0.3166336852657111
1,13255,-1.279055189,0.1706249844247155,-1.4496801734247153
1,13256,0.424959148,0.20767368309286083,0.21728546490713918
1,13257,0.424959148,0.2036931461515123,0.22126600184848771
1,13258,0.096689173,0.09200049912787175,0.004688673872128249
1,13259,0.096689173,0.13829713656426526,-0.04160796356426526
1,13260,-0.282270701,0.1343165996229168,-0.4165873006229168
1,13261,0.714513786,0.06745326303298194,0.6470605229670181
1,13262,-1.279055189,0.11111949303710167,-1.3901746820371015
1,13263,0.424959148,0.10713895609575319,0.3178201919042468
1,13264,0.096689173,-0.04734929235335498,0.144038465353355
1,13265,-0.282270701,5.208091921235836e-05,-0.2823227819192124
1,13266,-0.7304851,-0.003928456022136136,-0.7265566439778639
1,13267,0.424959148,0.1706249844247155,0.2543341635752845
1,13268,-1.279055189,0.20767368309286083,-1.4867288720928609
1,13269,0.973529237,0.2036931461515123,0.7698360908484878
1,13270,0.096689173,0.09200049912787175,0.004688673872128249
1,13271,-0.282270701,0.13829713656426526,-0.4205678375642653
1,13272,0.424959148,0.1343165996229168,0.2906425483770832
1,13273,0.714513786,0.06745326303298194,0.6470605229670181
1,13274,-0.282270701,0.11111949303710167,-0.3933901940371017
1,13275,-0.7304851,0.10713895609575319,-0.8376240560957532
1,13276,-1.279055189,-0.04734929235335498,-1.231705896646645
1,13277,0.424959148,5.208091921235836e-05,0.4249070670807876
1,13278,-1.279055189,-0.003928456022136136,-1.2751267329778637
1,13279,0.714513786,0.1706249844247155,0.5438888015752845
1,13280,0.096689173,0.20767368309286083,-0.11098451009286082
1,13281,-1.986285038,0.2036931461515123,-2.1899781841515122
1,13282,-0.282270701,0.10134746798253844,-0.3836181689825384
1,13283,0.096689173,0.14764410541893194,-0.05095493241893194
1,13284,-0.282270701,0.14366356847758346,-0.4259342694775835
1,13285,0.424959148,0.06745326303298194,0.3575058849670181
1,13286,0.096689173,0.11111949303710167,-0.014430320037101665
1,13287,0.973529237,0.10713895609575319,0.8663902809042469
1,13288,0.973529237,-0.04734929235335498,1.020878529353355
1,13289,0.714513786,5.208091921235836e-05,0.7144617050807877
1,13290,0.096689173,-0.003928456022136136,0.10061762902213614
1,13291,-0.282270701,0.1706249844247155,-0.4528956854247155
1,13292,0.424959148,0.20767368309286083,0.21728546490713918
1,13293,-0.282270701,0.2036931461515123,-0.4859638471515123
1,13294,0.424959148,0.11104348196186282,0.3139156660381372
1,13295,0.096689173,0.15734011939825626,-0.06065094639825626
1,13296,0.973529237,0.1533595824569078,0.8201696545430922
1,13297,1.421743635,0.0625888443267376,1.3591547906732624
1,13298,0.973529237,0.1062550743308574,0.8672741626691427
1,13299,-0.282270701,0.10227453738950891,-0.38454523838950894
1,13300,-1.279055189,-0.05221371105959926,-1.2268414779404007
1,13301,0.096689173,-0.004812337787031946,0.10150151078703196
1,13302,0.714513786,-0.008792874728380431,0.7233066607283805
1,13303,-1.279055189,0.1657605657184712,-1.444815754718471
1,13304,0.973529237,0.20280926438661656,0.7707199726133835
1,13305,4.255459859,0.19882872744526803,4.056631131554732
1,13306,-0.282270701,0.14732864859621547,-0.4295993495962155
1,13307,1.80070351,0.18235724341947182,1.6183462665805282
1,13308,2.418528123,0.17837670647812334,2.240151416521877
1,13309,2.797487997,0.12677608288505135,2.670711914114949
1,13310,1.618518469,0.161081035630069,1.4574374333699311
1,13311,0.424959148,0.1571004986887205,0.2678586493112795
1,13312,-0.282270701,-0.024279755069709374,-0.25799094593029065
1,13313,-0.282270701,0.01768083653660975,-0.29995153753660975
1,13314,-0.7304851,0.013700299595261253,-0.7441853995952612
1,13315,0.424959148,0.16825903826085273,0.25670010973914725
1,13316,0.714513786,0.2053077369289981,0.509206049071002
1,13317,0.096689173,0.20132719998764956,-0.10463802698764955
1,13318,1.207837213,0.09200049912787175,1.1158367138721281
1,13319,0.714513786,0.13829713656426526,0.5762166494357348
1,13320,1.207837213,0.1343165996229168,1.0735206133770832
1,13321,-0.282270701,0.06745326303298194,-0.34972396403298195
1,13322,0.424959148,0.11111949303710167,0.31383965496289834
1,13323,-0.282270701,0.10713895609575319,-0.3894096570957532
1,13324,-0.282270701,-0.04734929235335498,-0.23492140864664504
1,13325,0.424959148,5.208091921235836e-05,0.4249070670807876
1,13326,0.973529237,-0.003928456022136136,0.9774576930221361
1,13327,-0.282270701,0.16825903826085273,-0.4505297392608527
1,13328,1.80070351,0.2053077369289981,1.5953957730710018
1,13329,0.096689173,0.20132719998764956,-0.10463802698764955
1,13330,-0.282270701,0.09200049912787175,-0.37427120012787174
1,13331,-0.282270701,0.13829713656426526,-0.4205678375642653
1,13332,1.80070351,0.1343165996229168,1.6663869103770832
1,13333,-0.7304851,0.06745326303298194,-0.7979383630329819
1,13334,1.207837213,0.11111949303710167,1.0967177199628981
1,13335,0.096689173,0.10713895609575319,-0.010449783095753187
1,13336,0.714513786,-0.04734929235335498,0.761863078353355
1,13337,1.421743635,5.208091921235836e-05,1.4216915540807875
1,13338,0.424959148,-0.003928456022136136,0.42888760402213616
1,13339,0.096689173,0.16825903826085273,-0.07156986526085272
1,13340,0.096689173,0.2053077369289981,-0.10861856392899809
1,13341,0.714513786,0.20132719998764956,0.5131865860123505
1,13342,2.418528123,0.10134746798253844,2.3171806550174616
1,13343,-0.7304851,0.14764410541893194,-0.8781292054189319
1,13344,0.424959148,0.14366356847758346,0.2812955795224166
1,13345,1.618518469,0.06745326303298194,1.551065205967018
1,13346,-0.282270701,0.11111949303710167,-0.3933901940371017
1,13347,-0.282270701,0.10713895609575319,-0.3894096570957532
1,13348,1.618518469,-0.04734929235335498,1.665867761353355
1,13349,2.128973484,5.208091921235836e-05,2.1289214030807875
1,13350,-0.7304851,-0.003928456022136136,-0.7265566439778639
1,13351,-0.282270701,0.16825903826085273,-0.4505297392608527
1,13352,-0.7304851,0.2053077369289981,-0.9357928369289981
1,13353,-0.7304851,0.20132719998764956,-0.9318122999876496
1,13354,0.714513786,0.11104348196186282,0.6034703040381372
1,13355,0.424959148,0.15734011939825626,0.26761902860174375
1,13356,0.973529237,0.1533595824569078,0.8201696545430922
1,13357,0.096689173,0.0625888443267376,0.0341003286732624
1,13358,-0.282270701,0.1062550743308574,-0.3885257753308574
1,13359,0.973529237,0.10227453738950891,0.8712546996104912
1,13360,-0.7304851,-0.05221371105959926,-0.6782713889404007
1,13361,-0.282270701,-0.004812337787031946,-0.2774583632129681
1,13362,-1.279055189,-0.008792874728380431,-1.2702623142716194
1,13363,-1.279055189,0.16339461955460846,-1.4424498085546085
1,13364,0.096689173,0.20044331822275382,-0.10375414522275382
1,13365,0.714513786,0.19646278128140526,0.5180510047185948
1,13366,-0.282270701,0.14732864859621547,-0.4295993495962155
1,13367,0.973529237,0.18235724341947182,0.7911719935805283
1,13368,0.973529237,0.17837670647812334,0.7951525305218767
1,13369,-0.282270701,0.12677608288505135,-0.40904678388505133
1,13370,1.970313724,0.161081035630069,1.809232688369931
1,13371,0.973529237,0.1571004986887205,0.8164287383112796
1,13372,0.096689173,-0.024279755069709374,0.12096892806970938
1,13373,0.424959148,0.01768083653660975,0.4072783114633903
1,13374,0.714513786,0.013700299595261253,0.7008134864047388
1,13375,-0.282270701,0.1980612297542183,-0.4803319307542183
1,13376,-1.279055189,0.22425088329598747,-1.5033060722959875
1,13377,-1.279055189,0.2202703463546389,-1.4993255353546389
1,13378,-0.282270701,0.12535878814719564,-0.40762948914719566
1,13379,-0.282270701,0.16079638045721265,-0.44306708145721263
1,13380,-0.282270701,0.15681584351586417,-0.43908654451586415
1,13381,0.714513786,0.0038650006441880605,0.710648785355812
1,13382,-0.282270701,0.04106507447425022,-0.32333577547425024
1,13383,-1.986285038,0.0370845375329017,-2.0233695755329015
1,13384,-0.7304851,-0.03189904398523092,-0.6985860560147691
1,13385,-0.282270701,0.010056383491411287,-0.2923270844914113
1,13386,-0.282270701,0.006075846550062798,-0.28834654755006284
1,13387,0.714513786,0.1980612297542183,0.5164525562457818
1,13388,-1.986285038,0.22425088329598747,-2.210535921295987
1,13389,-0.282270701,0.2202703463546389,-0.5025410473546389
1,13390,-0.7304851,0.12535878814719564,-0.8558438881471957
1,13391,-0.7304851,0.16079638045721265,-0.8912814804572127
1,13392,-1.986285038,0.15681584351586417,-2.143100881515864
1,13393,-0.282270701,0.0038650006441880605,-0.28613570164418806
1,13394,0.096689173,0.04106507447425022,0.05562409852574978
1,13395,0.973529237,0.0370845375329017,0.9364446994670983
1,13396,0.424959148,-0.03189904398523092,0.4568581919852309
1,13397,-0.282270701,0.010056383491411287,-0.2923270844914113
1,13398,-0.282270701,0.006075846550062798,-0.28834654755006284
1,13399,0.424959148,0.1980612297542183,0.2268979182457817
1,13400,-0.282270701,0.22425088329598747,-0.5065215842959875
1,13401,-1.279055189,0.2202703463546389,-1.4993255353546389
1,13402,0.714513786,0.1309651849879734,0.5835486010120267
1,13403,0.973529237,0.1664027772979904,0.8071264597020096
1,13404,0.424959148,0.16242224035664196,0.262536907643358
1,13405,0.714513786,0.0038650006441880605,0.710648785355812
1,13406,-0.7304851,0.04106507447425022,-0.7715501744742502
1,13407,0.973529237,0.0370845375329017,0.9364446994670983
1,13408,-0.7304851,-0.03189904398523092,-0.6985860560147691
1,13409,0.096689173,0.010056383491411287,0.08663278950858871
1,13410,0.424959148,0.006075846550062798,0.4188833014499372
1,13411,0.096689173,0.1980612297542183,-0.1013720567542183
1,13412,-0.282270701,0.22425088329598747,-0.5065215842959875
1,13413,-0.7304851,0.2202703463546389,-0.9507554463546389
1,13414,0.973529237,0.14139162771123712,0.8321376092887629
1,13415,-0.7304851,0.17682922002125415,-0.9073143200212541
1,13416,0.714513786,0.17284868307990564,0.5416651029200944
1,13417,0.096689173,-0.0009994180620562427,0.09768859106205624
1,13418,0.424959148,0.03620065576800591,0.3887584922319941
1,13419,0.096689173,0.0322201188266574,0.0644690541733426
1,13420,-0.7304851,-0.03676346269147522,-0.6937216373085248
1,13421,0.424959148,0.005191964785166975,0.41976718321483303
1,13422,0.973529237,0.0012114278438184877,0.9723178091561816
1,13423,-2.983069526,0.19319681104797404,-3.176266337047974
1,13424,0.714513786,0.21938646458974315,0.4951273214102569
1,13425,-0.7304851,0.21540592764839459,-0.9458910276483946
1,13426,0.714513786,0.1844292280430969,0.5300845579569031
1,13427,-0.282270701,0.20607239297997698,-0.488343093979977
1,13428,0.096689173,0.2020918560386285,-0.1054026830386285
1,13429,0.714513786,0.06408909284715489,0.6504246931528451
1,13430,-0.282270701,0.089279057179089,-0.37154975817908903
1,13431,0.424959148,0.08529852023774051,0.33966062776225947
1,13432,0.096689173,0.0006871301088527715,0.09600204289114724
1,13433,-0.7304851,0.03834352120705956,-0.7688286212070595
1,13434,0.714513786,0.03436298426571108,0.680150801734289
1,13435,0.096689173,0.1706249844247155,-0.07393581142471549
1,13436,-0.7304851,0.20767368309286083,-0.9381587830928608
1,13437,0.424959148,0.2036931461515123,0.22126600184848771
1,13438,-0.7304851,0.09200049912787175,-0.8224855991278718
1,13439,0.424959148,0.13829713656426526,0.2866620114357348
1,13440,1.618518469,0.1343165996229168,1.4842018693770833
1,13441,0.096689173,0.06745326303298194,0.029235909967018067
1,13442,-0.7304851,0.11111949303710167,-0.8416045930371017
1,13443,-0.7304851,0.10713895609575319,-0.8376240560957532
1,13444,0.424959148,-0.04734929235335498,0.472308440353355
1,13445,-0.282270701,5.208091921235836e-05,-0.2823227819192124
1,13446,-0.282270701,-0.003928456022136136,-0.27834224497786386
1,13447,0.714513786,0.1706249844247155,0.5438888015752845
1,13448,-0.282270701,0.20767368309286083,-0.48994438409286084
1,13449,-0.282270701,0.2036931461515123,-0.4859638471515123
1,13450,-1.279055189,0.09200049912787175,-1.3710556881278717
1,13451,-0.282270701,0.13829713656426526,-0.4205678375642653
1,13452,-0.7304851,0.1343165996229168,-0.8648016996229169
1,13453,-0.7304851,0.06745326303298194,-0.7979383630329819
1,13454,0.424959148,0.11111949303710167,0.31383965496289834
1,13455,-0.282270701,0.10713895609575319,-0.3894096570957532
1,13456,-0.7304851,-0.04734929235335498,-0.683135807646645
1,13457,0.424959148,5.208091921235836e-05,0.4249070670807876
1,13458,-0.282270701,-0.003928456022136136,-0.27834224497786386
1,13459,-0.282270701,0.1706249844247155,-0.4528956854247155
1,13460,0.424959148,0.20767368309286083,0.21728546490713918
1,13461,-0.282270701,0.2036931461515123,-0.4859638471515123
1,13462,0.973529237,0.10134746798253844,0.8721817690174616
1,13463,0.096689173,0.14764410541893194,-0.05095493241893194
1,13464,0.714513786,0.14366356847758346,0.5708502175224166
1,13465,-0.282270701,0.06745326303298194,-0.34972396403298195
1,13466,0.424959148,0.11111949303710167,0.31383965496289834
1,13467,1.207837213,0.10713895609575319,1.1006982569042467
1,13468,-0.282270701,-0.04734929235335498,-0.23492140864664504
1,13469,0.714513786,5.208091921235836e-05,0.7144617050807877
1,13470,-1.279055189,-0.003928456022136136,-1.2751267329778637
1,13471,1.207837213,0.1706249844247155,1.0372122285752845
1,13472,0.096689173,0.20767368309286083,-0.11098451009286082
1,13473,-1.279055189,0.2036931461515123,-1.4827483351515123
1,13474,-0.282270701,0.11104348196186282,-0.3933141829618628
1,13475,0.096689173,0.15734011939825626,-0.06065094639825626
1,13476,0.714513786,0.1533595824569078,0.5611542035430922
1,13477,-0.7304851,0.0625888443267376,-0.7930739443267376
1,13478,1.618518469,0.1062550743308574,1.5122633946691426
1,13479,0.973529237,0.10227453738950891,0.8712546996104912
1,13480,1.80070351,-0.05221371105959926,1.8529172210595992
1,13481,-1.279055189,-0.004812337787031946,-1.274242851212968
1,13482,-0.282270701,-0.008792874728380431,-0.2734778262716196
1,13483,-0.7304851,0.1657605657184712,-0.8962456657184712
1,13484,1.618518469,0.20280926438661656,1.4157092046133835
1,13485,2.128973484,0.19882872744526803,1.9301447565547318
1,13486,0.096689173,0.14732864859621547,-0.05063947559621547
1,13487,4.829772309,0.18235724341947182,4.647415065580528
1,13488,-0.282270701,0.17837670647812334,-0.4606474074781234
1,13489,-0.7304851,0.12677608288505135,-0.8572611828850514
1,13490,0.096689173,0.161081035630069,-0.064391862630069
1,13491,0.424959148,0.1571004986887205,0.2678586493112795
1,13492,0.424959148,-0.024279755069709374,0.44923890306970937
1,13493,-0.282270701,0.01768083653660975,-0.29995153753660975
1,13494,0.424959148,0.013700299595261253,0.41125884840473875
1,13495,0.096689173,0.16825903826085273,-0.07156986526085272
1,13496,0.714513786,0.2053077369289981,0.509206049071002
1,13497,0.424959148,0.20132719998764956,0.22363194801235045
1,13498,-0.7304851,0.09200049912787175,-0.8224855991278718
1,13499,-0.282270701,0.13829713656426526,-0.4205678375642653
1,13500,0.714513786,0.1343165996229168,0.5801971863770832
1,13501,-0.7304851,0.06745326303298194,-0.7979383630329819
1,13502,-0.7304851,0.11111949303710167,-0.8416045930371017
1,13503,0.714513786,0.10713895609575319,0.6073748299042468
1,13504,-0.282270701,-0.04734929235335498,-0.23492140864664504
1,13505,0.096689173,5.208091921235836e-05,0.09663709208078765
1,13506,-1.279055189,-0.003928456022136136,-1.2751267329778637
1,13507,-0.7304851,0.16825903826085273,-0.8987441382608528
1,13508,-0.282270701,0.2053077369289981,-0.48757843792899813
1,13509,0.424959148,0.20132719998764956,0.22363194801235045
1,13510,0.096689173,0.09200049912787175,0.004688673872128249
1,13511,-0.282270701,0.13829713656426526,-0.4205678375642653
1,13512,0.424959148,0.1343165996229168,0.2906425483770832
1,13513,0.424959148,0.06745326303298194,0.3575058849670181
1,13514,-0.7304851,0.11111949303710167,-0.8416045930371017
1,13515,-0.7304851,0.10713895609575319,-0.8376240560957532
1,13516,-0.282270701,-0.04734929235335498,-0.23492140864664504
1,13517,-0.7304851,5.208091921235836e-05,-0.7305371809192124
1,13518,0.096689173,-0.003928456022136136,0.10061762902213614
1,13519,-0.282270701,0.16825903826085273,-0.4505297392608527
1,13520,1.207837213,0.2053077369289981,1.0025294760710017
1,13521,0.714513786,0.20132719998764956,0.5131865860123505
1,13522,-0.7304851,0.10134746798253844,-0.8318325679825385
1,13523,1.207837213,0.14764410541893194,1.060193107581068
1,13524,-0.7304851,0.14366356847758346,-0.8741486684775834
1,13525,-0.282270701,0.06745326303298194,-0.34972396403298195
1,13526,1.618518469,0.11111949303710167,1.5073989759628983
1,13527,0.714513786,0.10713895609575319,0.6073748299042468
1,13528,0.424959148,-0.04734929235335498,0.472308440353355
1,13529,0.424959148,5.208091921235836e-05,0.4249070670807876
1,13530,0.424959148,-0.003928456022136136,0.42888760402213616
1,13531,0.973529237,0.16825903826085273,0.8052701987391473
1,13532,-0.282270701,0.2053077369289981,-0.48757843792899813
1,13533,0.424959148,0.20132719998764956,0.22363194801235045
1,13534,-1.279055189,0.11104348196186282,-1.3900986709618628
1,13535,0.973529237,0.15734011939825626,0.8161891176017437
1,13536,-0.282270701,0.1533595824569078,-0.4356302834569078
1,13537,-0.7304851,0.0625888443267376,-0.7930739443267376
1,13538,-1.279055189,0.1062550743308574,-1.3853102633308574
1,13539,-1.279055189,0.10227453738950891,-1.3813297263895088
1,13540,-0.282270701,-0.05221371105959926,-0.23005698994040075
1,13541,0.096689173,-0.004812337787031946,0.10150151078703196
1,13542,0.096689173,-0.008792874728380431,0.10548204772838043
1,13543,0.714513786,0.16339461955460846,0.5511191664453916
1,13544,-0.7304851,0.20044331822275382,-0.9309284182227539
1,13545,0.096689173,0.19646278128140526,-0.09977360828140526
1,13546,0.096689173,0.14732864859621547,-0.05063947559621547
1,13547,-0.7304851,0.18235724341947182,-0.9128423434194718
1,13548,-0.282270701,0.17837670647812334,-0.4606474074781234
1,13549,0.096689173,0.12677608288505135,-0.030086909885051347
1,13550,0.096689173,0.161081035630069,-0.064391862630069
1,13551,0.973529237,0.1571004986887205,0.8164287383112796
1,13552,-2.983069526,-0.024279755069709374,-2.9587897709302906
1,13553,-0.7304851,0.01768083653660975,-0.7481659365366098
1,13554,-0.282270701,0.013700299595261253,-0.29597100059526127
1,13555,-0.282270701,0.1980612297542183,-0.4803319307542183
1,13556,-0.7304851,0.22425088329598747,-0.9547359832959874
1,13557,0.096689173,0.2202703463546389,-0.1235811733546389
1,13558,0.714513786,0.12535878814719564,0.5891549978528043
1,13559,-0.282270701,0.16079638045721265,-0.44306708145721263
1,13560,0.714513786,0.15681584351586417,0.5576979424841358
1,13561,-0.282270701,0.0038650006441880605,-0.28613570164418806
1,13562,-0.7304851,0.04106507447425022,-0.7715501744742502
1,13563,0.424959148,0.0370845375329017,0.3878746104670983
1,13564,-0.7304851,-0.03189904398523092,-0.6985860560147691
1,13565,-0.282270701,0.010056383491411287,-0.2923270844914113
1,13566,-0.282270701,0.006075846550062798,-0.28834654755006284
1,13567,0.424959148,0.1980612297542183,0.2268979182457817
1,13568,-0.7304851,0.22425088329598747,-0.9547359832959874
1,13569,0.096689173,0.2202703463546389,-0.1235811733546389
1,13570,-0.7304851,0.12535878814719564,-0.8558438881471957
1,13571,0.424959148,0.16079638045721265,0.26416276754278734
1,13572,0.714513786,0.15681584351586417,0.5576979424841358
1,13573,-0.7304851,0.0038650006441880605,-0.734350100644188
1,13574,-0.282270701,0.04106507447425022,-0.32333577547425024
1,13575,0.714513786,0.0370845375329017,0.6774292484670983
1,13576,-0.282270701,-0.03189904398523092,-0.2503716570147691
1,13577,-0.282270701,0.010056383491411287,-0.2923270844914113
1,13578,0.714513786,0.006075846550062798,0.7084379394499373
1,13579,0.096689173,0.1980612297542183,-0.1013720567542183
1,13580,0.973529237,0.22425088329598747,0.7492783537040126
1,13581,0.424959148,0.2202703463546389,0.2046888016453611
1,13582,-0.7304851,0.1309651849879734,-0.8614502849879734
1,13583,0.424959148,0.1664027772979904,0.2585563707020096
1,13584,0.973529237,0.16242224035664196,0.8111069966433581
1,13585,-0.7304851,0.0038650006441880605,-0.734350100644188
1,13586,-1.986285038,0.04106507447425022,-2.02735011247425
1,13587,0.096689173,0.0370845375329017,0.0596046354670983
1,13588,0.096689173,-0.03189904398523092,0.12858821698523093
1,13589,1.207837213,0.010056383491411287,1.1977808295085886
1,13590,-1.279055189,0.006075846550062798,-1.2851310355500627
1,13591,0.973529237,0.1980612297542183,0.7754680072457818
1,13592,-0.7304851,0.22425088329598747,-0.9547359832959874
1,13593,-0.7304851,0.2202703463546389,-0.9507554463546389
1,13594,-1.279055189,0.14139162771123712,-1.420446816711237
1,13595,-0.282270701,0.17682922002125415,-0.4590999210212542
1,13596,-1.279055189,0.17284868307990564,-1.4519038720799056
1,13597,0.096689173,-0.0009994180620562427,0.09768859106205624
1,13598,1.207837213,0.03620065576800591,1.171636557231994
1,13599,0.096689173,0.0322201188266574,0.0644690541733426
1,13600,-1.986285038,-0.03676346269147522,-1.9495215753085247
1,13601,-1.279055189,0.005191964785166975,-1.284247153785167
1,13602,1.207837213,0.0012114278438184877,1.2066257851561815
1,13603,-0.7304851,0.19319681104797404,-0.923681911047974
1,13604,0.973529237,0.21938646458974315,0.754142772410257
1,13605,-1.279055189,0.21540592764839459,-1.4944611166483945
1,13606,-0.282270701,0.1844292280430969,-0.4666999290430969
1,13607,0.424959148,0.20607239297997698,0.21888675502002303
1,13608,0.096689173,0.2020918560386285,-0.1054026830386285
1,13609,0.714513786,0.06408909284715489,0.6504246931528451
1,13610,-1.279055189,0.089279057179089,-1.3683342461790888
1,13611,0.096689173,0.08529852023774051,0.011390652762259493
1,13612,-0.282270701,0.0006871301088527715,-0.2829578311088528
1,13613,0.096689173,0.03834352120705956,0.05834565179294044
1,13614,-0.282270701,0.03436298426571108,-0.3166336852657111
1,13615,-1.658618188,0.08928319509008546,-1.7479013830900854
1,13617,-0.622747493,0.3898505704415522,-1.0125980634415521
1,13618,-1.033526303,0.07369970827173183,-1.1072260112717318
1,13619,-1.589414499,0.07911846338938337,-1.6685329623893834
1,13620,-1.552997289,-0.04082284456051443,-1.5121744444394856
1,13621,-1.548370162,-0.07545177603490587,-1.4729183859650943
1,13622,-0.315211163,0.22259672302499145,-0.5378078860249915
1,13625,-0.845687376,0.16990622887194065,-1.0155936048719407
1,13626,-0.173956169,0.16990622887194065,-0.3438623978719406
1,13627,0.327193474,0.030542040947081586,0.2966514330529184
1,13628,0.679726626,-0.050478049353077266,0.7302046753530773
1,13629,-0.315211163,0.08928319509008546,-0.4044943580900855
1,13632,-1.452518589,0.08928319509008546,-1.5418017840900855
1,13633,-1.777997144,0.09470195020773695,-1.8726990942077368
1,13634,-1.69300475,0.01217899531598671,-1.7051837453159868
1,13635,-1.759187149,-8.115977892620937e-05,-1.7591059892210736
1,13636,1.837219089,0.1689088998982088,1.668310189101791
1,13637,0.677686822,0.242923400785856,0.43476342121414396
1,13638,1.872648298,0.14695580023087473,1.7256924977691255
1,13644,-0.373935524,0.3088029290724961,-0.6827384530724961
1,13654,-0.203655088,0.2054219102443539,-0.40907699824435395
1,13664,1.152050756,0.6160184285052722,0.5360323274947277
1,13666,1.400388659,0.11418671107847243,1.2862019479215276
1,13667,1.186411392,0.20024245095176568,0.9861689410482342
1,13668,1.426495367,0.12014829571358313,1.306347071286417
1,13669,0.808909354,0.05903586542667422,0.7498734885733258
1,13671,0.393954612,0.07564721704964622,0.31830739495035376
1,13672,0.823419413,0.07909296768482371,0.7443264453151763
1,13673,-1.283224008,0.003773959215995739,-1.2869979672159957
1,13674,0.373684268,0.2404490054724569,0.13323526252754309
1,13675,0.327193474,0.03643990323179885,0.29075357076820113
1,13676,1.289671455,0.11684165941888909,1.172829795581111
1,13677,0.659000944,0.20024245095176568,0.4587584930482343
1,13678,1.402165863,0.08520042949142026,1.3169654335085799
1,13679,-0.07713981,0.06179967220390907,-0.13893948220390906
1,13681,-0.269035956,0.0784110238268811,-0.3474469798268811
1,13682,0.48309125,0.07909296768482371,0.4039982823151763
1,13683,-0.985868318,0.00919271433364725,-0.9950610323336472
1,13684,0.28474292,0.2404490054724569,0.04429391452754311
1,13685,1.049120103,0.04185865834945035,1.0072614446505495
1,13686,-0.854056057,-0.01885160225214908,-0.8352044547478509
1,13687,-0.618977138,0.056195890009034966,-0.6751730280090349
1,13688,-0.073434009,-0.026188234174009745,-0.04724577482599025
1,13689,-0.678257948,-0.07757525183505494,-0.6006826961649451
1,13691,-0.575534012,-0.025844297232993405,-0.5496897147670066
1,13692,-0.195404556,-0.06557689697103104,-0.12982765902896898
1,13693,-0.775317929,-0.14391974790670542,-0.6313981810932945
1,13694,0.225832353,0.24586776059010848,-0.020035407590108467
1,13695,0.447840186,-0.11550283528213913,0.5633430212821391
1,13696,-0.785223302,-0.0767744770650751,-0.7084488249349249
1,13697,-0.120334354,-0.00859003038868875,-0.11174432361131126
1,13698,-0.466084483,-0.096854475095881,-0.369230007904119
1,13701,-0.871161757,-0.11241874757591108,-0.7587430094240889
1,13704,0.179792575,0.19193198499950712,-0.012139409999507106
1,13706,2.124328357,-0.14022325250240503,2.264551609502405
1,13707,0.768411598,-0.13998270589283635,0.9083943038928364
1,13708,0.30830825,-0.1269576617485672,0.4352659117485672
1,13709,-0.338777885,-0.1372819478314515,-0.2014959371685485
1,13710,-0.269517802,-0.13538606616100193,-0.13413173583899804
1,13711,-0.615137926,-0.25539208769197314,-0.3597458383080268
1,13712,1.136060186,-0.14022325250240503,1.2762834385024049
1,13713,0.834918123,-0.13998270589283635,0.9749008288928364
1,13714,0.543040973,-0.1269576617485672,0.6699986347485671
1,13715,-0.366313465,-0.1372819478314515,-0.2290315171685485
1,13716,-0.535705876,-0.13538606616100193,-0.40031980983899806
1,13717,-0.852365048,-0.25539208769197314,-0.5969729603080269
1,13718,1.107617552,-0.14022325250240503,1.247840804502405
1,13719,0.238886193,-0.13998270589283635,0.37886889889283637
1,13720,-0.053995196,-0.1269576617485672,0.07296246574856721
1,13721,-0.576134586,-0.1372819478314515,-0.43885263816854847
1,13722,-0.667811871,-0.13538606616100193,-0.532425804838998
1,13723,-0.831599981,-0.25539208769197314,-0.5762078933080268
1,13724,-0.501075834,-0.14022325250240503,-0.36085258149759497
1,13725,-0.761432844,-0.13998270589283635,-0.6214501381071637
1,13726,-0.832571825,-0.1269576617485672,-0.7056141632514328
1,13727,-0.829397135,-0.1372819478314515,-0.6921151871685485
1,13728,-0.852203074,-0.13538606616100193,-0.716817007838998
1,13729,-0.846413392,-0.25539208769197314,-0.5910213043080268
1,13730,2.554077778,-0.14022325250240503,2.694301030502405
1,13731,2.423623917,-0.13998270589283635,2.5636066228928365
1,13732,1.74433735,-0.1269576617485672,1.8712950117485672
1,13733,1.50030732,-0.1372819478314515,1.6375892678314516
1,13734,1.255758973,-0.13538606616100193,1.391145039161002
1,13735,0.833104014,-0.25539208769197314,1.0884961016919732
1,13736,0.318123875,-0.14022325250240503,0.458347127502405
1,13737,-0.398611081,-0.13998270589283635,-0.25862837510716363
1,13738,-0.454524506,-0.1269576617485672,-0.3275668442514328
1,13739,-0.607265989,-0.1372819478314515,-0.4699840411685484
1,13740,-0.645880591,-0.13538606616100193,-0.510494524838998
1,13741,-0.789843084,-0.25539208769197314,-0.5344509963080268
1,13742,1.968703737,-0.14022325250240503,2.108926989502405
1,13743,0.232018496,-0.13998270589283635,0.37200120189283636
1,13744,-0.271688254,-0.1269576617485672,-0.1447305922514328
1,13745,-0.690099494,-0.1372819478314515,-0.5528175461685485
1,13746,-0.743097387,-0.13538606616100193,-0.6077113208389981
1,13747,-0.822626621,-0.25539208769197314,-0.5672345333080269
1,13748,-0.497641985,-0.14022325250240503,-0.357418732497595
1,13749,-0.786020497,-0.13998270589283635,-0.6460377911071636
1,13750,-0.862407436,-0.1269576617485672,-0.7354497742514328
1,13751,-0.864383519,-0.1372819478314515,-0.7271015711685485
1,13752,-0.86175954,-0.13538606616100193,-0.7263734738389981
1,13753,-0.865322968,-0.25539208769197314,-0.6099308803080268
1,13754,1.609355016,-0.14022325250240503,1.749578268502405
1,13755,1.069339062,-0.13998270589283635,1.2093217678928365
1,13756,1.149920778,-0.1269576617485672,1.2768784397485673
1,13757,0.17546823,-0.1372819478314515,0.31275017783145154
1,13758,0.766998165,-0.13538606616100193,0.9023842311610019
1,13759,-1.035808908,-0.25539208769197314,-0.7804168203080268
1,13760,0.89286723,-0.14022325250240503,1.033090482502405
1,13761,0.664608054,-0.13998270589283635,0.8045907598928363
1,13762,0.521395543,-0.1269576617485672,0.6483532047485672
1,13763,-0.410503297,-0.1372819478314515,-0.27322134916854846
1,13764,-0.693647947,-0.13538606616100193,-0.5582618808389981
1,13765,-1.076935045,-0.25539208769197314,-0.8215429573080268
1,13766,0.952308775,-0.14022325250240503,1.092532027502405
1,13767,0.215804649,-0.13998270589283635,0.3557873548928363
1,13768,0.184884111,-0.1269576617485672,0.31184177274856717
1,13769,-0.532302272,-0.1372819478314515,-0.3950203241685485
1,13770,-0.927617399,-0.13538606616100193,-0.792231332838998
1,13771,-1.078362614,-0.25539208769197314,-0.8229705263080269
1,13772,-0.578014855,-0.14022325250240503,-0.437791602497595
1,13773,-0.887797335,-0.13998270589283635,-0.7478146291071637
1,13774,-1.017189762,-0.1269576617485672,-0.8902321002514328
1,13775,-1.063509822,-0.1372819478314515,-0.9262278741685486
1,13776,-1.0774514,-0.13538606616100193,-0.942065333838998
1,13777,-1.066243464,-0.25539208769197314,-0.810851376308027
1,13778,1.177348327,-0.14022325250240503,1.317571579502405
1,13779,1.85577773,-0.13998270589283635,1.9957604358928362
1,13780,1.979459881,-0.1269576617485672,2.106417542748567
1,13781,1.312633274,-0.1372819478314515,1.4499152218314515
1,13782,1.477289693,-0.13538606616100193,1.612675759161002
1,13783,0.273089653,-0.25539208769197314,0.5284817406919731
1,13784,1.343310821,-0.14022325250240503,1.483534073502405
1,13785,0.388692371,-0.13998270589283635,0.5286750768928363
1,13786,0.504811444,-0.1269576617485672,0.6317691057485673
1,13787,0.633657142,-0.1372819478314515,0.7709390898314515
1,13788,-0.400662183,-0.13538606616100193,-0.2652761168389981
1,13789,-0.845274002,-0.25539208769197314,-0.5898819143080269
1,13790,1.632621354,-0.14022325250240503,1.772844606502405
1,13791,0.645077695,-0.13998270589283635,0.7850604008928364
1,13792,0.045468327,-0.1269576617485672,0.1724259887485672
1,13793,-0.738145577,-0.1372819478314515,-0.6008636291685485
1,13794,-0.929287959,-0.13538606616100193,-0.7939018928389981
1,13795,-1.052848615,-0.25539208769197314,-0.797456527308027
1,13796,-0.705341863,-0.14022325250240503,-0.5651186104975949
1,13797,-1.024509851,-0.13998270589283635,-0.8845271451071636
1,13798,-1.077724764,-0.1269576617485672,-0.9507671022514328
1,13799,-1.076965419,-0.1372819478314515,-0.9396834711685484
1,13800,-1.086988776,-0.13538606616100193,-0.9516027098389982
1,13801,-1.089054195,-0.25539208769197314,-0.8336621073080268
1,13802,-0.894834808,-0.35484561523203384,-0.5399891927679662
1,13804,-0.894834808,-0.1607082561646224,-0.7341265518353777
1,13805,-0.894834808,-0.30430026047385184,-0.5905345475261482
1,13807,-0.894834808,-0.22507994440451445,-0.6697548635954855
1,13808,-0.894834808,-0.14059135468339104,-0.754243453316609
1,13809,-0.894834808,-0.07578993663359856,-0.8190448713664015
1,13810,0.477611216,-0.05293113647726899,0.530542352477269
1,13811,0.477611216,-0.24861833704949296,0.726229553049493
1,13812,-0.894834808,-0.1161936520345089,-0.7786411559654911
1,13816,0.477611216,0.10508961028468217,0.37252160571531784
1,13817,0.477611216,0.05883674906545219,0.4187744669345478
1,13818,0.477611216,0.05519668382103047,0.4224145321789695
1,13820,-0.894834808,0.1658146472210611,-1.060649455221061
1,13821,0.477611216,0.26806161328145517,0.20954960271854484
1,13822,-0.894834808,-0.486941503424342,-0.40789330457565803
1,13823,-0.894834808,-0.48929455069072036,-0.4055402573092797
1,13824,-0.894834808,-0.4976396587639954,-0.39719514923600463
1,13825,-0.894834808,-0.47041533482704134,-0.4244194731729587
1,13826,0.477611216,-0.4644699637512082,0.9420811797512082
1,13827,0.477611216,-0.5118729740864955,0.9894841900864955
1,13828,0.477611216,-0.5293850278025917,1.0069962438025917
1,13829,-0.894834808,-0.5529726270040797,-0.34186218099592036
1,13830,-0.894834808,-0.53133286908979,-0.36350193891021
1,13831,-0.894834808,-0.5104564035771927,-0.38437840442280735
1,13833,-0.894834808,-0.6629739464247361,-0.23186086157526398
1,13834,-0.894834808,-0.5293183851981027,-0.36551642280189733
1,13835,-0.894834808,-0.5219884595856861,-0.37284634841431397
1,13840,-0.894834808,-0.5365791014051781,-0.358255706594822
1,13841,-0.894834808,-0.5272640436907609,-0.3675707643092392
1,13848,-0.894834808,-0.5955558924995629,-0.29927891550043717
1,13850,0.477611216,-0.5274124835585131,1.0050236995585131
1,13851,0.477611216,-0.4815339113525059,0.9591451273525059
1,13862,0.477611216,-0.03125129975599473,0.5088625157559947
1,13867,1.85005724,0.21632581912399768,1.6337314208760023
1,13870,-0.894834808,0.21324839582083893,-1.108083203820839
1,13875,0.477611216,-0.498111301544477,0.975722517544477
1,13877,0.477611216,-0.5525559144159914,1.0301671304159914
1,13902,0.477611216,0.12495003517496836,0.3526611808250316
1,13903,0.477611216,0.17559304130670733,0.3020181746932927
1,13904,0.477611216,0.19033371689754536,0.28727749910245465
1,13905,1.85005724,0.06891977331700226,1.7811374666829978
1,13906,-0.894834808,0.11809821808255494,-1.012933026082555
1,13907,0.477611216,0.05622681342766103,0.421384402572339
1,13908,-0.894834808,-0.052141404013160864,-0.8426934039868392
1,13909,-0.894834808,0.07358608380456615,-0.9684208918045661
1,13910,0.477611216,-0.03314207473366928,0.5107532907336693
1,13911,0.477611216,0.12026933838170921,0.3573418776182908
1,13912,0.477611216,0.032652415290142754,0.44495880070985727
1,13913,0.477611216,0.06883320841531221,0.4087780075846878
1,13914,0.477611216,0.2734314765831246,0.2041797394168754
1,13916,0.477611216,0.29790011622056606,0.17971109977943395
1,13917,1.85005724,0.3123063332201458,1.5377509067798543
1,13918,0.477611216,0.31723289132373444,0.16037832467626556
1,13919,-0.894834808,0.18802929035232147,-1.0828640983523214
1,13920,-0.894834808,0.3166293326005031,-1.2114641406005031
1,13921,1.85005724,0.4025768543139444,1.4474803856860556
1,13922,0.477611216,-0.39655078908077634,0.8741620050807763
1,13923,-0.894834808,-0.3864901586646896,-0.5083446493353104
1,13924,-0.894834808,-0.3886001309396466,-0.5062346770603534
1,13925,-0.894834808,-0.348333254197922,-0.5465015538020781
1,13926,-0.894834808,-0.3209559776032994,-0.5738788303967006
1,13927,0.477611216,-0.3842972882398652,0.8619085042398652
1,13928,-0.894834808,-0.3929220499885935,-0.5019127580114066
1,13929,-0.894834808,-0.4299896808355166,-0.46484512716448345
1,13930,-0.894834808,-0.3922459690075666,-0.5025888389924335
1,13931,-0.894834808,-0.38395353879534727,-0.5108812692046527
1,13932,-0.894834808,-0.5803738359413196,-0.3144609720586804
1,13933,-0.894834808,-0.5331659877588005,-0.3616688202411995
1,13934,-0.894834808,-0.367880051559379,-0.5269547564406211
1,13935,-0.894834808,-0.3980410520471964,-0.4967937559528036
1,13936,-0.894834808,-0.5709872106586511,-0.32384759734134894
1,13937,-0.894834808,-0.6004436738631556,-0.2943911341368445
1,13938,-0.894834808,-0.6049714638052907,-0.2898633441947094
1,13939,-0.894834808,-0.594094141857502,-0.30074066614249806
1,13940,-0.894834808,-0.3983211160299731,-0.4965136919700269
1,13941,-0.894834808,-0.4094803821179309,-0.4853544258820691
1,13943,-0.894834808,-0.5094772337498467,-0.3853575742501534
1,13944,-0.894834808,-0.5098526859124664,-0.3849821220875337
1,13945,-0.894834808,-0.5816808651414822,-0.31315394285851783
1,13946,-0.894834808,-0.5464325238771001,-0.3484022841229
1,13947,-0.894834808,-0.5548612107373401,-0.33997359726265997
1,13948,-0.894834808,-0.4473554484859317,-0.44747935951406836
1,13949,0.477611216,-0.5402084512688528,1.0178196672688529
1,13950,-0.894834808,-0.40884061073374384,-0.4859941972662562
1,13951,0.477611216,-0.340538481507255,0.8181496975072551
1,13952,-0.894834808,0.028030595050882977,-0.922865403050883
1,13955,-0.894834808,-0.07652955137340163,-0.8183052566265984
1,13957,0.477611216,-0.000820973679891262,0.47843218967989126
1,13958,-0.894834808,-0.15316588029577513,-0.7416689277042249
1,13959,-0.894834808,-0.006918454452879987,-0.8879163535471201
1,13960,0.477611216,-0.12651968759979063,0.6041309035997906
1,13961,-0.894834808,0.02550733854335378,-0.9203421465433538
1,13962,0.477611216,-0.09074205023286745,0.5683532662328674
1,13966,0.477611216,0.14557640746422215,0.3320348085357778
1,13967,1.85005724,0.17807819022394306,1.671979049776057
1,13968,0.477611216,0.1974935464763542,0.2801176695236458
1,13970,0.477611216,0.16470777478576332,0.3129034412142367
1,13971,0.477611216,0.2647081840859952,0.21290303191400478
1,13972,0.477611216,-0.5043172324253399,0.9819284484253399
1,13973,-0.894834808,-0.4805418072909679,-0.41429300070903213
1,13974,-0.894834808,-0.441276916575286,-0.45355789142471403
1,13975,-0.894834808,-0.4529225316613996,-0.4419122763386004
1,13976,-0.894834808,-0.4001552690026694,-0.49467953899733064
1,13977,0.477611216,-0.49927717220622353,0.9768883882062236
1,13978,-0.894834808,-0.4796769926006729,-0.4151578153993271
1,13979,-0.894834808,-0.5304159159317953,-0.36441889206820477
1,13980,-0.894834808,-0.4401249510530128,-0.45470985694698723
1,13981,-0.894834808,-0.49126342918663934,-0.4035713788133607
1,13983,-0.894834808,-0.6323488962391076,-0.2624859117608924
1,13984,-0.894834808,-0.4323415998234018,-0.4624932081765982
1,13985,-0.894834808,-0.48702713455444174,-0.4078076734455583
1,13990,-0.894834808,-0.47617921918365314,-0.4186555888163469
1,13991,-0.894834808,-0.5255526284612998,-0.36928217953870024
1,13998,-0.894834808,-0.5575233527260677,-0.33731145527393236
1,14000,-0.894834808,-0.5012157594389217,-0.3936190485610783
1,14001,0.477611216,-0.4221632635070866,0.8997744795070866
1,14005,0.477611216,-0.11323211969444574,0.5908433356944458
1,14007,1.85005724,0.06447389880588619,1.7855833411941138
1,14008,1.85005724,-0.101782536700079,1.951839776700079
1,14009,0.477611216,0.12004698541927553,0.3575642305807245
1,14010,1.85005724,-0.08105101155488649,1.9311082515548865
1,14011,0.477611216,0.0334097623691162,0.4442014536308838
1,14012,0.477611216,-0.006987607212517246,0.48459882321251724
1,14017,1.85005724,0.20141077687502226,1.6486464631249778
1,14018,1.85005724,0.1785305586874282,1.6715266813125718
1,14020,1.85005724,0.20394461524688065,1.6461126247531193
1,14021,1.85005724,0.21179473596798737,1.6382625040320127
1,14025,-0.894834808,-0.4157697849871547,-0.4790650230128453
1,14027,-0.894834808,-0.3965464527364733,-0.4982883552635267
1,14031,-0.894834808,-0.32025017843478004,-0.5745846295652199
1,14034,-0.894834808,-0.15686528059273197,-0.7379695274072681
1,14035,0.477611216,-0.2980678894793949,0.7756791054793949
1,14051,0.477611216,-0.25176351900864624,0.7293747350086462
1,14052,0.477611216,0.17516944171494772,0.30244177428505226
1,14053,-0.894834808,0.18430646766768524,-1.0791412756676853
1,14054,-0.894834808,0.19994386732794106,-1.0947786753279412
1,14055,-0.894834808,0.056310597517126006,-0.951145405517126
1,14056,-0.894834808,0.23924872418841536,-1.1340835321884155
1,14057,-0.894834808,0.10902140757161274,-1.0038562155716129
1,14058,-0.894834808,0.011706614328534025,-0.9065414223285341
1,14059,0.477611216,0.11470140004372845,0.3629098159562716
1,14060,0.477611216,0.13025189184971867,0.34735932415028137
1,14061,-0.894834808,0.1309427079178083,-1.0257775159178084
1,14062,-0.894834808,0.0880059604132394,-0.9828407684132394
1,14064,-0.894834808,0.27931007649735873,-1.1741448844973588
1,14066,0.477611216,0.4182324739835652,0.05937874201643478
1,14067,1.85005724,0.3836636864612728,1.4663935535387271
1,14068,0.477611216,0.3982730920023381,0.07933812399766188
1,14070,1.85005724,0.37450607209376563,1.4755511679062343
1,14071,1.85005724,0.4247216333957299,1.42533560660427
1,14072,0.477611216,-0.47291220167539516,0.9505234176753952
1,14073,-0.894834808,-0.4498937312650599,-0.44494107673494016
1,14074,-0.894834808,-0.4565559493380776,-0.43827885866192245
1,14075,0.477611216,-0.4445284551857063,0.9221396711857063
1,14076,-0.894834808,-0.3910222481920363,-0.5038125598079637
1,14077,0.477611216,-0.47034015168189286,0.9479513676818929
1,14078,-0.894834808,-0.4630680756195925,-0.4317667323804075
1,14079,-0.894834808,-0.5166732248122485,-0.3781615831877515
1,14080,-0.894834808,-0.45609359729122834,-0.4387412107087717
1,14081,-0.894834808,-0.4568893177102933,-0.43794549028970675
1,14083,-0.894834808,-0.510399988943887,-0.384434819056113
1,14084,-0.894834808,-0.4504907105329621,-0.44434409746703796
1,14085,-0.894834808,-0.45413640091383217,-0.44069840708616786
1,14087,-0.894834808,-0.5545363378012703,-0.3402984701987297
1,14089,-0.894834808,-0.5457083300071519,-0.3491264779928481
1,14090,-0.894834808,-0.4711610757321436,-0.42367373226785643
1,14091,-0.894834808,-0.4895905359807412,-0.40524427201925883
1,14098,-0.894834808,-0.38896288331883777,-0.5058719246811623
1,14100,-0.894834808,-0.5025352594564246,-0.3922995485435754
1,14101,-0.894834808,-0.4189874580727608,-0.47584734992723926
1,14102,0.477611216,0.38005101509665495,0.09756020090334505
1,14103,-0.894834808,0.3935813695621346,-1.2884161775621346
1,14104,0.477611216,0.4120709853523553,0.06554023064764469
1,14105,-0.894834808,0.19176312789545635,-1.0865979358954565
1,14106,-0.894834808,0.33542001958852025,-1.2302548275885203
1,14107,0.477611216,0.2685021642262901,0.20910905177370992
1,14108,-0.894834808,0.13659310754306206,-1.0314279155430621
1,14109,0.477611216,0.2817884780262875,0.19582273797371252
1,14110,0.477611216,0.17605862743988498,0.301552588560115
1,14111,-0.894834808,0.2933202596373069,-1.188155067637307
1,14112,0.477611216,0.21033823938669866,0.26727297661330135
1,14113,0.477611216,0.43056587107845057,0.04704534492154944
1,14114,0.477611216,0.4604799901654477,0.01713122583455229
1,14116,0.477611216,0.46481965124596314,0.012791564754036866
1,14117,1.85005724,0.4128255498369446,1.4372316901630553
1,14118,1.85005724,0.4275502421598305,1.4225069978401694
1,14120,1.85005724,0.3996020817786254,1.4504551582213745
1,14121,1.85005724,0.4345313338878768,1.4155259061121233
1,14122,-0.894834808,-0.43514764417615415,-0.4596871638238459
1,14123,-0.894834808,-0.3976044936495105,-0.49723031435048953
1,14124,0.477611216,-0.4011447565932473,0.8787559725932472
1,14125,1.85005724,-0.359771798021629,2.209829038021629
1,14126,0.477611216,-0.2821057089336172,0.7597169249336172
1,14127,0.477611216,-0.31747985011603475,0.7950910661160348
1,14128,-0.894834808,-0.31306111345664484,-0.5817736945433551
1,14129,-0.894834808,-0.3398998511880792,-0.5549349568119208
1,14130,-0.894834808,-0.3157260650237918,-0.5791087429762083
1,14131,-0.894834808,-0.11586970272582799,-0.7789651052741721
1,14132,-0.894834808,-0.3956014633531849,-0.4992333446468151
1,14133,1.85005724,-0.13556081144817592,1.9856180514481758
1,14134,-0.894834808,-0.09109433495390026,-0.8037404730460997
1,14135,1.85005724,-0.08595932644475751,1.9360165664447575
1,14137,-0.894834808,-0.2393297101081213,-0.6555050978918787
1,14139,-0.894834808,-0.10917282320574041,-0.7856619847942596
1,14140,-0.894834808,-0.35034242651396413,-0.5444923814860358
1,14141,-0.894834808,-0.3380711617458934,-0.5567636462541066
1,14143,-0.894834808,-0.34313732148637693,-0.551697486513623
1,14144,0.477611216,-0.33895065223156956,0.8165618682315696
1,14145,0.477611216,-0.22666890460949166,0.7042801206094916
1,14146,0.477611216,-0.03393520359889838,0.5115464195988983
1,14147,0.477611216,-0.1835745588766235,0.6611857748766234
1,14148,0.477611216,0.1370164046999468,0.3405948113000532
1,14149,-0.894834808,-0.12771966527605108,-0.767115142723949
1,14150,-0.894834808,-0.35808649870902326,-0.5367483092909768
1,14151,-0.894834808,-0.134386727973385,-0.760448080026615
1,14155,-0.894834808,-0.07069129508718429,-0.8241435129128157
1,14157,-0.894834808,0.036676574207710554,-0.9315113822077106
1,14158,0.477611216,0.004880812845909415,0.4727304031540906
1,14159,0.477611216,0.1515150959627975,0.3260961200372025
1,14160,1.85005724,0.06376179738473536,1.7862954426152646
1,14161,0.477611216,0.03993067523308818,0.4376805407669118
1,14162,0.477611216,0.10776773202590428,0.3698434839740957
1,14167,1.85005724,0.28586699758005363,1.5641902424199463
1,14168,1.85005724,0.3036930160764999,1.5463642239235
1,14170,1.85005724,0.28003583462553244,1.5700214053744674
1,14171,1.85005724,0.3509572891197372,1.4990999508802627
1,14172,0.477611216,-0.5423474661832881,1.019958682183288
1,14174,-0.894834808,-0.5281475282962734,-0.3666872797037266
1,14175,0.477611216,-0.5132128133029661,0.9908240293029661
1,14177,0.477611216,-0.5522380910318264,1.0298493070318264
1,14178,-0.894834808,-0.5421798054523158,-0.3526550025476842
1,14180,-0.894834808,-0.5201634684682153,-0.3746713395317848
1,14181,-0.894834808,-0.5187808166648059,-0.3760539913351941
1,14184,-0.894834808,-0.49682735193651517,-0.39800745606348487
1,14185,-0.894834808,-0.5162023088139136,-0.37863249918608644
1,14200,-0.894834808,-0.5363801522891873,-0.3584546557108127
1,14201,0.477611216,-0.4814175675210788,0.9590287835210788
1,14202,0.477611216,0.4050265753093215,0.07258464069067849
1,14203,0.477611216,0.438259682236221,0.03935153376377898
1,14204,1.85005724,0.4937133546426746,1.3563438853573253
1,14205,1.85005724,0.2611971224124742,1.5888601175875257
1,14206,1.85005724,0.4012244925673086,1.4488327474326914
1,14207,0.477611216,0.35141041807037937,0.12620079792962063
1,14208,1.85005724,0.203805644157661,1.646251595842339
1,14209,1.85005724,0.3544850037806942,1.4955722362193058
1,14210,1.85005724,0.23029899455154842,1.6197582454484516
1,14211,1.85005724,0.35956720360009925,1.4904900363999007
1,14212,1.85005724,0.2600414840273058,1.5900157559726942
1,14213,1.85005724,0.4300170389185997,1.4200402010814002
1,14214,1.85005724,0.5321274244209616,1.3179298155790384
1,14216,0.477611216,0.4662249548775187,0.011386261122481312
1,14217,0.477611216,0.4128255498369446,0.06478566616305542
1,14218,0.477611216,0.4299174310389758,0.04769378496102422
1,14220,1.85005724,0.3996020817786254,1.4504551582213745
1,14221,1.85005724,0.4345313338878768,1.4155259061121233
1,14222,0.477611216,-0.32001024588879967,0.7976214618887997
1,14223,-0.894834808,-0.0440623164520914,-0.8507724915479087
1,14224,0.477611216,-0.2892792266872736,0.7668904426872736
1,14225,0.477611216,-0.08553421531531076,0.5631454313153108
1,14226,0.477611216,0.06543760496293802,0.41217361103706196
1,14227,0.477611216,0.08077657883789059,0.3968346371621094
1,14228,0.477611216,0.08989067149767552,0.3877205445023245
1,14229,1.85005724,0.13610683942422497,1.7139504005757749
1,14230,0.477611216,0.12234291553386463,0.3552683004661354
1,14231,0.477611216,0.11947748593792182,0.35813373006207816
1,14232,0.477611216,0.10886177057453596,0.36874944542546406
1,14233,0.477611216,0.1549840725861938,0.3226271434138062
1,14234,0.477611216,0.13443341478044604,0.343177801219554
1,14235,1.85005724,0.061029260802341445,1.7890279791976584
1,14237,1.85005724,0.22138137782632047,1.6286758621736794
1,14239,1.85005724,0.1650659599620357,1.6849912800379643
1,14240,1.85005724,0.0055280081114434726,1.8445292318885564
1,14241,0.477611216,0.09217262696031239,0.38543858903968764
1,14243,1.85005724,0.16311070627409732,1.6869465337259026
1,14244,0.477611216,0.09890483464509377,0.37870638135490625
1,14245,1.85005724,0.10702905138923326,1.7430281886107666
1,14246,0.477611216,0.03305884208161954,0.4445523739183805
1,14247,-0.894834808,-0.03504632516804826,-0.8597884828319518
1,14248,0.477611216,0.11305404365547396,0.36455717234452606
1,14249,-0.894834808,0.08941378612012393,-0.984248594120124
1,14250,-0.894834808,0.03395043271552298,-0.928785240715523
1,14251,-0.894834808,0.08569500920356832,-0.9805298172035684
1,14255,0.477611216,0.49962156301382066,-0.022010347013820653
1,14257,1.85005724,0.5744391586420593,1.2756180813579405
1,14258,1.85005724,0.46171757089563803,1.388339669104362
1,14259,0.477611216,0.5896795049640003,-0.11206828896400034
1,14260,1.85005724,0.4798009775573411,1.3702562624426589
1,14261,0.477611216,0.5566753875223497,-0.07906417152234968
1,14262,0.477611216,0.47853464121937045,-0.000923425219370444
1,14267,0.477611216,0.6708551281664233,-0.19324391216642334
1,14268,1.85005724,0.7030140874481752,1.1470431525518248
1,14270,1.85005724,0.6637758900958275,1.1862813499041724
1,14271,1.85005724,0.6700460229391839,1.180011217060816
1,14272,-0.894834808,-0.08857259606670474,-0.8062622119332953
1,14273,-0.894834808,0.0036610055996315555,-0.8984958135996316
1,14274,0.477611216,0.0015559095164730048,0.476055306483527
1,14275,0.477611216,-0.00042712595082657236,0.47803834195082656
1,14277,1.85005724,0.3167223794268415,1.5333348605731585
1,14278,0.477611216,0.31484078842876123,0.16277042757123877
1,14280,1.85005724,0.4054149843044024,1.4446422556955976
1,14281,0.477611216,0.4657969857299606,0.011814230270039416
1,14284,-0.894834808,0.4481613937608828,-1.342996201760883
1,14285,1.85005724,0.43814537154786526,1.4119118684521346
1,14301,-0.894834808,0.40121428395633946,-1.2960490919563394
2,1340,4.472089488,0.9400496580577558,3.532039829942244
2,1342,3.878274157,0.000696999457742326,3.8775771575422575
2,1343,2.565824307,1.1601749122012588,1.4056493947987414
2,1345,3.188261707,0.007250812264195301,3.1810108947358047
2,1346,-0.444794102,-0.01295664251982983,-0.4318374594801702
2,1347,0.384572443,0.2582339165639877,0.1263385264360123
2,1348,0.999820445,-0.0269035561487036,1.0267240011487035
2,1349,0.738483578,-0.0982327072230402,0.8367162852230402
2,1350,0.479232867,0.0385559822956111,0.4406768847043889
2,1351,0.191489397,-0.06364484990334597,0.25513424690334596
2,1352,3.711520803,-0.04274380582858037,3.7542646088285805
2,1354,3.546299668,0.820183619280812,2.726116048719188
2,1358,3.737306236,0.2640227035777793,3.4732835324222204
2,1359,3.820367389,0.1528706594451984,3.6674967295548013
2,1360,1.456197424,0.06321348138434144,1.3929839426156585
2,1361,0.345332765,-0.09813668201935531,0.4434694470193553
2,1363,2.180686648,-0.1082119130472163,2.2888985610472163
2,1364,1.637111397,-0.13667283575994757,1.7737842327599476
2,1365,0.068285818,-0.18156341552502706,0.24984923352502705
2,1366,2.107374246,-0.05019752221347685,2.1575717682134767
2,1367,1.498663101,-0.21007889019591902,1.708741991195919
2,1368,0.581922521,-0.04547571184339176,0.6273982328433917
2,1369,1.583119163,-0.32389766011520327,1.9070168231152034
2,1370,0.374199832,-0.12267119573760094,0.49687102773760095
2,1371,3.596488941,-0.07885579301704938,3.6753447340170493
2,1372,0.541999553,-0.10711471997712382,0.6491142729771239
2,1373,0.226941316,-0.04240096260132733,0.2693422786013273
2,1374,0.466904932,-0.2590136057594921,0.7259185377594921
2,1375,0.27878529,-0.20773742653686925,0.4865227165368693
2,1376,-0.177608588,0.001631938165067277,-0.17924052616506728
2,1377,-0.488716131,-0.07081386873671831,-0.4179022622632817
2,1378,-0.379821543,-0.03938980489812435,-0.34043173810187566
2,1382,-0.775166623,-0.25040739478693214,-0.524759228213068
2,1385,1.015041733,-0.3133209073871217,1.3283626403871216
2,1395,-1.32722321,-0.3133209073871217,-1.0139023026128784
2,1405,-0.409947695,-0.3133209073871217,-0.0966267876128783
2,1415,0.607723398,-0.3133209073871217,0.9210443053871217
2,1425,-1.332592323,-0.3133209073871217,-1.0192714156128784
2,1464,0.843706996,0.2529261659719517,0.5907808300280483
2,1465,0.537315608,0.28246397090237246,0.25485163709762754
2,1550,2.358653671,0.13308071737808613,2.2255729536219135
2,1551,1.021674271,0.011204420142094497,1.0104698508579055
2,1552,0.309447475,0.025754148031420548,0.28369332696857946
2,1553,3.036562101,-0.02826428106648383,3.064826382066484
2,1554,0.579286948,-0.2721999522026287,0.8514869002026287
2,1555,0.134343412,-0.04434528303023157,0.17868869503023158
2,1556,0.495309478,-0.06625823298788515,0.5615677109878852
2,1558,0.941609577,-0.04755315594492349,0.9891627329449235
2,1559,1.194799527,-0.022784981578398793,1.2175845085783987
2,1560,1.909141877,-0.08095902799226451,1.9901009049922644
2,1561,2.088171035,-0.015434799908866627,2.1036058349088664
2,1562,1.330258419,-0.1239970458764263,1.4542554648764263
2,1564,-0.598871885,-0.08026152559852627,-0.5186103594014737
2,1568,0.751470119,-0.04755315594492349,0.7990232749449235
2,1569,0.859024246,-0.022784981578398793,0.8818092275783989
2,1570,1.92738432,-0.08095902799226451,2.0083433479922643
2,1571,1.54383802,-0.015434799908866627,1.5592728199088666
2,1572,-0.135215911,-0.1239970458764263,-0.011218865123573687
2,1574,-0.064544296,-0.08026152559852627,0.01571722959852627
2,1578,0.174754366,-0.04755315594492349,0.22230752194492348
2,1579,0.57039779,-0.022784981578398793,0.5931827715783988
2,1580,1.373840919,-0.08095902799226451,1.4547999469922646
2,1581,1.029909168,-0.015434799908866627,1.0453439679088667
2,1582,-0.6429538,-0.1239970458764263,-0.5189567541235737
2,1584,-0.444991217,-0.08026152559852627,-0.3647296914014737
2,1588,0.496897867,-0.04755315594492349,0.5444510229449235
2,1589,0.141442023,-0.022784981578398793,0.16422700457839878
2,1590,1.220857456,-0.08095902799226451,1.3018164839922646
2,1591,1.120806297,-0.015434799908866627,1.1362410969088665
2,1592,-0.982109009,-0.1239970458764263,-0.8581119631235736
2,1594,-0.482900842,-0.08026152559852627,-0.4026393164014737
2,1598,0.934763626,-0.04755315594492349,0.9823167819449234
2,1599,0.971397794,-0.022784981578398793,0.9941827755783988
2,1600,1.200704374,-0.08095902799226451,1.2816634019922646
2,1601,0.170002635,-0.015434799908866627,0.18543743490886663
2,1602,-0.147908643,-0.1239970458764263,-0.0239115971235737
2,1604,-0.641478262,-0.08026152559852627,-0.5612167364014737
2,1628,-1.350424386,-0.0972275162092539,-1.253196869790746
2,1629,1.04000918,-0.06482254794952055,1.1048317279495206
2,1630,-0.976203619,-0.13382585838025482,-0.8423777606197451
2,1631,-0.216161246,-0.048890219327567146,-0.16727102667243285
2,1634,-1.117493951,-0.10460161962219063,-1.0128923313778093
2,1637,0.696305324,0.16528866350384275,0.5310166604961573
2,1638,-0.100581214,0.0307883067008807,-0.1313695207008807
2,1639,0.903467772,0.047024487984334555,0.8564432840156654
2,1640,1.059956445,-0.04585191090389102,1.1058083559038911
2,1641,-0.075298593,-0.4265023804638984,0.35120378746389835
2,1642,-0.043668197,-0.043882284790178,0.00021408779017800111
2,1643,1.127184052,-0.05559452701619158,1.1827785790161915
2,1645,0.492733072,-0.030366948390531938,0.5231000203905319
2,1646,1.178058942,-2.7067634469524943e-05,1.1780860096344696
2,1647,0.752655736,-0.08707510233320032,0.8397308383332003
2,1648,0.03484213,-0.019247890427606853,0.054090020427606855
2,1649,1.071447856,-0.16820511564569848,1.2396529716456985
2,1651,-1.317351081,-0.09191659619643788,-1.225434484803562
2,1653,0.020634433,-0.1288763394473982,0.14951077244739822
2,1655,0.688260166,-0.030366948390531938,0.7186271143905318
2,1656,1.116188156,-2.7067634469524943e-05,1.1162152236344696
2,1657,0.22666807,-0.08707510233320032,0.3137431723332003
2,1658,0.450632624,-0.019247890427606853,0.4698805144276068
2,1659,0.170291132,-0.16820511564569848,0.3384962476456985
2,1661,-0.712574581,-0.09191659619643788,-0.6206579848035622
2,1663,0.932872955,-0.1288763394473982,1.0617492944473983
2,1665,0.45519147,-0.030366948390531938,0.48555841839053193
2,1666,0.445899865,-2.7067634469524943e-05,0.44592693263446953
2,1667,1.082936708,-0.08707510233320032,1.1700118103332005
2,1668,0.922666145,-0.019247890427606853,0.9419140354276069
2,1669,-0.213950584,-0.16820511564569848,-0.045745468354301516
2,1671,-0.914881422,-0.09191659619643788,-0.8229648258035621
2,1673,-0.913883199,-0.1288763394473982,-0.7850068595526019
2,1675,0.282921388,-0.030366948390531938,0.31328833639053194
2,1676,0.891984578,-2.7067634469524943e-05,0.8920116456344696
2,1677,0.493271838,-0.08707510233320032,0.5803469403332003
2,1678,1.368036144,-0.019247890427606853,1.3872840344276067
2,1679,-0.851788386,-0.16820511564569848,-0.6835832703543014
2,1681,-0.659146178,-0.09191659619643788,-0.5672295818035621
2,1683,0.41916679,-0.1288763394473982,0.5480431294473982
2,1685,-1.134718721,-0.030366948390531938,-1.104351772609468
2,1686,0.803141663,-2.7067634469524943e-05,0.8031687306344696
2,1687,-1.207649427,-0.08707510233320032,-1.1205743246667996
2,1688,0.536331628,-0.019247890427606853,0.5555795184276069
2,1689,-0.702422795,-0.16820511564569848,-0.5342176793543015
2,1691,-0.328650048,-0.09191659619643788,-0.2367334518035621
2,1693,0.499175874,-0.1288763394473982,0.6280522134473983
2,1715,-1.31492886,-0.08115390783289479,-1.233774952167105
2,1716,-0.717961464,-0.0456338889223009,-0.6723275750776991
2,1717,-1.340644878,-0.1381353407533853,-1.2025095372466148
2,1718,0.660204688,-0.05713107768874335,0.7173357656887434
2,1719,-1.123373143,-0.19141918479830303,-0.931953958201697
2,1721,-0.126012265,-0.12693021592195627,0.000917950921956262
2,1723,0.234053249,-0.15723038567335582,0.3912836346733558
2,1724,1.350930059,0.24507093353596304,1.1058591254640369
2,1725,-0.096573828,0.09805716697964595,-0.19463099497964595
2,1726,0.579763304,0.11824921503385966,0.4615140889661403
2,1727,3.534575768,1.0438405771117751,2.4907351908882247
2,1729,-0.257284697,-0.16376386583144054,-0.09352083116855947
2,1730,1.167624149,-0.08208165532760262,1.2497058043276026
2,1732,-0.54169841,-0.012715666335443408,-0.5289827436645566
2,1733,-0.468669568,0.012090813913067478,-0.48076038191306747
2,1740,-0.746583525,-0.16857087010157903,-0.578012654898421
2,1742,0.133027729,-0.012715666335443408,0.14574339533544342
2,1743,0.759187094,0.012090813913067478,0.7470962800869325
2,1750,0.516729016,-0.16857087010157903,0.685299886101579
2,1752,0.57466219,-0.012715666335443408,0.5873778563354434
2,1753,0.176464277,0.012090813913067478,0.16437346308693251
2,1760,0.106340674,-0.16857087010157903,0.27491154410157903
2,1762,0.482203096,-0.012715666335443408,0.4949187623354434
2,1763,0.486674999,0.012090813913067478,0.4745841850869325
2,1770,0.092969411,-0.16857087010157903,0.261540281101579
2,1772,-0.565941572,-0.012715666335443408,-0.5532259056645565
2,1773,0.956921487,0.012090813913067478,0.9448306730869326
2,1780,1.043748237,-0.16857087010157903,1.212319107101579
2,1802,-1.326328065,-0.07129090293359565,-1.2550371620664043
2,1803,-0.818967773,-0.04017567974237788,-0.7787920932576221
2,1811,-0.262857268,0.0445733231329905,-0.3074305911329905
2,1812,-0.57787549,-0.041140508587826294,-0.5367349814121738
2,1813,-0.314015385,-0.030255017193523692,-0.2837603678064763
2,1814,0.288124033,-0.06567951383235907,0.35380354683235904
2,1815,-0.676388436,-0.35859079350356365,-0.31779764249643633
2,1816,-0.310087692,-0.04900317692220685,-0.2610845150777932
2,1817,0.261166332,-0.06305061393686887,0.3242169459368689
2,1818,0.936835299,0.005683203406661875,0.9311520955933381
2,1819,-0.992825236,-0.0864738818424511,-0.906351354157549
2,1820,0.937357794,-0.06784589101033003,1.00520368501033
2,1821,-0.768401526,-0.11721659524619156,-0.6511849307538085
2,1822,1.188648825,-0.030461320683717225,1.2191101456837172
2,1823,-0.190210113,-0.19516860629702498,0.004958493297024996
2,1824,0.54998389,-0.45522079155763556,1.0052046815576356
2,1825,-0.417555306,-0.0653173163522179,-0.35223798964778213
2,1826,0.168496476,-0.1860678235134993,0.3545642995134993
2,1827,-1.01449484,-0.13036058443835546,-0.8841342555616445
2,1828,0.194966351,0.005683203406661875,0.18928314759333814
2,1829,0.445303762,-0.0864738818424511,0.5317776438424511
2,1830,1.437260894,-0.06784589101033003,1.5051067850103301
2,1831,0.276539102,-0.11721659524619156,0.3937556972461915
2,1832,1.340457486,-0.030461320683717225,1.3709188066837172
2,1833,-0.482622197,-0.19516860629702498,-0.287453590702975
2,1834,-0.364149069,-0.45522079155763556,0.09107172255763557
2,1835,-0.254929373,-0.0653173163522179,-0.18961205664778213
2,1836,-0.401139102,-0.1860678235134993,-0.21507127848650073
2,1837,0.490377127,-0.13036058443835546,0.6207377114383554
2,1838,-0.049840093,0.005683203406661875,-0.05552329640666188
2,1839,0.013923865,-0.0864738818424511,0.10039774684245109
2,1840,-0.624490127,-0.06784589101033003,-0.5566442359896699
2,1841,-0.769541543,-0.11721659524619156,-0.6523249477538084
2,1842,0.916788915,-0.030461320683717225,0.9472502356837172
2,1843,-0.337065678,-0.19516860629702498,-0.141897071702975
2,1844,-1.223593548,-0.45522079155763556,-0.7683727564423644
2,1845,0.067695697,-0.0653173163522179,0.13301301335221788
2,1846,-0.591070208,-0.1860678235134993,-0.4050023844865007
2,1847,1.298093657,-0.13036058443835546,1.4284542414383554
2,1848,0.269804481,0.005683203406661875,0.2641212775933381
2,1849,-0.094329186,-0.0864738818424511,-0.007855304157548898
2,1850,-0.228284328,-0.06784589101033003,-0.16043843698966997
2,1851,1.03628483,-0.11721659524619156,1.1535014252461917
2,1852,1.006166672,-0.030461320683717225,1.0366279926837172
2,1853,-0.212984792,-0.19516860629702498,-0.017816185702975024
2,1854,-0.947832192,-0.45522079155763556,-0.49261140044236446
2,1855,-0.761705207,-0.0653173163522179,-0.6963878906477821
2,1856,-0.652524555,-0.1860678235134993,-0.4664567314865007
2,1857,1.159769462,-0.13036058443835546,1.2901300464383556
2,1858,0.343711669,0.005683203406661875,0.3380284655933381
2,1859,0.302103038,-0.0864738818424511,0.3885769198424511
2,1860,1.223618774,-0.06784589101033003,1.29146466501033
2,1861,0.340877182,-0.11721659524619156,0.45809377724619155
2,1862,-0.57720624,-0.030461320683717225,-0.5467449193162828
2,1863,-0.850750815,-0.19516860629702498,-0.655582208702975
2,1864,-1.168251554,-0.45522079155763556,-0.7130307624423644
2,1865,-0.536291288,-0.0653173163522179,-0.47097397164778215
2,1866,-0.190210113,-0.1860678235134993,-0.004142289486500694
2,1867,0.624227607,-0.13036058443835546,0.7545881914383554
2,1870,-1.043366083,-0.09539588451025399,-0.947970198489746
2,1880,0.168193345,-0.09539588451025399,0.263589229510254
2,1888,0.76609277,-0.03160678266690337,0.7976995526669034
2,1889,-1.331469745,-0.13086852153303433,-1.2006012234669656
2,1890,0.168058694,-0.10459140758734625,0.27265010158734626
2,1891,-1.299942439,-0.16707316086926732,-1.1328692781307328
2,1892,1.147439636,-0.06938669297960179,1.216826328979602
2,1893,1.206752374,-0.21745308393695623,1.424205457936956
2,1894,-1.107914013,-0.4704310566913395,-0.6374829563086606
2,1895,-1.043366083,-0.09741454684542837,-0.9459515361545716
2,1896,-0.71529631,-0.22951728130108706,-0.485779028698913
2,1897,1.175671755,-0.1601873670420229,1.3358591220420228
2,1898,0.100672478,0.1465963054223283,-0.0459238274223283
2,1899,-0.408201571,-0.0014349515639895582,-0.40676661943601045
2,1900,0.245770964,0.016206148532167355,0.22956481546783264
2,1901,0.432460724,-0.07820130749580581,0.5106620314958058
2,1902,0.050284641,-0.48708468494214713,0.5373693259421471
2,1903,0.325141729,-0.06801670218196283,0.3931584311819628
2,1904,1.221839559,-0.06584882649260644,1.2876883854926064
2,1906,-1.142335107,-0.06947611301139456,-1.0728589939886055
2,1907,-0.808701144,-0.03632093865434414,-0.7723802053456559
2,1908,1.67357079,-0.1340989148411835,1.8076697048411836
2,1909,0.347514734,-0.05063863306981911,0.3981533670698191
2,1910,1.116472758,-0.20604724987297027,1.3225200078729702
2,1912,-1.15416524,-0.10853322214220207,-1.0456320178577978
2,1914,-0.3662203,-0.13630700744325716,-0.22991329255674284
2,1916,0.512136596,-0.06947611301139456,0.5816127090113946
2,1917,0.743557233,-0.03632093865434414,0.7798781716543441
2,1918,0.241447897,-0.1340989148411835,0.3755468118411835
2,1919,0.143829737,-0.05063863306981911,0.19446837006981912
2,1920,-1.245329435,-0.20604724987297027,-1.0392821851270297
2,1922,-0.662656454,-0.10853322214220207,-0.5541232318577979
2,1924,0.174975739,-0.13630700744325716,0.31128274644325715
2,1926,0.136060454,-0.06947611301139456,0.20553656701139456
2,1927,-0.866047191,-0.03632093865434414,-0.8297262523456559
2,1928,-0.985687941,-0.1340989148411835,-0.8515890261588165
2,1929,0.226824966,-0.05063863306981911,0.2774635990698191
2,1930,-0.011072481,-0.20604724987297027,0.19497476887297027
2,1932,-0.261381046,-0.10853322214220207,-0.15284782385779794
2,1934,1.272401536,-0.13630700744325716,1.4087085434432571
2,1936,0.037577429,-0.06947611301139456,0.10705354201139455
2,1937,-0.558235919,-0.03632093865434414,-0.5219149803456559
2,1938,0.303373325,-0.1340989148411835,0.43747223984118355
2,1939,0.964336434,-0.05063863306981911,1.0149750670698192
2,1940,-0.561095785,-0.20604724987297027,-0.3550485351270297
2,1942,-0.655738103,-0.10853322214220207,-0.547204880857798
2,1944,0.730753976,-0.13630700744325716,0.8670609834432572
2,1946,-0.708909652,-0.06947611301139456,-0.6394335389886054
2,1947,0.195975002,-0.03632093865434414,0.23229594065434414
2,1948,-0.188472438,-0.1340989148411835,-0.054373523158816495
2,1949,0.168773826,-0.05063863306981911,0.2194124590698191
2,1950,-1.196905762,-0.20604724987297027,-0.9908585121270298
2,1952,0.739040689,-0.10853322214220207,0.847573911142202
2,1954,0.504607492,-0.13630700744325716,0.6409144994432572
2,1976,-1.333760129,-0.1201854981105799,-1.2135746308894202
2,1977,0.185317275,-0.08088238972487952,0.26619966472487955
2,1978,-0.821777074,-0.18841128760054562,-0.6333657863994544
2,1979,-0.034496614,-0.08469233859759161,0.050195724597591605
2,1980,-0.992287662,-0.2326985727425116,-0.7595890892574884
2,1982,-0.397113902,-0.13853986343696403,-0.25857403856303596
2,1984,1.262586267,-0.16562314227606587,1.428209409276066
2,1986,0.357038835,0.08175605420806163,0.27528278079193835
2,1987,1.050999683,0.07995589306660422,0.9710437899333957
2,1988,-0.599299041,0.06660433809898186,-0.6659033790989819
2,1990,-0.01400658,0.04260988757495355,-0.05661646757495355
2,2072,-0.522650979,0.15052433945446086,-0.6731753184544609
2,2073,-1.118293859,0.04132186885850093,-1.1596157278585009
2,2074,0.114782703,0.08605234485295171,0.028730358147048288
2,2075,0.197422989,-0.021756618823884608,0.2191796078238846
2,2076,0.456819355,-0.35350948715240654,0.8103288421524065
2,2077,0.04475327,0.0037370057242575114,0.04101626427574249
2,2078,-1.151709195,0.06096757795323793,-1.212676772953238
2,2080,-1.074082052,-0.07461001202797987,-0.9994720399720202
2,2081,-0.740559557,-0.01902169492458574,-0.7215378620754143
2,2082,-1.002664966,-0.10839809099452079,-0.8942668750054792
2,2083,0.956184443,-0.03869017928415721,0.9948746222841572
2,2084,1.053038101,-0.1736786373015026,1.2267167383015027
2,2086,0.369796088,-0.10237173606990836,0.47216782406990837
2,2090,0.467451492,-0.07461001202797987,0.5420615040279799
2,2091,1.160605629,-0.01902169492458574,1.1796273239245858
2,2092,-0.892227204,-0.10839809099452079,-0.7838291130054792
2,2093,1.189069649,-0.03869017928415721,1.227759828284157
2,2094,-0.527212466,-0.1736786373015026,-0.3535338286984975
2,2096,0.400951874,-0.10237173606990836,0.5033236100699083
2,2100,-1.310753039,-0.07461001202797987,-1.2361430269720202
2,2101,-1.224459151,-0.01902169492458574,-1.2054374560754142
2,2102,-0.902566244,-0.10839809099452079,-0.7941681530054792
2,2103,-0.131031045,-0.03869017928415721,-0.0923408657158428
2,2104,-0.206820542,-0.1736786373015026,-0.0331419046984974
2,2106,-0.184949921,-0.10237173606990836,-0.08257818493009163
2,2110,1.040462929,-0.07461001202797987,1.1150729410279798
2,2111,0.923860161,-0.01902169492458574,0.9428818559245857
2,2112,0.377423289,-0.10839809099452079,0.4858213799945208
2,2113,0.503059687,-0.03869017928415721,0.5417498662841572
2,2114,-1.224927815,-0.1736786373015026,-1.0512491776984974
2,2116,-0.715933734,-0.10237173606990836,-0.6135619979300917
2,2120,0.555269739,-0.07461001202797987,0.6298797510279799
2,2121,-0.372771139,-0.01902169492458574,-0.35374944407541425
2,2122,0.836492838,-0.10839809099452079,0.9448909289945208
2,2123,0.295349046,-0.03869017928415721,0.3340392252841572
2,2124,-1.088598836,-0.1736786373015026,-0.9149201986984975
2,2126,0.620921491,-0.10237173606990836,0.7232932270699084
2,2150,0.889863561,-0.11623443560598605,1.006097996605986
2,2151,-0.453692375,-0.056656545886595924,-0.39703582911340407
2,2152,-1.021598551,-0.145580139357184,-0.876018411642816
2,2153,0.137799545,-0.0652928112991317,0.2030923562991317
2,2154,-1.098504442,-0.1881938691017167,-0.9103105728982834
2,2156,-1.168321089,-0.13921299659986544,-1.0291080924001346
2,2159,-0.882946291,-0.13091792132605634,-0.7520283696739436
2,2160,-0.585363102,-0.10630281575666123,-0.47906028624333874
2,2161,0.522009206,-0.09236951384347902,0.614378719843479
2,2162,-0.447481803,-0.13716030152411487,-0.3103215014758851
2,2163,-0.420087963,-0.43368853814636377,0.013600575146363758
2,2165,-1.173871104,-0.21663700005309014,-0.9572341039469099
2,2167,-0.156035652,-0.24711206275130887,0.09107641075130887
2,2168,-0.390788172,-0.21766064672129518,-0.1731275252787048
2,2171,0.925203845,-0.32388292342871056,1.2490867684287106
2,2177,0.395074661,-0.24711206275130887,0.6421867237513088
2,2178,0.3770953,-0.21766064672129518,0.5947559467212952
2,2181,-0.417324835,-0.32388292342871056,-0.09344191157128945
2,2187,-1.293594201,-0.24711206275130887,-1.0464821382486913
2,2188,-0.630381891,-0.21766064672129518,-0.4127212442787048
2,2191,-0.808812353,-0.32388292342871056,-0.4849294295712894
2,2197,-0.64922225,-0.24711206275130887,-0.40211018724869113
2,2198,0.81787266,-0.21766064672129518,1.0355333067212953
2,2201,-0.407026127,-0.32388292342871056,-0.08314320357128946
2,2207,0.143554202,-0.24711206275130887,0.39066626475130883
2,2208,0.355354053,-0.21766064672129518,0.5730146997212952
2,2211,-1.101029816,-0.32388292342871056,-0.7771468925712894
2,2237,-1.29909099,-0.29277850009946976,-1.0063124899005302
2,2238,0.614128456,-0.2558545883267589,0.8699830443267589
2,2239,-1.340659215,-0.29682531199774026,-1.0438339030022599
2,2240,-0.499875631,-0.17479682229283708,-0.3250788087071629
2,2241,-0.760563983,-0.35556287891356725,-0.4050011040864328
2,2246,0.997782234,-0.06500277880974388,1.0627850128097438
2,2247,0.516999513,-0.1058921273877935,0.6228916403877935
2,2248,0.717168807,-0.09374744516427373,0.8109162521642737
2,2249,0.520973166,-0.14766434831271982,0.6686375143127198
2,2250,-0.549768405,-0.4909005385331971,-0.05886786646680292
2,2252,-0.978669534,-0.1458329769672825,-0.8328365570327175
2,2254,0.934638234,-0.23439494228939603,1.169033176289396
2,2255,0.695695225,-0.2077368279501635,0.9034320529501635
2,2256,0.752655736,-0.24254256521280543,0.9951983012128054
2,2258,0.160338675,-0.32984334438895846,0.49018201938895845
2,2264,1.224882956,-0.23439494228939603,1.4592778982893961
2,2265,1.82324933,-0.2077368279501635,2.0309861579501636
2,2266,0.604378307,-0.24254256521280543,0.8469208722128054
2,2268,-0.239618553,-0.32984334438895846,0.09022479138895845
2,2274,-0.688817421,-0.23439494228939603,-0.4544224787106039
2,2275,-1.01903642,-0.2077368279501635,-0.8112995920498365
2,2276,-1.269516689,-0.24254256521280543,-1.0269741237871945
2,2278,-0.561531841,-0.32984334438895846,-0.23168849661104152
2,2284,0.055797123,-0.23439494228939603,0.290192065289396
2,2285,0.774516538,-0.2077368279501635,0.9822533659501634
2,2286,-1.16848193,-0.24254256521280543,-0.9259393647871945
2,2288,-0.098714888,-0.32984334438895846,0.23112845638895846
2,2294,0.93434859,-0.23439494228939603,1.168743532289396
2,2295,-1.189573884,-0.2077368279501635,-0.9818370560498366
2,2296,-0.862160431,-0.24254256521280543,-0.6196178657871945
2,2298,-1.024296634,-0.32984334438895846,-0.6944532896110415
2,2324,-1.278944674,-0.28448135393724006,-0.9944633200627598
2,2325,0.39716466,-0.24982089910089433,0.6469855591008944
2,2326,-1.334482656,-0.30137004298523035,-1.0331126130147696
2,2327,-0.871999306,-0.19446352832709485,-0.6775357776729052
2,2333,3.081675902,0.18427167202054032,2.89740422997946
2,2334,0.719197725,0.07315170745011487,0.6460460175498851
2,2335,0.915134376,0.09499812028053371,0.8201362557194664
2,2336,3.714937716,0.8821998819498479,2.8327378340501523
2,2338,0.04641223,-0.19355883933612456,0.23997106933612455
2,2339,0.59084431,-0.07666684389133799,0.6675111538913381
2,2340,-0.011462468,0.20086323367330566,-0.21232570167330567
2,2341,0.001680553,-0.015886686854244384,0.017567239854244385
2,2342,-0.051541893,0.011980008992268951,-0.06352190199226895
2,2349,1.038626866,-0.16323471540957665,1.2018615814095766
2,2350,-0.402563992,0.20086323367330566,-0.6034272256733056
2,2351,0.529287806,-0.015886686854244384,0.5451744928542445
2,2352,1.552243404,0.011980008992268951,1.540263395007731
2,2359,-0.215486275,-0.16323471540957665,-0.05225155959042335
2,2360,-0.280071502,0.20086323367330566,-0.4809347356733057
2,2361,-1.339594794,-0.015886686854244384,-1.3237081071457555
2,2362,0.009040735,0.011980008992268951,-0.002939273992268952
2,2369,1.224720662,-0.16323471540957665,1.3879553774095765
2,2370,-0.617555968,0.20086323367330566,-0.8184192016733056
2,2371,-0.112287916,-0.015886686854244384,-0.09640122914575562
2,2372,0.088060526,0.011980008992268951,0.07608051700773105
2,2379,-1.252318557,-0.16323471540957665,-1.0890838415904234
2,2380,-0.322925496,0.20086323367330566,-0.5237887296733057
2,2381,0.623987047,-0.015886686854244384,0.6398737338542444
2,2382,-0.05256016,0.011980008992268951,-0.06454016899226896
2,2389,-0.456262634,-0.16323471540957665,-0.2930279185904233
2,2411,-1.334172398,-0.07312032226901759,-1.2610520757309824
2,2412,-0.871979493,-0.03864214390884499,-0.833337349091155
2,2419,-1.331645034,-0.18846486994737244,-1.1431801640526276
2,2420,1.918682914,0.9400496580577558,0.9786332559422442
2,2422,1.809008514,0.000696999457742326,1.8083115145422577
2,2423,1.503914438,1.1601749122012588,0.34373952579874123
2,2425,-0.499195861,0.007250812264195301,-0.5064466732641953
2,2426,-0.506299189,-0.01295664251982983,-0.49334254648017023
2,2427,-0.374391254,0.2582339165639877,-0.6326251705639877
2,2428,-0.377769556,-0.0269035561487036,-0.3508659998512964
2,2429,-0.862566683,-0.0982327072230402,-0.7643339757769597
2,2430,-1.060099356,0.0385559822956111,-1.0986553382956112
2,2431,-1.371690943,-0.06364484990334597,-1.308046093096654
2,2432,1.727589537,-0.04274380582858037,1.7703333428285803
2,2434,1.654964124,0.820183619280812,0.834780504719188
2,2438,0.427984264,0.2640227035777793,0.1639615604222207
2,2439,0.14381021,0.1528706594451984,-0.009060449445198404
2,2440,-1.44e-05,0.06321348138434144,-0.06322788138434143
2,2441,-0.275216759,-0.09813668201935531,-0.17708007698064465
2,2443,-0.318090404,-0.1082119130472163,-0.20987849095278371
2,2444,-0.488626303,-0.13667283575994757,-0.3519534672400524
2,2445,-0.580807703,-0.18156341552502706,-0.39924428747497287
2,2446,-0.595131994,-0.05019752221347685,-0.5449344717865232
2,2447,-0.670695896,-0.21007889019591902,-0.460617005804081
2,2448,-0.696677962,-0.04547571184339176,-0.6512022501566083
2,2449,-0.73742046,-0.32389766011520327,-0.4135227998847968
2,2450,-0.743910905,-0.12267119573760094,-0.6212397092623991
2,2451,-0.745508491,-0.07885579301704938,-0.6666526979829507
2,2452,-0.874648985,-0.10711471997712382,-0.7675342650228761
2,2453,-0.940096296,-0.04240096260132733,-0.8976953333986727
2,2454,-0.952461223,-0.2590136057594921,-0.693447617240508
2,2455,-1.030796908,-0.20773742653686925,-0.8230594814631307
2,2456,1.74936294,0.9400496580577558,0.8093132819422442
2,2458,1.418449803,0.000696999457742326,1.4177528035422575
2,2459,0.359877978,1.1601749122012588,-0.8002969342012588
2,2461,-0.341580424,0.007250812264195301,-0.3488312362641953
2,2462,-0.6256674,-0.01295664251982983,-0.6127107574801701
2,2463,-0.646289507,0.2582339165639877,-0.9045234235639876
2,2464,-0.666063255,-0.0269035561487036,-0.6391596988512964
2,2465,-0.83653452,-0.0982327072230402,-0.7383018127769597
2,2466,-0.934179412,0.0385559822956111,-0.9727353942956111
2,2467,-1.165699239,-0.06364484990334597,-1.102054389096654
2,3697,-0.349616681,-0.1460210968706732,-0.2035955841293268
2,3741,1.867163245,0.3613077235211511,1.505855521478849
2,3772,1.535170703,-0.0664347222972537,1.6016054252972536
2,3774,1.490234215,0.3613077235211511,1.128926491478849
2,3841,1.088462578,0.3461775251787143,0.7422850528212857
2,3887,0.830908902,0.2558308652714508,0.5750780367285492
2,3892,0.801780193,-0.06269800579692028,0.8644781987969203
2,3913,0.714630765,-0.06269800579692028,0.7773287707969203
2,3970,0.500836158,0.2749479660781448,0.22588819192185522
2,3978,0.465799951,-0.07050441093365693,0.5363043619336569
2,4029,0.202178015,-0.06751859109547223,0.2696966060954722
2,4061,0.02413549,0.2749479660781448,-0.25081247607814483
2,4144,-0.314003559,0.18608756564135953,-0.5000911246413595
2,4272,-0.846155414,-0.5555968379789229,-0.29055857602107715
2,4276,-0.858251123,0.20188506740626727,-1.0601361904062672
2,4290,-0.92089169,-0.5555968379789229,-0.36529485202107714
2,4331,-1.118391474,-0.556339737113304,-0.5620517368866961
2,4495,-0.747611765,0.30304470556093804,-1.050656470560938
2,4499,0.655342317,0.3653280061347611,0.29001431086523893
2,4500,0.105164246,0.40744664467059305,-0.30228239867059303
2,4501,1.975769688,-0.46292214604767185,2.4386918340476718
2,4506,-0.087398079,-0.21768467718026335,0.13028659818026334
2,4511,0.325235474,0.30304470556093804,0.02219076843906198
2,4515,1.975769688,0.3653280061347611,1.610441681865239
2,4516,1.563136135,0.40744664467059305,1.1556894903294068
2,4517,1.75569846,-0.46292214604767185,2.218620606047672
2,4522,1.75569846,-0.21768467718026335,1.9733831371802635
2,4527,0.737869028,0.30304470556093804,0.43482432243906194
2,4531,1.398082713,0.3653280061347611,1.032754706865239
2,4532,1.975769688,0.40744664467059305,1.5683230433294069
2,4533,1.343064906,-0.46292214604767185,1.8059870520476717
2,4538,1.618153942,-0.21768467718026335,1.8358386191802634
2,4545,-0.417504922,-0.16046024858133712,-0.2570446734186629
2,4550,-0.307469308,-0.5427722730464234,0.2353029650464234
2,4551,-0.087398079,-0.019999871953025064,-0.06739820704697494
2,4552,0.270217667,-0.3114818826917246,0.5816995496917245
2,4553,0.077655342,-0.24081172263639636,0.31846706463639635
2,4554,-0.059889175,-0.3823216373253944,0.3224324623253944
2,4555,-0.445013825,-0.4370533223626252,-0.0079605026373748
2,4556,-0.55504944,-0.26623608341328286,-0.28881335658671714
2,4557,-0.142415886,-0.5935078024933645,0.45109191649336455
2,4558,1.700680653,-0.22229148277615257,1.9229721357761527
2,4566,1.122993678,-0.2206893934474617,1.3436830714474617
2,4567,1.783207363,0.8900749226000577,0.8931324403999423
2,4570,0.270217667,-0.10740902707451071,0.3776266940745107
2,4572,0.050146439,1.1052720897684116,-1.0551256507684117
2,4573,1.288047099,0.42034099170467226,0.8677061072953276
2,4623,0.325235474,0.30304470556093804,0.02219076843906198
2,4627,-0.417504922,0.3653280061347611,-0.782832928134761
2,4628,0.930431353,0.40744664467059305,0.522984708329407
2,4629,-1.902985714,-0.46292214604767185,-1.4400635679523281
2,4634,-0.087398079,-0.21768467718026335,0.13028659818026334
2,4719,0.352744378,0.30304470556093804,0.04969967243906198
2,4723,0.737869028,0.3653280061347611,0.3725410218652389
2,4724,0.655342317,0.40744664467059305,0.24789567232940696
2,4725,-0.334978211,-0.46292214604767185,0.12794393504767182
2,4730,0.627833414,-0.21768467718026335,0.8455180911802633
2,5182,0.794307304,-0.14446988167821254,0.9387771856782126
2,5183,0.625412939,-0.18659437559493383,0.8120073145949338
2,5184,1.172863639,-0.17022078861258186,1.343084427612582
2,5185,0.939905894,-0.2547616026697903,1.1946674966697903
2,5186,0.043018577,-0.2651753856880774,0.3081939626880774
2,5187,0.083786183,-0.19589723967912365,0.27968342267912366
2,5188,0.287624209,-0.21430117998876294,0.5019253889887629
2,5189,0.287624209,-0.20598446107083687,0.49360867007083686
2,5190,0.672004488,-0.25444503845813504,0.926449526458135
2,5192,-0.131699731,0.0700610287134928,-0.20176075971349278
2,5193,0.491462236,0.09118319383623986,0.40027904216376015
2,5194,0.037194634,0.0849879523847452,-0.0477933183847452
2,5195,0.246856604,-0.18768667001446354,0.4345432740144636
2,5197,-0.731565924,-0.5493817064542619,-0.1821842175457381
2,5202,1.632955185,-0.10982114407419528,1.742776329074195
2,5203,1.551419974,-0.06976896916031915,1.6211889431603193
2,5204,1.312638286,-0.06801952165429315,1.3806578076542932
2,5205,1.132096034,-0.20225012012488952,1.3343461541248893
2,5206,0.85254674,-0.24141509413163922,1.0939618341316393
2,5207,1.60965941,-0.18014294519832058,1.7898023551983204
2,5208,1.731962226,-0.13715906955845322,1.8691212955584533
2,5209,1.621307298,-0.13462025607108397,1.755927554071084
2,5210,1.516476312,-0.2354679570753106,1.7519442690753106
2,5212,1.627131241,0.1403893532224548,1.4867418877775453
2,5213,1.784377719,0.18751063488516362,1.5968670841148365
2,5215,1.411645327,-0.12617589677591673,1.5378212237759168
2,5221,0.404103082,-0.3322504792387055,0.7363535612387055
2,5222,1.429117158,-0.18682193532188285,1.6159390933218827
2,5223,1.493180538,-0.23990504949340055,1.7330855874934006
2,5224,1.347581948,-0.23980929185289435,1.5873912398528942
2,5225,1.405821384,-0.317961427090391,1.723782811090391
2,5226,0.70694815,-0.2956867108058768,1.0026348608058768
2,5227,0.934081951,-0.18685152459706755,1.1209334755970675
2,5228,1.079680541,-0.19865508557115347,1.2783356265711536
2,5229,0.974849556,-0.19645273136956684,1.1713022873695669
2,5230,1.178687583,-0.25230348466124325,1.4309910676612434
2,5232,1.04473688,-0.043491270667925575,1.0882281506679257
2,5233,1.365053778,-0.026804307009709975,1.39185808500971
2,5234,1.050560823,-0.03461448957978157,1.0851753125797816
2,5235,0.85254674,-0.2871983984252555,1.1397451384252555
2,5237,-0.58014339,-0.5372258287990958,-0.042917561200904286
2,5238,-0.224882829,-0.5473566717027435,0.3224738427027435
2,5240,-0.626734939,-0.5834677410088362,-0.04326719799116374
2,5242,-0.772333529,-0.2638975447604339,-0.508435984239566
2,5246,-0.422896912,-0.07950031781722797,-0.343396594182772
2,5247,1.015617161,-0.19330993343593036,1.2089270944359303
2,5248,1.568891805,-0.13715906955845322,1.7060508745584533
2,5249,1.120448147,-0.2171053447270622,1.3375534917270622
2,5250,-0.120051844,-0.28565602293271736,0.16560417893271734
2,5251,1.050560823,-0.05014036430192636,1.1007011873019263
2,5252,1.132096034,-0.13715906955845322,1.2692551035584532
2,5253,1.033088992,-0.13715906955845322,1.1702480615584532
2,5254,1.475708707,-0.062256993136241535,1.5379657001362415
2,5256,-0.078230228,-0.28828307745947973,0.21005284945947972
2,5257,-0.094171483,-0.22027483358532507,0.12610335058532507
2,5258,-0.53255597,-0.21788343967870835,-0.3146725303212916
2,5260,-1.058617355,-0.20678340093152756,-0.8518339540684724
2,5261,-0.118083364,-0.14933720126807293,0.03125383726807293
2,5262,-1.050646728,-0.3161676887494221,-0.734479039250578
2,5263,-1.026734847,-0.2203366491188784,-0.8063981978811215
2,5264,-0.795586663,-0.19424439664004128,-0.6013422663599588
2,5265,-1.090499864,-0.3122876031616007,-0.7782122608383994
2,5266,-0.851381052,-0.19620121236875399,-0.655179839631246
2,5267,-0.683997884,-0.16162588851704648,-0.5223719954829534
2,5275,-1.002822966,-0.67079498860212,-0.33202797739788015
2,5276,-0.923116696,-0.6230947506259122,-0.3000219453740878
2,5278,-1.186147388,-0.6669573148855806,-0.5191900731144193
2,5281,0.854333136,-0.19973143597965734,1.0540645719796573
2,5282,1.244893862,-0.21919113067798227,1.4640849926779824
2,5284,0.240594854,-0.14193704105452157,0.38253189505452156
2,5287,-0.325319667,-0.23786259978674248,-0.0874570672132575
2,5288,-0.947028577,-0.239955621114916,-0.707072955885084
2,5290,0.511596173,-0.2724504977653439,0.784046670765344
2,5291,0.296389243,-0.29318588419933433,0.5895751271993344
2,5293,0.965921915,-0.024128607501215423,0.9900505225012154
2,5294,1.444159538,-0.09013801685301559,1.5342975548530156
2,5299,-0.062288974,-0.09380994744860745,0.03152097344860745
2,5300,-0.915146068,-0.1301261353922535,-0.7850199326077465
2,5302,1.27677637,-0.1274968027653585,1.4042731727653586
2,5303,0.949980661,-0.1891123624893265,1.1390930234893264
2,5305,0.957951288,-0.1242021801252153,1.0821534681252152
2,5306,1.364453267,-0.13845426317327145,1.5029075301732715
2,5308,0.455801784,-0.07081807512218605,0.526619859122186
2,5309,1.077510694,-0.04270185488877572,1.1202125488887757
2,5311,0.113064821,-0.14535979875523727,0.2584246197552373
2,5312,0.360154259,-0.1257408714121035,0.48589513041210347
2,5314,0.957951288,-0.16606384131284113,1.124015129312841
2,5315,0.479713665,-0.17880225751692136,0.6585159225169214
2,5328,1.662074903,-0.18014294519832058,1.8422178481983205
2,5329,1.382525609,-0.055221357181178696,1.4377469661811786
2,5330,0.677828432,-0.07419494919674005,0.7520233811967401
2,5331,0.677828432,-0.06765760253409012,0.7454860345340901
2,5332,1.533948143,-0.18014294519832058,1.7140910881983205
2,5333,1.662074903,-0.13462025607108397,1.796695159071084
2,5334,1.533948143,-0.13715906955845322,1.6711072125584532
2,5335,1.359229835,-0.055221357181178696,1.4144511921811787
2,5336,1.359229835,-0.055221357181178696,1.4144511921811787
2,5337,0.951553782,-0.07419494919674005,1.02574873119674
2,5338,0.36915942,-0.06765760253409012,0.43681702253409016
2,5339,0.36915942,-0.06765760253409012,0.43681702253409016
2,5344,-1.010793593,-0.14446988167821254,-0.8663237113217875
2,5345,0.583331817,-0.18659437559493383,0.7699261925949339
2,5346,-1.010793593,-0.17022078861258186,-0.8405728043874182
2,5347,-1.010793593,-0.2547616026697903,-0.7560319903302097
2,5348,-1.010793593,-0.2651753856880774,-0.7456182073119226
2,5349,-1.010793593,-0.19589723967912365,-0.8148963533208764
2,5350,-1.010793593,-0.21430117998876294,-0.7964924130112371
2,5351,-1.010793593,-0.20598446107083687,-0.8048091319291631
2,5352,-1.010793593,-0.25444503845813504,-0.756348554541865
2,5354,-1.010793593,0.0700610287134928,-1.080854621713493
2,5355,-1.010793593,0.09118319383623986,-1.10197678683624
2,5356,-1.010793593,0.0849879523847452,-1.0957815453847453
2,5357,-1.010793593,-0.18768667001446354,-0.8231069229855366
2,5359,-1.010793593,-0.5493817064542619,-0.46141188654573817
2,5364,-1.010793593,-0.10982114407419528,-0.9009724489258047
2,5365,1.523865808,-0.06976896916031915,1.5936347771603192
2,5366,-1.010793593,-0.06801952165429315,-0.9427740713457069
2,5367,-0.213730888,-0.20225012012488952,-0.011480767875110487
2,5368,-1.010793593,-0.24141509413163922,-0.7693784988683608
2,5369,1.619513333,-0.18014294519832058,1.7996562781983205
2,5370,1.14127571,-0.13715906955845322,1.2784347795584532
2,5371,1.380394521,-0.13462025607108397,1.5150147770710838
2,5372,1.380394521,-0.2354679570753106,1.6158624780753106
2,5374,1.380394521,0.1403893532224548,1.2400051677775452
2,5375,1.619513333,0.18751063488516362,1.4320026981148364
2,5377,1.380394521,-0.12617589677591673,1.5065704177759167
2,5383,-1.010793593,-0.3322504792387055,-0.6785431137612945
2,5384,-1.010793593,-0.18682193532188285,-0.8239716576781172
2,5385,-0.213730888,-0.23990504949340055,0.026174161493400544
2,5386,-1.010793593,-0.23980929185289435,-0.7709843011471057
2,5387,-1.010793593,-0.317961427090391,-0.692832165909609
2,5388,-1.010793593,-0.2956867108058768,-0.7151068821941233
2,5389,1.061569439,-0.18685152459706755,1.2484209635970673
2,5390,0.583331817,-0.19865508557115347,0.7819869025711534
2,5391,0.583331817,-0.19645273136956684,0.7797845483695669
2,5392,1.523865808,-0.25230348466124325,1.7761692926612433
2,5394,0.965921915,-0.043491270667925575,1.0094131856679256
2,5395,1.14127571,-0.026804307009709975,1.1680800170097099
2,5396,-0.213730888,-0.03461448957978157,-0.17911639842021843
2,5397,0.583331817,-0.2871983984252555,0.8705302154252555
2,5399,-1.010793593,-0.5372258287990958,-0.4735677642009043
2,5400,-1.010793593,-0.5473566717027435,-0.46343692129725655
2,5402,-1.010793593,-0.5834677410088362,-0.4273258519911638
2,5404,-1.010793593,-0.2638975447604339,-0.7468960482395661
2,5408,-1.010793593,-0.07950031781722797,-0.931293275182772
2,5409,1.14127571,-0.19330993343593036,1.3345856434359302
2,5410,1.938338415,-0.13715906955845322,2.0754974845584533
2,5411,-1.010793593,-0.2171053447270622,-0.7936882482729378
2,5412,-1.010793593,-0.28565602293271736,-0.7251375700672826
2,5413,-1.010793593,-0.05014036430192636,-0.9606532286980737
2,5414,-1.010793593,-0.13715906955845322,-0.8736345234415468
2,5415,-1.010793593,-0.13715906955845322,-0.8736345234415468
2,5416,1.14127571,-0.062256993136241535,1.2035327031362415
2,5418,0.726803103,-0.18014294519832058,0.9069460481983205
2,5419,0.726803103,-0.055221357181178696,0.7820244601811787
2,5420,0.965921915,-0.07419494919674005,1.04011686419674
2,5421,1.061569439,-0.06765760253409012,1.12922704153409
2,5422,1.523865808,-0.18014294519832058,1.7040087531983206
2,5423,1.523865808,-0.13462025607108397,1.658486064071084
2,5424,1.699219603,-0.13715906955845322,1.8363786725584532
2,5425,-1.010793593,-0.055221357181178696,-0.9555722358188213
2,5426,-1.010793593,-0.055221357181178696,-0.9555722358188213
2,5427,1.061569439,-0.07419494919674005,1.1357643881967399
2,5428,0.902156899,-0.06765760253409012,0.9698145015340901
2,5429,0.902156899,-0.06765760253409012,0.9698145015340901
2,5430,-0.976171556,-0.28828307745947973,-0.6878884785405204
2,5431,-0.987819443,-0.22027483358532507,-0.767544609414675
2,5432,-1.308136342,-0.21788343967870835,-1.0902529023212917
2,5434,-1.69251662,-0.20678340093152756,-1.4857332190684724
2,5435,-1.005291274,-0.14933720126807293,-0.855954072731927
2,5436,-1.686692677,-0.3161676887494221,-1.370524988250578
2,5437,-1.669220846,-0.2203366491188784,-1.4488841968811217
2,5438,-1.500326481,-0.19424439664004128,-1.3060820843599588
2,5439,-1.715812395,-0.3122876031616007,-1.4035247918383993
2,5440,-1.541094086,-0.19620121236875399,-1.344892873631246
2,5441,-1.41879127,-0.16162588851704648,-1.2571653814829535
2,5449,-1.651749015,-0.67079498860212,-0.9809540263978801
2,5450,-1.593509579,-0.6230947506259122,-0.9704148283740878
2,5452,-1.785699718,-0.6669573148855806,-1.1187424031144193
2,5455,-0.318065927,-0.19973143597965734,-0.11833449102034269
2,5456,-0.318065927,-0.21919113067798227,-0.09887479632201776
2,5458,-0.743213811,-0.14193704105452157,-0.6012767699454784
2,5461,-1.156713808,-0.23786259978674248,-0.9188512082132574
2,5462,-1.61098141,-0.239955621114916,-1.3710257888850839
2,5464,-0.545199728,-0.2724504977653439,-0.27274923023465614
2,5465,-0.702446206,-0.29318588419933433,-0.4092603218006656
2,5467,-0.318065927,-0.024128607501215423,-0.2939373194987846
2,5468,-0.318065927,-0.09013801685301559,-0.22792791014698444
2,5473,-0.964523668,-0.09380994744860745,-0.8707137205513925
2,5474,-1.587685635,-0.1301261353922535,-1.4575594996077463
2,5476,-0.318065927,-0.1274968027653585,-0.19056912423464153
2,5477,-0.213234942,-0.1891123624893265,-0.02412257951067351
2,5479,-0.318065927,-0.1242021801252153,-0.19386374687478472
2,5480,-0.318065927,-0.13845426317327145,-0.17961166382672858
2,5482,-0.585967333,-0.07081807512218605,-0.515149257877814
2,5483,-0.318065927,-0.04270185488877572,-0.2753640721112243
2,5485,-0.836396909,-0.14535979875523727,-0.6910371102447627
2,5486,-0.655854657,-0.1257408714121035,-0.5301137855878966
2,5488,-0.318065927,-0.16606384131284113,-0.1520020856871589
2,5489,-0.568495502,-0.17880225751692136,-0.3896932444830786
2,5972,-0.164727774,-0.22731245396629746,0.06258467996629746
2,5992,-0.353559879,-0.22731245396629746,-0.12624742503370256
2,6007,-0.617408256,-0.3033598771270965,-0.31404837887290354
2,6025,-0.889217813,-0.3232958529835111,-0.5659219600164889
2,6393,-0.596779256,0.032699079889399185,-0.6294783358893992
2,6414,-0.596779256,0.032699079889399185,-0.6294783358893992
2,6435,0.599806528,0.032699079889399185,0.5671074481106009
2,6456,0.376279539,0.032699079889399185,0.3435804591106008
2,6477,1.304037873,0.032699079889399185,1.2713387931106008
2,6498,1.790567271,0.032699079889399185,1.7578681911106009
2,6519,1.69012285,0.032699079889399185,1.657423770110601
2,6540,-0.596779256,0.032699079889399185,-0.6294783358893992
2,6552,0.817508475,0.6509975923580679,0.16651088264193215
2,6553,1.053682897,0.6509975923580679,0.4026853046419322
2,6554,1.846750332,0.6509975923580679,1.1957527396419323
2,6555,1.349338334,0.6509975923580679,0.6983407416419322
2,6556,2.169870421,0.6509975923580679,1.5188728286419324
2,6557,0.532907021,0.6509975923580679,-0.11809057135806789
2,6558,1.947194754,0.6509975923580679,1.296197161641932
2,6560,2.018335441,0.31065702956983055,1.7076784114301695
2,6561,0.862808938,0.032699079889399185,0.8301098581106008
2,6572,-0.312177803,0.22832422047388448,-0.5405020234738844
2,6708,-0.596779256,0.0703013789491866,-0.6670806349491867
2,6728,0.282552045,0.0703013789491866,0.21225066605081339
2,6740,0.237378787,-0.16285662951887894,0.40023541651887895
2,6741,0.961024758,-0.046990215766221574,1.0080149737662216
2,6743,0.813921025,-0.10832944807335335,0.9222504730733533
2,6744,0.838219768,-0.046990215766221574,0.8852099837662215
2,6750,-1.890345414,-0.1573068410398068,-1.7330385729601931
2,6753,-2.386300188,-0.10093191479764595,-2.285368273202354
2,6754,-2.098769504,-0.06158923225314236,-2.0371802717468577
2,6755,-0.377304877,-0.2788031333916516,-0.0985017436083484
2,6756,0.669121772,-0.0397459565417959,0.7088677285417959
2,6757,0.503948621,-0.1711648618080842,0.6751134828080843
2,6758,0.989347309,-0.15045631117420025,1.1398036201742003
2,6759,0.846334219,-0.15045631117420025,0.9967905301742003
2,6760,1.263623074,-0.19521261583724986,1.4588356898372499
2,6761,-2.121950363,-0.25802390060324476,-1.863926462396755
2,6762,0.475828506,-0.15034058008543197,0.626169086085432
2,6763,-0.991037686,-0.24409156739204088,-0.7469461186079591
2,6767,1.092624896,-0.13610089021928673,1.2287257862192869
2,6768,0.80034399,-0.2016800831701982,1.0020240731701981
2,6769,-0.7107165,-0.18125335857546396,-0.529463141424536
2,6770,0.660605529,-0.15734579321734307,0.8179513222173431
2,6771,0.771571793,-0.2526510372829629,1.0242228302829628
2,6772,0.55110618,-0.18047817174097677,0.7315843517409768
2,6773,-0.425210749,-0.1592171147306277,-0.2659936342693723
2,6774,0.323971837,-0.07147997640978815,0.39545181340978813
2,6775,0.635775011,-0.20181823198932483,0.8375932429893248
2,6776,0.5001218,-0.1649890750744454,0.6651108750744453
2,6778,-0.324369744,-0.2145045475541207,-0.1098651964458793
2,6780,0.49991228,-0.24428564102457423,0.7441979210245742
2,6781,0.51625399,-0.24014108540301246,0.7563950754030125
2,6782,0.296657491,0.016222369940732,0.280435121059268
2,6783,-1.691066398,-0.11153127723987251,-1.5795351207601276
2,6784,0.991392012,-0.009654095019434823,1.001046107019435
2,6792,-0.562616243,0.12849700784110876,-0.6911132508411088
2,6796,-0.741319797,0.2843365795977671,-1.025656376597767
2,6798,-2.141567217,-0.18949886788515757,-1.9520683491148425
2,6800,-1.291489225,-0.17575815132585995,-1.1157310736741402
2,6801,-0.656689436,-0.16285662951887894,-0.49383280648112104
2,6802,1.565109823,-0.046990215766221574,1.6121000387662217
2,6804,1.247709929,-0.10832944807335335,1.3560393770733534
2,6805,1.247709929,-0.046990215766221574,1.2947001447662216
2,6810,-0.974089331,-0.2788031333916516,-0.6952861976083484
2,6811,0.295510246,-0.0397459565417959,0.3352562025417959
2,6812,-0.656689436,-0.1711648618080842,-0.48552457419191575
2,6813,0.930310035,-0.15045631117420025,1.0807663461742003
2,6814,0.612910141,-0.15045631117420025,0.7633664521742002
2,6815,0.295510246,-0.19521261583724986,0.49072286183724984
2,6816,0.612910141,-0.15034058008543197,0.7632507210854319
2,6818,-0.021889648,-0.2016800831701982,0.1797904351701982
2,6819,-0.656689436,-0.18125335857546396,-0.475436077424536
2,6820,-0.021889648,-0.2526510372829629,0.2307613892829629
2,6821,2.517309506,-0.07147997640978815,2.5887894824097883
2,6822,-0.974089331,-0.1649890750744454,-0.8091002559255546
2,6824,-0.021889648,-0.24428564102457423,0.22239599302457422
2,6826,-0.021889648,-0.3201738056451233,0.29828415764512334
2,6827,1.565109823,-0.24014108540301246,1.8052509084030124
2,6833,-1.222697642,0.21665251072620748,-1.4393501527262074
2,6836,0.534431001,0.21665251072620748,0.31777849027379246
2,6837,-1.376004168,-0.25896786344947154,-1.1170363045505285
2,9079,0.05614174,0.040850323180459315,0.015291416819540687
2,9109,0.264379463,-0.010621529306588075,0.27500099230658803
2,9154,0.099225408,-0.17044521839186802,0.269670626391868
2,9696,-1.50007526,-0.6573857722316708,-0.8426894877683292
2,10198,-0.824781619,0.14789456774592621,-0.9726761867459263
2,10199,-0.765198671,0.14789456774592621,-0.9130932387459263
2,10210,-1.163217554,0.14789456774592621,-1.3111121217459263
2,10211,-1.151993517,0.14789456774592621,-1.2998880847459262
2,10222,-0.69723577,0.14789456774592621,-0.8451303377459263
2,10223,0.41950441,0.14789456774592621,0.2716098422540738
2,10234,1.086007191,0.14789456774592621,0.9381126232540737
2,10235,1.370486581,0.14789456774592621,1.2225920132540737
2,10244,2.604625155,0.8900749226000577,1.7145502323999422
2,10246,1.258970967,0.3401268995764124,0.9188440674235876
2,10247,1.62107235,0.3401268995764124,1.2809454504235875
2,10498,-0.865221202,-0.04478401208705671,-0.8204371899129432
2,10499,-0.028421156,-0.04478401208705671,0.016362856087056708
2,10510,-1.0073153,-0.04478401208705671,-0.9625312879129432
2,10511,-0.084889587,-0.04478401208705671,-0.040105574912943295
2,10522,-1.137395041,-0.04478401208705671,-1.0926110289129434
2,10523,0.171207094,-0.04478401208705671,0.2159911060870567
2,10534,0.633851959,-0.04478401208705671,0.6786359710870568
2,10535,1.001513445,-0.04478401208705671,1.0462974570870567
2,10546,1.055807588,-0.0075660708808372055,1.0633736588808371
2,10547,1.772362152,-0.0075660708808372055,1.779928222880837
2,10664,-1.010064882,-0.09287559531488178,-0.9171892866851182
2,10666,0.887281264,-0.06819036975774526,0.9554716337577452
2,10667,0.716354434,-0.06819036975774526,0.7845448037577453
2,10678,0.63675085,0.0807243210405338,0.5560265289594661
2,10679,0.795140262,0.0807243210405338,0.7144159409594661
2,10690,-0.420746195,0.0807243210405338,-0.5014705160405338
2,10691,-0.206097024,0.0807243210405338,-0.2868213450405338
2,10702,-0.016887839,0.0807243210405338,-0.0976121600405338
2,10703,-0.210004493,0.0807243210405338,-0.2907288140405338
2,10714,-0.311932014,0.0807243210405338,-0.39265633504053377
2,10715,-0.394844048,0.0807243210405338,-0.4755683690405338
2,10726,0.456080701,0.1520234707690206,0.3040572302309794
2,10727,-0.079648317,0.1520234707690206,-0.2316717877690206
2,10738,-0.21745915,-0.0865398084422463,-0.1309193415577537
2,10739,0.357585129,-0.0865398084422463,0.4441249374422463
2,10750,-0.941872034,-0.0865398084422463,-0.8553322255577537
2,10751,-0.426295953,-0.0865398084422463,-0.3397561445577537
2,10762,0.252329523,-0.0865398084422463,0.3388693314422463
2,10763,0.222349802,-0.0865398084422463,0.30888961044224633
2,10774,-0.789633738,-0.0865398084422463,-0.7030939295577537
2,10775,-0.477713377,-0.0865398084422463,-0.3911735685577537
2,10786,-0.465329927,-0.12068840343783357,-0.3446415235621664
2,10787,-0.09683711,-0.12068840343783357,0.02385129343783357
2,10798,-0.001807448,-0.23033564987759386,0.22852820187759387
2,10799,0.425066442,-0.23033564987759386,0.6554020918775938
2,10810,-1.256235516,-0.23033564987759386,-1.0258998661224061
2,10811,-1.136376302,-0.23033564987759386,-0.906040652122406
2,10822,-0.885857199,-0.23033564987759386,-0.6555215491224062
2,10823,0.037649088,-0.23033564987759386,0.26798473787759386
2,10834,-2.225315332,-0.23033564987759386,-1.9949796821224062
2,10835,0.2386988,-0.23033564987759386,0.46903444987759385
2,10844,-1.114092598,-0.10740902707451071,-1.0066835709254893
2,10846,-0.360130697,-0.24772201157425916,-0.11240868542574084
2,10847,0.281326251,-0.24772201157425916,0.5290482625742592
2,10858,-0.277081042,-0.22160423728081255,-0.05547680471918745
2,10859,0.672232074,-0.22160423728081255,0.8938363112808125
2,10870,-1.396067797,-0.22160423728081255,-1.1744635597191875
2,10871,-1.187210767,-0.22160423728081255,-0.9656065297191875
2,10882,-0.483961381,-0.22160423728081255,-0.2623571437191875
2,10883,0.513030736,-0.22160423728081255,0.7346349732808126
2,10894,-1.597801047,-0.22160423728081255,-1.3761968097191875
2,10895,-0.5336578,-0.22160423728081255,-0.3120535627191874
2,10906,-0.391221295,-0.2397356719426442,-0.15148562305735583
2,10907,0.432145766,-0.2397356719426442,0.6718814379426442
2,10918,0.141842095,0.3139243739046479,-0.1720822789046479
2,10919,0.510163098,0.3139243739046479,0.19623872409535215
2,10930,-0.081934486,0.3139243739046479,-0.39585885990464786
2,10931,-0.245336451,0.3139243739046479,-0.5592608249046479
2,10942,-0.322726406,0.3139243739046479,-0.6366507799046479
2,10943,0.367319555,0.3139243739046479,0.05339518109535213
2,10954,-0.289305494,0.3139243739046479,-0.6032298679046479
2,10955,-0.12625367,0.3139243739046479,-0.4401780439046479
2,10964,-1.090081534,0.12350126323661745,-1.2135827972366175
2,10966,-0.229556068,0.35890245572805296,-0.588458523728053
2,10967,0.125793321,0.35890245572805296,-0.23310913472805295
2,10978,-0.121462939,0.07008011116798919,-0.1915430501679892
2,10979,0.529490217,0.07008011116798919,0.4594101058320108
2,10990,-0.3487751,0.07008011116798919,-0.4188552111679892
2,10991,-1.165203924,0.07008011116798919,-1.2352840351679892
2,11002,0.243334344,0.07008011116798919,0.1732542328320108
2,11003,0.969178551,0.07008011116798919,0.8990984398320109
2,11014,-0.858677434,0.07008011116798919,-0.9287575451679891
2,11015,-0.269203532,0.07008011116798919,-0.3392836431679892
2,11024,1.25988056,1.1052720897684116,0.1546084702315884
2,11026,-0.039089658,0.12973211312068247,-0.16882177112068247
2,11027,0.39079077,0.12973211312068247,0.2610586568793175
2,11158,-0.932621706,-0.43705303464625617,-0.4955686713537439
2,11159,0.328832454,-0.43705303464625617,0.7658854886462562
2,11170,-0.649668033,-0.43705303464625617,-0.2126149983537438
2,11171,-0.176383899,-0.43705303464625617,0.26066913564625616
2,11182,0.043640067,-0.43705303464625617,0.48069310164625617
2,11183,0.529849252,-0.43705303464625617,0.9669022866462562
2,11194,-0.341284702,-0.43705303464625617,0.09576833264625617
2,11195,-1.601902647,-0.43705303464625617,-1.1648496123537437
2,11204,-1.092010119,-0.2206893934474617,-0.8713207255525384
2,11206,-0.842837843,-0.44170049453061094,-0.40113734846938903
2,11207,-0.56580557,-0.44170049453061094,-0.12410507546938904
2,11209,-0.858874193,-0.539743041406014,-0.319131151593986
2,11218,0.826115593,-0.5135829188236132,1.339698511823613
2,11219,0.801815444,-0.5135829188236132,1.3153983628236132
2,11230,0.29732686,-0.5135829188236132,0.8109097788236133
2,11231,0.238377102,-0.5135829188236132,0.7519600208236132
2,11242,-0.101762587,-0.5135829188236132,0.41182033182361316
2,11243,-0.065916434,-0.5135829188236132,0.44766648482361315
2,11254,-0.449749156,-0.5135829188236132,0.0638337628236132
2,11255,-0.574188854,-0.5135829188236132,-0.060605935176386794
2,11264,0.749641138,0.42034099170467226,0.3293001462953277
2,11266,-0.834247284,-0.5259830566824555,-0.30826422731754455
2,11267,-0.850000052,-0.5259830566824555,-0.32401699531754447
2,11278,-0.757921718,-0.5686467565788228,-0.18927496142117717
2,11279,0.526478994,-0.5686467565788228,1.0951257505788228
2,11290,-0.575768744,-0.5686467565788228,-0.0071219874211772005
2,11291,-0.342350628,-0.5686467565788228,0.2262961285788228
2,11302,-0.380702709,-0.5686467565788228,0.18794404757882283
2,11303,-0.116949034,-0.5686467565788228,0.4516977225788228
2,11314,-0.993052434,-0.5686467565788228,-0.4244056774211772
2,11315,-0.885091347,-0.5686467565788228,-0.31644459042117723
2,11326,-1.345110305,-0.5690098800459128,-0.7761004249540872
2,11327,-1.457061896,-0.5690098800459128,-0.8880520159540871
2,11398,-0.776366309,0.14789456774592621,-0.9242608767459263
2,11399,-0.317049098,0.14789456774592621,-0.46494366574592616
2,11410,-0.311600528,0.14789456774592621,-0.4594950957459262
2,11411,0.241987631,0.14789456774592621,0.0940930632540738
2,11422,-1.214833918,0.14789456774592621,-1.3627284857459263
2,11423,-0.462882501,0.14789456774592621,-0.6107770687459262
2,11434,0.627112987,0.14789456774592621,0.4792184192540737
2,11435,0.241093896,0.14789456774592621,0.09319932825407379
2,11444,2.468147256,0.8900749226000577,1.5780723333999422
2,11446,0.803253351,0.3401268995764124,0.46312645142358755
2,11447,1.100640862,0.3401268995764124,0.7605139624235877
2,11698,0.004535479,-0.04478401208705671,0.04931949108705671
2,11699,0.057216644,-0.04478401208705671,0.1020006560870567
2,11710,0.313811837,-0.04478401208705671,0.35859584908705666
2,11711,0.785841196,-0.04478401208705671,0.8306252080870568
2,11722,-0.303752143,-0.04478401208705671,-0.25896813091294324
2,11723,0.180927252,-0.04478401208705671,0.22571126408705672
2,11734,0.394242717,-0.04478401208705671,0.43902672908705676
2,11735,0.467017424,-0.04478401208705671,0.5118014360870567
2,11746,0.946338456,-0.0075660708808372055,0.9539045268808372
2,11747,1.580149087,-0.0075660708808372055,1.587715157880837
2,11864,0.349722469,-0.09287559531488178,0.44259806431488175
2,11866,1.25911454,-0.06819036975774526,1.3273049097577452
2,11867,0.814784235,-0.06819036975774526,0.8829746047577453
2,11878,1.07072293,0.0807243210405338,0.9899986089594662
2,11879,1.010935161,0.0807243210405338,0.9302108399594661
2,11890,0.351006029,0.0807243210405338,0.2702817079594662
2,11891,1.052851754,0.0807243210405338,0.9721274329594661
2,11902,0.431947064,0.0807243210405338,0.3512227429594662
2,11903,0.611524929,0.0807243210405338,0.5308006079594662
2,11914,0.478596303,0.0807243210405338,0.3978719819594662
2,11915,0.65194371,0.0807243210405338,0.5712193889594661
2,11926,0.885613952,0.1520234707690206,0.7335904812309795
2,11927,1.442188073,0.1520234707690206,1.2901646022309794
2,11938,0.778100999,-0.0865398084422463,0.8646408074422463
2,11939,1.056290142,-0.0865398084422463,1.1428299504422463
2,11950,0.694550912,-0.0865398084422463,0.7810907204422463
2,11951,0.794313294,-0.0865398084422463,0.8808531024422462
2,11962,0.331565865,-0.0865398084422463,0.4181056734422463
2,11963,0.581651833,-0.0865398084422463,0.6681916414422463
2,11974,0.383707238,-0.0865398084422463,0.4702470464422463
2,11975,0.577908989,-0.0865398084422463,0.6644487974422463
2,11986,0.464709332,-0.12068840343783357,0.5853977354378336
2,11987,0.909881099,-0.12068840343783357,1.0305695024378336
2,11998,0.779122451,-0.23033564987759386,1.0094581008775938
2,11999,0.915748468,-0.23033564987759386,1.1460841178775938
2,12010,0.16424126,-0.23033564987759386,0.39457690987759386
2,12011,0.478018153,-0.23033564987759386,0.7083538028775939
2,12022,-0.054989694,-0.23033564987759386,0.17534595587759386
2,12023,0.623032195,-0.23033564987759386,0.8533678448775939
2,12034,-0.004266416,-0.23033564987759386,0.22606923387759387
2,12035,0.648145035,-0.23033564987759386,0.8784806848775939
2,12044,-0.472969048,-0.10740902707451071,-0.3655600209254893
2,12046,0.818822181,-0.24772201157425916,1.0665441925742591
2,12047,0.836207377,-0.24772201157425916,1.0839293885742591
2,12058,0.844134741,-0.22160423728081255,1.0657389782808124
2,12059,0.938192486,-0.22160423728081255,1.1597967232808126
2,12070,0.148815663,-0.22160423728081255,0.3704199002808125
2,12071,0.664948333,-0.22160423728081255,0.8865525702808126
2,12082,0.247536466,-0.22160423728081255,0.4691407032808126
2,12083,0.514782538,-0.22160423728081255,0.7363867752808125
2,12094,0.229184301,-0.22160423728081255,0.45078853828081256
2,12095,0.494065,-0.22160423728081255,0.7156692372808126
2,12106,0.502057713,-0.2397356719426442,0.7417933849426442
2,12107,0.909376484,-0.2397356719426442,1.1491121559426443
2,12118,0.869954519,0.3139243739046479,0.5560301450953521
2,12119,0.865259722,0.3139243739046479,0.5513353480953521
2,12130,0.742539029,0.3139243739046479,0.4286146550953521
2,12131,0.562515393,0.3139243739046479,0.24859101909535208
2,12142,0.35142464,0.3139243739046479,0.03750026609535212
2,12143,0.41305952,0.3139243739046479,0.09913514609535212
2,12154,0.387153682,0.3139243739046479,0.07322930809535211
2,12155,0.42457878,0.3139243739046479,0.1106544060953521
2,12164,0.591047346,0.12350126323661745,0.4675460827633825
2,12166,0.45129712,0.35890245572805296,0.09239466427194704
2,12167,0.71496846,0.35890245572805296,0.35606600427194707
2,12178,0.735020032,0.07008011116798919,0.6649399208320108
2,12179,1.205486222,0.07008011116798919,1.1354061108320108
2,12190,1.160902359,0.07008011116798919,1.0908222478320109
2,12191,0.979922688,0.07008011116798919,0.9098425768320109
2,12202,0.510914304,0.07008011116798919,0.44083419283201086
2,12203,0.901392449,0.07008011116798919,0.8313123378320109
2,12214,0.517105757,0.07008011116798919,0.4470256458320109
2,12215,0.896957702,0.07008011116798919,0.8268775908320108
2,12224,2.512624648,1.1052720897684116,1.4073525582315884
2,12226,0.754879996,0.12973211312068247,0.6251478828793176
2,12227,1.167935787,0.12973211312068247,1.0382036738793174
2,12358,-1.316767605,-0.43705303464625617,-0.8797145703537437
2,12359,-1.282125206,-0.43705303464625617,-0.8450721713537437
2,12370,-1.071316749,-0.43705303464625617,-0.6342637143537437
2,12371,-1.660576434,-0.43705303464625617,-1.2235233993537438
2,12382,-0.926795738,-0.43705303464625617,-0.48974270335374387
2,12383,-0.9646721,-0.43705303464625617,-0.5276190653537438
2,12394,-1.019094385,-0.43705303464625617,-0.5820413503537438
2,12395,-1.087066723,-0.43705303464625617,-0.6500136883537437
2,12404,-1.022610369,-0.2206893934474617,-0.8019209755525383
2,12406,-0.942383876,-0.44170049453061094,-0.500683381469389
2,12407,-0.983862772,-0.44170049453061094,-0.542162277469389
2,12409,-1.312895797,-0.539743041406014,-0.7731527555939859
2,12418,-1.069772849,-0.5135829188236132,-0.5561899301763868
2,12419,-1.3605759,-0.5135829188236132,-0.8469929811763868
2,12430,-1.117693209,-0.5135829188236132,-0.6041102901763868
2,12431,-0.96794012,-0.5135829188236132,-0.4543572011763868
2,12442,-1.364841764,-0.5135829188236132,-0.8512588451763867
2,12443,-1.44339593,-0.5135829188236132,-0.9298130111763869
2,12454,-1.452947563,-0.5135829188236132,-0.9393646441763868
2,12455,-1.239983011,-0.5135829188236132,-0.7264000921763869
2,12464,0.063899029,0.42034099170467226,-0.35644196270467227
2,12466,-1.284664679,-0.5259830566824555,-0.7586816223175445
2,12467,-1.207119957,-0.5259830566824555,-0.6811369003175445
2,12478,-1.206640943,-0.5686467565788228,-0.6379941864211772
2,12479,-1.066700972,-0.5686467565788228,-0.4980542154211772
2,12490,-1.426726032,-0.5686467565788228,-0.8580792754211771
2,12491,-1.074338123,-0.5686467565788228,-0.5056913664211772
2,12502,-0.465027444,-0.5686467565788228,0.10361931257882279
2,12503,-1.279605634,-0.5686467565788228,-0.7109588774211771
2,12514,-1.506146929,-0.5686467565788228,-0.9375001724211772
2,12515,-1.309563249,-0.5686467565788228,-0.7409164924211772
2,12526,-0.495142831,-0.5690098800459128,0.07386704904591279
2,12527,-0.882370755,-0.5690098800459128,-0.31336087495408715
2,13630,-1.759187149,-0.5314860092636695,-1.2277011397363304
2,13631,-0.617101043,-0.2483657629603667,-0.3687352800396333
2,13639,-0.109232741,0.15318407731426953,-0.26241681831426955
2,13640,1.011114934,-0.06442810541018373,1.0755430394101837
2,13641,0.701706764,-0.14321694917139338,0.8449237131713934
2,13642,0.782189135,0.1380948739033302,0.6440942610966698
2,13643,-0.039005228,0.12345423729047686,-0.16245946529047686
2,13645,1.400388659,0.21428936268441884,1.1860992963155812
2,14004,0.477611216,0.507572931451964,-0.02996171545196402
2,14006,-0.894834808,0.38018339291836584,-1.275018200918366
2,14015,1.85005724,0.9871477630360161,0.8629094769639838
2,14028,-0.894834808,-0.2551189897477551,-0.6397158182522449
2,14029,-0.894834808,-0.11424773837614592,-0.7805870696238542
2,14030,-0.894834808,-0.1443153752125478,-0.7505194327874523
2,14032,0.477611216,-0.330902341182983,0.808513557182983
2,14040,-0.894834808,-0.23517945229210832,-0.6596553557078917
2,14041,-0.894834808,-0.30678174575685674,-0.5880530622431432
2,14045,-0.894834808,-0.07563049946000204,-0.819204308539998
2,14050,0.477611216,-0.3232866542690754,0.8008978702690754
3,1237,-0.786765209,0.3608105138623442,-1.1475757228623442
3,1243,2.450211652,0.3616635244809032,2.088548127519097
3,1249,1.640967437,0.36445265037691604,1.276514786623084
3,1255,0.831723221,0.3648785987216439,0.46684462227835605
3,1261,0.831723221,0.3561902497596535,0.47553297124034644
3,1267,0.022479006,0.33725900475543813,-0.3147799987554381
3,1436,0.712483038,-0.06548651660712582,0.7779695546071258
3,1437,0.167355044,-0.07351611938037658,0.2408711633803766
3,1438,-0.731289507,-0.11506676150618252,-0.6162227454938174
3,1440,0.67511562,-0.3198441925769242,0.9949598125769242
3,1442,-0.126315635,-0.30382477679795356,0.17750914179795355
3,1446,-1.336029502,-0.06548651660712582,-1.270542985392874
3,1447,-0.540521688,-0.07351611938037658,-0.4670055686196234
3,1448,0.584189388,-0.11506676150618252,0.6992561495061825
3,1450,-0.414706718,-0.3198441925769242,-0.09486252542307577
3,1452,-0.817503415,-0.30382477679795356,-0.5136786382020464
3,1463,2.903139486,0.3222555837865055,2.5808839022134946
3,1469,0.377170285,0.10587270558056464,0.27129757941943533
3,1470,0.34247535,-0.0045832389549781034,0.3470585889549781
3,1471,0.514657843,0.012391552074352677,0.5022662909256472
3,1472,0.960922359,0.06463412012551899,0.8962882388744811
3,1473,2.121265631,0.9929832790307116,1.1282823519692884
3,1477,-0.243441195,-0.1107195854271959,-0.1327216095728041
3,1479,-0.186805141,-0.11428122721521461,-0.0725239137847854
3,1480,0.624730562,-0.0045832389549781034,0.6293138009549781
3,1481,-0.079338703,0.012391552074352677,-0.09173025507435267
3,1482,0.379795246,0.06463412012551899,0.315161125874481
3,1483,2.043058964,0.9929832790307116,1.0500756849692885
3,1487,-0.270008453,-0.1107195854271959,-0.15928886757280408
3,1489,0.591757488,-0.11428122721521461,0.7060387152152147
3,1490,0.459114659,-0.0045832389549781034,0.46369789795497807
3,1491,-0.936760197,0.012391552074352677,-0.9491517490743527
3,1492,-0.111186702,0.06463412012551899,-0.17582082212551897
3,1493,1.393117883,0.9929832790307116,0.40013460396928835
3,1497,-0.494114315,-0.1107195854271959,-0.3833947295728041
3,1499,-1.309681821,-0.11428122721521461,-1.1954005937847856
3,1500,0.53167942,-0.0045832389549781034,0.5362626589549782
3,1501,1.446593871,0.012391552074352677,1.4342023189256472
3,1502,0.127690795,0.06463412012551899,0.06305667487448101
3,1503,0.863760779,0.9929832790307116,-0.12922250003071156
3,1507,-0.415008087,-0.1107195854271959,-0.3042885015728041
3,1509,0.863848542,-0.11428122721521461,0.9781297692152147
3,1510,-0.227332885,-0.0045832389549781034,-0.2227496460450219
3,1511,0.196588892,0.012391552074352677,0.1841973399256473
3,1512,-0.187449781,0.06463412012551899,-0.252083901125519
3,1513,0.911521005,0.9929832790307116,-0.0814622740307116
3,1517,-0.066495306,-0.1107195854271959,0.044224279427195895
3,1519,-0.469754256,-0.11428122721521461,-0.35547302878478537
3,1521,-1.325766455,-0.13482388138725335,-1.1909425736127466
3,1522,-0.779394104,-0.0867087588908271,-0.6926853451091729
3,1523,1.00346331,0.16464607633112094,0.8388172336688792
3,1524,0.90471736,0.12712694114186693,0.7775904188581331
3,1525,0.955031564,0.05520090956708753,0.8998306544329124
3,1527,0.170183443,-0.27489962701715215,0.44508307001715214
3,1531,-0.935871453,-0.13482388138725335,-0.8010475716127466
3,1532,1.041725277,-0.0867087588908271,1.1284340358908271
3,1533,-1.283074405,0.16464607633112094,-1.447720481331121
3,1534,-0.054805356,0.12712694114186693,-0.18193229714186693
3,1535,-0.510959412,0.05520090956708753,-0.5661603215670875
3,1537,-0.914444284,-0.27489962701715215,-0.6395446569828478
3,1540,-1.310858636,-0.06610659120641421,-1.2447520447935858
3,1541,-1.338320396,-0.11363506180933149,-1.2246853341906685
3,1542,1.050064818,-0.049621571026602786,1.0996863890266029
3,1543,-0.99359228,0.8964298380879795,-1.8900221180879795
3,1549,-1.147498873,-0.17250378116457776,-0.9749950918354222
3,1565,-0.551349341,0.0663230466388213,-0.6176723876388213
3,1575,-0.202559054,0.0663230466388213,-0.2688821006388213
3,1585,-0.216511557,0.0663230466388213,-0.2828346036388213
3,1595,-0.447014377,0.0663230466388213,-0.5133374236388213
3,1605,1.330258419,0.0663230466388213,1.2639353723611786
3,1607,-0.135175907,-0.10418523290075674,-0.030990674099243276
3,1608,-0.718222018,0.0026562420655756955,-0.7208782600655756
3,1610,0.906584774,-0.12129761545774327,1.0278823894577434
3,1611,1.021517273,-0.10570549936391097,1.127222772363911
3,1612,1.488302608,-0.24493605085281256,1.7332386588528124
3,1614,-0.426801187,-0.17061177645856923,-0.2561894105414308
3,1616,0.498995714,-0.12633454815466244,0.6253302621546624
3,1617,1.505880605,-0.10418523290075674,1.6100658379007566
3,1618,0.353556365,0.0026562420655756955,0.3509001229344243
3,1620,-0.456804771,-0.12129761545774327,-0.33550715554225674
3,1621,0.327269986,-0.10570549936391097,0.43297548536391095
3,1622,-0.424070088,-0.24493605085281256,-0.17913403714718745
3,1624,-0.547001455,-0.17061177645856923,-0.37638967854143074
3,1626,0.156963792,-0.12633454815466244,0.28329834015466243
3,1635,0.086813839,-0.0004908937257702883,0.08730473272577029
3,1636,-0.37785936,0.12458453163272241,-0.5024438916327224
3,1694,0.614645479,-0.2492842945029435,0.8639297735029435
3,1697,-1.301625642,-0.3385503548148057,-0.9630752871851944
3,1698,0.115819109,-0.2853148956053005,0.40113400460530046
3,1699,-1.023194189,-0.4889841550639764,-0.5342100339360236
3,1701,0.972260384,-0.3315202086407743,1.3037805926407744
3,1703,0.295703614,-0.20651437079344498,0.5022179847934449
3,1704,1.322337694,-0.2492842945029435,1.5716219885029434
3,1707,-0.930553936,-0.3385503548148057,-0.5920035811851942
3,1708,0.612690365,-0.2853148956053005,0.8980052606053004
3,1709,-0.164207053,-0.4889841550639764,0.3247771020639764
3,1711,-0.382272356,-0.3315202086407743,-0.050752147359225674
3,1713,0.847947964,-0.20651437079344498,1.054462334793445
3,1781,-1.32621754,-0.15922499370302307,-1.166992546296977
3,1784,0.157544505,0.005309254749299908,0.1522352502507001
3,1785,0.935573358,0.01597097574277424,0.9196023822572257
3,1788,0.567971451,-0.34321890751697465,0.9111903585169747
3,1790,0.67687818,-0.1695526508243141,0.846430830824314
3,1791,0.955740858,-0.15922499370302307,1.114965851703023
3,1794,-1.021038971,0.005309254749299908,-1.0263482257493
3,1795,0.448828895,0.01597097574277424,0.4328579192572258
3,1798,-0.445274296,-0.34321890751697465,-0.10205538848302537
3,1800,0.370444388,-0.1695526508243141,0.539997038824314
3,1868,-1.325128049,-0.2702005602732558,-1.0549274887267441
3,1871,0.207126909,-0.3498723763221335,0.5569992853221335
3,1872,0.520575356,-0.2625015010593147,0.7830768570593147
3,1873,1.464251354,-0.47335547327912164,1.9376068272791216
3,1875,-0.268905872,-0.3305518334568254,0.06164596145682538
3,1877,0.384950424,-0.22482481298023282,0.6097752369802328
3,1878,0.969080872,-0.2702005602732558,1.239281432273256
3,1881,-1.308061911,-0.3498723763221335,-0.9581895346778665
3,1882,0.14929032,-0.2625015010593147,0.41179182105931467
3,1883,-0.440275494,-0.47335547327912164,0.03307997927912165
3,1885,-1.006699648,-0.3305518334568254,-0.6761478145431745
3,1887,1.262586267,-0.22482481298023282,1.487411079980233
3,1955,-1.310900614,-0.20866983322176677,-1.1022307807782332
3,1958,-0.635252154,-0.32490066691577724,-0.3103514870842228
3,1959,-0.031156035,-0.2774037016151927,0.24624766661519268
3,1960,-0.813636288,-0.46850662453655983,-0.34512966346344015
3,1962,0.663321408,-0.30763706537875046,0.9709584733787504
3,1964,-0.468062612,-0.15021147405508575,-0.31785113794491426
3,1965,1.370047298,-0.20866983322176677,1.5787171312217667
3,1968,-0.913151788,-0.32490066691577724,-0.5882511210842227
3,1969,0.01579461,-0.2774037016151927,0.29319831161519266
3,1970,-0.809818174,-0.46850662453655983,-0.34131154946344017
3,1972,-0.640482538,-0.30763706537875046,-0.3328454726212495
3,1974,1.175671755,-0.15021147405508575,1.3258832290550857
3,1989,-0.358198446,-0.18541291557071196,-0.17278553042928804
3,1992,0.574677101,-0.09279378002020545,0.6674708810202055
3,1993,0.971795343,-0.11200421895112318,1.0837995619511231
3,1994,-1.155526867,-0.04246824825048579,-1.1130586187495142
3,1995,-0.496436115,-0.14836299460356536,-0.3480731203964347
3,1996,1.160997913,-0.08345514253632688,1.244453055536327
3,1997,0.936428061,-0.21616740009779079,1.1525954610977909
3,1998,0.813966253,-0.43646596430012313,1.2504322173001232
3,1999,-0.548629195,-0.20326681147537304,-0.3453623835246269
3,2001,0.26758627,-0.15782390494680537,0.4254101749468054
3,2002,0.506242545,-0.09279378002020545,0.5990363250202054
3,2003,1.145152474,-0.11200421895112318,1.2571566929511233
3,2004,1.192033412,-0.04246824825048579,1.234501660250486
3,2005,0.191719385,-0.14836299460356536,0.34008237960356535
3,2006,2.20544984,-0.08345514253632688,2.288904982536327
3,2007,-0.237158015,-0.21616740009779079,-0.020990614902209215
3,2008,-0.972897281,-0.43646596430012313,-0.5364313166998769
3,2009,-0.901384363,-0.20326681147537304,-0.698117551524627
3,2011,0.404508216,-0.15782390494680537,0.5623321209468053
3,2012,0.017064108,-0.09279378002020545,0.10985788802020546
3,2013,-0.670618848,-0.11200421895112318,-0.5586146290488768
3,2014,-0.731006783,-0.04246824825048579,-0.6885385347495142
3,2015,0.563269625,-0.14836299460356536,0.7116326196035654
3,2016,0.402338293,-0.08345514253632688,0.4857934355363269
3,2017,-0.871769464,-0.21616740009779079,-0.6556020639022092
3,2018,-0.700802886,-0.43646596430012313,-0.2643369216998768
3,2019,0.257938563,-0.20326681147537304,0.461205374475373
3,2021,0.948996472,-0.15782390494680537,1.1068203769468055
3,2022,1.217519356,-0.09279378002020545,1.3103131360202054
3,2023,-0.992022752,-0.11200421895112318,-0.8800185330488768
3,2024,1.378919555,-0.04246824825048579,1.4213878032504859
3,2025,-0.942821486,-0.14836299460356536,-0.7944584913964347
3,2026,0.860525655,-0.08345514253632688,0.9439807975363269
3,2027,-0.091089996,-0.21616740009779079,0.12507740409779078
3,2028,-0.236523543,-0.43646596430012313,0.19994242130012313
3,2029,-0.695673562,-0.20326681147537304,-0.4924067505246269
3,2031,0.077404775,-0.15782390494680537,0.23522867994680535
3,2032,0.033716643,-0.09279378002020545,0.12651042302020546
3,2033,0.631959162,-0.11200421895112318,0.7439633809511232
3,2034,-1.09317935,-0.04246824825048579,-1.050711101749514
3,2035,1.219571317,-0.14836299460356536,1.3679343116035654
3,2036,1.02521598,-0.08345514253632688,1.1086711225363268
3,2037,-1.015826421,-0.21616740009779079,-0.7996590209022093
3,2038,-1.131218881,-0.43646596430012313,-0.6947529166998767
3,2039,0.439334348,-0.20326681147537304,0.642601159475373
3,2041,0.476366893,-0.15782390494680537,0.6341907979468053
3,2043,-1.310064512,-0.16120281553718932,-1.1488616964628107
3,2044,-0.813725969,-0.08177100752175998,-0.7319549614782401
3,2046,0.249378561,-0.2543396108983125,0.5037181718983125
3,2049,0.11989157,-0.23845162271851456,0.35834319271851456
3,2053,0.985480128,-0.16120281553718932,1.1466829435371892
3,2054,0.382809811,-0.08177100752175998,0.46458081852176
3,2056,0.897413756,-0.2543396108983125,1.1517533668983124
3,2059,-0.536301121,-0.23845162271851456,-0.2978494982814855
3,2062,0.430853359,-0.11834741420598209,0.549200773205982
3,2063,-0.920428624,-0.1995866001704911,-0.7208420238295089
3,2064,-0.037142757,-0.13193372638905076,0.09479096938905077
3,2065,-1.316009695,-0.23985676170286988,-1.07615293329713
3,2066,0.205339034,-0.1546394998793722,0.3599785338793722
3,2067,-0.832320817,-0.287100912795147,-0.5452199042048531
3,2068,-0.633487008,-0.48440105234004693,-0.14908595565995308
3,2069,-0.813725969,-0.25302909674135293,-0.5606968722586472
3,2071,0.370444388,-0.18919700980116802,0.5596413978011681
3,2129,-1.343470865,-0.2757276791693584,-1.0677431858306417
3,2132,-0.898245987,-0.40992128646085374,-0.4883247005391463
3,2133,-0.551378294,-0.3498647130591706,-0.20151358094082944
3,2136,-0.551729348,-0.34395095744334037,-0.2077783905566596
3,2138,0.366991702,-0.30430557860541807,0.671297280605418
3,2139,-0.590949564,-0.2757276791693584,-0.31522188483064156
3,2142,-1.298134503,-0.40992128646085374,-0.8882132165391463
3,2143,0.416066289,-0.3498647130591706,0.7659310020591705
3,2146,-0.614900894,-0.34395095744334037,-0.27094993655665967
3,2148,0.234053249,-0.30430557860541807,0.5383588276054181
3,2216,-1.351154777,-0.24928572036313595,-1.101869056636864
3,2219,-1.319266009,-0.33730897079973676,-0.9819570382002631
3,2220,-0.427018024,-0.302988361787238,-0.12402966221276202
3,2221,-1.137141502,-0.48927047212267677,-0.6478710298773231
3,2223,-0.331181305,-0.2830565953728658,-0.048124709627134166
3,2225,0.982115447,-0.28151225101951405,1.263627698019514
3,2226,-0.266002161,-0.24928572036313595,-0.01671644063686406
3,2229,-1.314029131,-0.33730897079973676,-0.9767201602002633
3,2230,-0.060904447,-0.302988361787238,0.24208391478723798
3,2231,-0.306649082,-0.48927047212267677,0.18262139012267675
3,2233,-0.604721508,-0.2830565953728658,-0.3216649126271342
3,2235,-0.37785936,-0.28151225101951405,-0.09634710898048593
3,2303,-1.331215738,-0.21824915829458447,-1.1129665797054156
3,2304,-1.195902379,-0.05841133906596645,-1.1374910399340337
3,2306,-1.339012666,-0.30417892510759725,-1.0348337408924027
3,2307,-0.704433762,-0.26191498959470894,-0.442518772405291
3,2308,-1.11978923,-0.454723622495607,-0.665065607504393
3,2310,1.658224568,-0.23697113573979753,1.8951957037397975
3,2312,-1.298857164,-0.22818758506122128,-1.0706695789387788
3,2313,-0.89644285,-0.21824915829458447,-0.6781936917054155
3,2314,0.36935948,-0.05841133906596645,0.4277708190659665
3,2316,-1.312232758,-0.30417892510759725,-1.0080538328924027
3,2317,-0.255144271,-0.26191498959470894,0.006770718594708958
3,2318,-0.016609905,-0.454723622495607,0.438113717495607
3,2320,-0.80178191,-0.23697113573979753,-0.5648107742602024
3,2322,1.153500153,-0.22818758506122128,1.3816877380612214
3,2331,-0.767364365,-0.4175524473807572,-0.34981191761924285
3,2390,-1.094012078,-0.17744368870143745,-0.9165683892985625
3,2393,-1.356697716,-0.0531427301251455,-1.3035549858748545
3,2394,0.213343401,-0.045682887542563284,0.25902628854256327
3,2397,-0.131148578,-0.37673521341817257,0.24558663541817258
3,2399,-1.322860378,-0.17160050404791793,-1.1512598739520818
3,2400,-1.307935128,-0.17744368870143745,-1.1304914392985626
3,2403,-1.112630704,-0.0531427301251455,-1.0594879738748546
3,2404,0.50753392,-0.045682887542563284,0.5532168075425633
3,2407,-0.843869275,-0.37673521341817257,-0.4671340615818274
3,2409,0.808318484,-0.17160050404791793,0.9799189880479179
3,3808,1.273528734,0.07271690928840337,1.2008118247115966
3,4051,0.074973824,0.343015380533727,-0.26804155653372697
3,4503,-0.059889175,0.46883927778188583,-0.5287284527818858
3,4505,-0.197433693,0.27909672285951376,-0.4765304158595137
3,4508,-0.224942597,0.2439874587706376,-0.4689300557706376
3,4509,0.655342317,-0.48441771939038364,1.1397600363903837
3,4510,-0.610067247,0.26304895782335935,-0.8731162048233594
3,4519,1.700680653,0.46883927778188583,1.231841375218114
3,4521,1.122993678,0.27909672285951376,0.8438969551404862
3,4524,1.920751881,0.2439874587706376,1.6767644222293623
3,4525,0.517797799,-0.48441771939038364,1.0022155183903836
3,4526,-0.830138475,0.26304895782335935,-1.0931874328233593
3,4535,1.975769688,0.46883927778188583,1.5069304102181142
3,4537,0.875413546,0.27909672285951376,0.5963168231404863
3,4540,-0.472522729,0.2439874587706376,-0.7165101877706376
3,4541,-1.0227008,-0.48441771939038364,-0.5382830806096164
3,4542,-0.389996018,0.26304895782335935,-0.6530449758233594
3,4596,0.517797799,0.3118084319889291,0.2059893670110709
3,4599,-1.7929501,0.22863704048553443,-2.0215871404855346
3,4600,0.022637535,0.032126225529769674,-0.009488690529769674
3,4601,-1.435334354,0.21260081600770694,-1.647935170007707
3,4602,0.655342317,0.008353692202053726,0.6469886247979463
3,4603,-1.462843257,0.003336495856713741,-1.4661797528567138
3,4604,0.545306703,0.247760361397701,0.297546341602299
3,4605,-1.270280932,-0.27547491781450134,-0.9948060141854986
3,4606,0.105164246,0.18177410044857314,-0.07660985444857314
3,4612,0.98544916,0.3118084319889291,0.673640728011071
3,4615,-1.572878871,0.22863704048553443,-1.8015159114855344
3,4616,0.682851221,0.032126225529769674,0.6507249954702303
3,4617,1.920751881,0.21260081600770694,1.708151064992293
3,4618,-0.2524515,0.008353692202053726,-0.2608051922020537
3,4619,-0.775120668,0.003336495856713741,-0.7784571638567137
3,4620,-0.500031632,0.247760361397701,-0.747791993397701
3,4621,-0.940174089,-0.27547491781450134,-0.6646991711854986
3,4622,-0.472522729,0.18177410044857314,-0.6542968294485731
3,4631,-1.875476811,0.46883927778188583,-2.344316088781886
3,4633,-1.627896679,0.27909672285951376,-1.9069934018595138
3,4636,-0.967682993,0.2439874587706376,-1.2116704517706376
3,4637,-1.737932293,-0.48441771939038364,-1.2535145736096165
3,4638,-1.132736414,0.26304895782335935,-1.3957853718233593
3,4641,-1.352807643,-0.17405250829396832,-1.1787551347060317
3,4646,-2.26060146,-0.4419381387983028,-1.8186633212016974
3,4647,-1.682914486,0.06552289712616288,-1.7484373831261628
3,4648,-0.802629572,-0.07008210850866169,-0.7325474634913383
3,4649,-1.682914486,0.05174905002459638,-1.7346635360245963
3,4650,-1.737932293,-0.1402537224516323,-1.5976785705483678
3,4651,-1.462843257,-0.121745143897558,-1.341098113102442
3,4652,-0.857647379,0.08118935361176634,-0.9388367326117664
3,4653,-0.857647379,-0.3496994121716597,-0.5079479668283403
3,4654,-1.325298739,0.047818891695075076,-1.373117630695075
3,4692,0.98544916,0.3118084319889291,0.673640728011071
3,4695,0.792886835,0.22863704048553443,0.5642497945144656
3,4696,0.325235474,0.032126225529769674,0.29310924847023034
3,4697,-0.912665186,0.21260081600770694,-1.125266002007707
3,4698,0.325235474,0.008353692202053726,0.3168817817979463
3,4699,-0.389996018,0.003336495856713741,-0.39333251385671375
3,4700,0.682851221,0.247760361397701,0.435090859602299
3,4701,-1.0227008,-0.27547491781450134,-0.7472258821854987
3,4702,0.270217667,0.18177410044857314,0.08844356655142685
3,4708,1.480609424,0.3118084319889291,1.168800992011071
3,4711,-0.857647379,0.22863704048553443,-1.0862844194855343
3,4712,-0.2524515,0.032126225529769674,-0.2845777255297697
3,4713,1.975769688,0.21260081600770694,1.763168871992293
3,4714,0.325235474,0.008353692202053726,0.3168817817979463
3,4715,-0.114906983,0.003336495856713741,-0.11824347885671374
3,4716,0.847904642,0.247760361397701,0.6001442806022991
3,4717,-0.527540536,-0.27547491781450134,-0.2520656181854986
3,4718,0.572815607,0.18177410044857314,0.3910415065514269
3,4727,0.352744378,0.46883927778188583,-0.11609489978188581
3,4729,-0.417504922,0.27909672285951376,-0.6966016448595138
3,4732,0.517797799,0.2439874587706376,0.2738103402293624
3,4733,-0.747611765,-0.48441771939038364,-0.2631940456096164
3,4734,0.517797799,0.26304895782335935,0.25474884117664065
3,4737,-0.63757615,-0.17405250829396832,-0.46352364170603166
3,4742,-1.7929501,-0.4419381387983028,-1.3510119612016973
3,4743,-1.105227511,0.06552289712616288,-1.170750408126163
3,4744,0.682851221,-0.07008210850866169,0.7529333295086617
3,4745,-1.132736414,0.05174905002459638,-1.1844854640245963
3,4746,0.545306703,-0.1402537224516323,0.6855604254516323
3,4747,-0.114906983,-0.121745143897558,0.006838160897557996
3,4748,0.655342317,0.08118935361176634,0.5741529633882336
3,4749,-0.527540536,-0.3496994121716597,-0.17784112382834028
3,4750,0.435271089,0.047818891695075076,0.3874521973049249
3,4814,-0.329564277,-0.14758039430670855,-0.18198388269329147
3,4815,-0.329564277,-0.14758039430670855,-0.18198388269329147
3,4816,-0.329564277,-0.14758039430670855,-0.18198388269329147
3,4817,-0.329564277,-0.14758039430670855,-0.18198388269329147
3,4818,-0.329564277,-0.14758039430670855,-0.18198388269329147
3,4907,2.113302673,-0.0654341612475709,2.1787368342475713
3,4908,-0.329564277,-0.0654341612475709,-0.2641301157524291
3,4909,0.0099063,-0.0654341612475709,0.0753404612475709
3,4910,-0.329564277,-0.0654341612475709,-0.2641301157524291
3,4911,1.93771679,-0.0654341612475709,2.003150951247571
3,4938,-0.329564277,0.005582526530470943,-0.33514680353047094
3,4939,-0.329564277,0.005582526530470943,-0.33514680353047094
3,4940,-0.329564277,0.005582526530470943,-0.33514680353047094
3,4941,-0.329564277,0.005582526530470943,-0.33514680353047094
3,4942,-0.329564277,0.005582526530470943,-0.33514680353047094
3,5196,-0.632558882,-0.4403248871669223,-0.19223399483307768
3,5216,-0.440368743,-0.2714514342543813,-0.16891730874561872
3,5243,0.439046743,0.19045606967759166,0.24859067332240836
3,5268,-1.082529236,-0.4176844361362907,-0.6648447998637094
3,5269,-0.612262241,-0.4280163090227164,-0.18424593197728362
3,5271,-0.636174122,-0.37451562599814264,-0.26165849600185737
3,5358,-1.010793593,-0.4403248871669223,-0.5704687058330777
3,5378,-1.010793593,-0.2714514342543813,-0.7393421587456188
3,5405,-1.010793593,0.19045606967759166,-1.2012496626775917
3,5442,-1.709988451,-0.4176844361362907,-1.2923040148637095
3,5443,-1.366375778,-0.4280163090227164,-0.9383594689772836
3,5445,-1.383847609,-0.37451562599814264,-1.0093319830018574
3,8812,0.488186115,-0.3234152327610453,0.8116013477610453
3,8813,0.030436021,0.3213991540734266,-0.29096313307342664
3,8814,-0.468137344,-0.3234152327610453,-0.14472211123895473
3,8815,1.325036947,0.2677736125070699,1.05726333449293
3,8816,2.167992765,0.26533070922050306,1.902662055779497
3,8817,-1.431907543,-0.3234152327610453,-1.1084923102389546
3,8818,1.262008864,0.2927007730329958,0.9693080909670042
3,8819,-0.71779568,-0.3234152327610453,-0.39438044723895477
3,8820,-1.004365353,0.15945995882641018,-1.1638253118264101
3,8821,-0.9711309,-0.11124011040524726,-0.8598907895947527
3,8822,-0.759538482,0.1671456263218135,-0.9266841083218135
3,8823,-0.812390857,0.1365790024923451,-0.9489698594923451
3,8824,0.302311799,0.17556478736936923,0.12674701163063076
3,8825,-0.531132923,0.2954721211760214,-0.8266050441760214
3,8826,1.351290356,0.08208345719471115,1.269206898805289
3,8827,0.053149332,-0.35005166708121294,0.40320099908121293
3,8828,2.661572817,0.33360627677056676,2.3279665402294336
3,8829,-0.517388487,-0.35005166708121294,-0.16733681991878702
3,8830,1.34288773,0.2757872642068932,1.0671004657931067
3,8831,2.554332042,0.31606024546921513,2.238271796530785
3,8832,-1.418254434,-0.35005166708121294,-1.068202766918787
3,8833,1.590736264,0.21804756790405946,1.3726886960959406
3,8834,-0.774628849,-0.35005166708121294,-0.424577181918787
3,8835,-1.722721101,0.07205522837459064,-1.7947763293745906
3,8836,-1.093391419,-0.1140425328973249,-0.9793488861026751
3,8837,-0.596139348,0.18578304801660547,-0.7819223960166055
3,8838,-0.040689624,0.14691921977660408,-0.18760884377660408
3,8839,0.028341817,0.22326113402652492,-0.19491931702652493
3,8840,-0.473681597,0.22997298776650457,-0.7036545847665046
3,8841,-0.888188855,0.08371544928300449,-0.9719043042830044
3,8902,-0.287247988,-0.30863133378841434,0.021383345788414332
3,8903,0.624465373,0.2954181765004823,0.32904719649951775
3,8904,-1.196643859,-0.30863133378841434,-0.8880125252115856
3,8905,-0.197472149,0.23262365721948047,-0.4300958062194805
3,8906,-1.323308103,0.23547192178941118,-1.5587800247894112
3,8907,-0.348593242,-0.30863133378841434,-0.039961908211585684
3,8908,1.249623174,0.28271094391239593,0.966912230087604
3,8909,-0.144882885,-0.30863133378841434,0.16374844878841435
3,8910,-0.587306692,0.15886934052976076,-0.7461760325297607
3,8911,-0.402482571,-0.0894962773834515,-0.3129862936165485
3,8912,-1.092609709,0.13821092350279598,-1.230820632502796
3,8913,0.191043492,0.1006880617707181,0.09035543022928191
3,8914,-0.022726528,0.1443806390925983,-0.1671071670925983
3,8915,0.149911913,0.270659787694846,-0.12074787469484599
3,8916,-0.196657895,0.08588485069670301,-0.282542745696703
3,8917,-1.289893491,-0.3287938121419508,-0.9610996788580491
3,8918,-0.139792649,0.2987590782755354,-0.4385517272755354
3,8919,-2.009879997,-0.3287938121419508,-1.6810861848580494
3,8920,-0.086256845,0.23959186259972545,-0.32584870759972545
3,8921,-0.132212042,0.2763971868055071,-0.4086092288055071
3,8922,-0.35262349,-0.3287938121419508,-0.02382967785804918
3,8923,1.279061291,0.21153279821410667,1.0675284927858935
3,8924,-1.021465065,-0.3287938121419508,-0.6926712528580491
3,8925,-1.102809789,0.07727839432101256,-1.1800881833210124
3,8926,-0.849474568,-0.0883075083390905,-0.7611670596609095
3,8927,0.128491873,0.1492130575120538,-0.020721184512053792
3,8928,-0.344210077,0.10744127360205265,-0.45165135060205264
3,8929,0.241030093,0.18561289424977404,0.055417198750225966
3,8930,0.105932199,0.20849485420669356,-0.10256265520669355
3,8931,0.236714612,0.09136717481215216,0.14534743718784782
3,9007,0.522881463,-0.5227567606322496,1.0456382236322497
3,9009,0.522881463,0.010589423726139042,0.512292039273861
3,9011,0.192573352,-0.012168938244842253,0.20474229024484225
3,9012,0.300282518,-0.005028969619814265,0.30531148761981425
3,9014,0.522881463,0.17336396102311438,0.3495175019768857
3,9016,-1.099936647,0.13501186840618326,-1.2349485154061832
3,9017,-1.171742759,-0.13050982404222522,-1.0412329349577747
3,9018,0.407991685,-0.07859626795129178,0.48658795295129176
3,9019,0.285921297,-0.03417589763802291,0.32009719463802294
3,9024,0.099225408,5.709086201988512e-05,0.09916831713798012
3,9229,2.088254684,0.8658085780154403,1.2224461059845595
3,9234,-0.84558912,-0.284940545734588,-0.5606485742654119
3,9255,-0.091500983,0.16683079200796064,-0.2583317750079606
3,9276,-1.206790769,-0.545709305081851,-0.6610814639181489
3,9297,-1.162766739,-0.25242171735054003,-0.91034502164946
3,9318,0.5154957,-0.17451145342665575,0.6900071534266558
3,9339,0.516566223,0.29950650728095674,0.21705971571904326
3,9360,0.679517774,0.17130684605901825,0.5082109279409818
3,9381,-0.606570754,-0.04055933700039368,-0.5660114169996063
3,9402,-1.382103606,-0.04055933700039368,-1.3415442689996064
3,9423,-0.860954279,-0.0710557148846686,-0.7898985641153314
3,9444,-1.179711721,-0.0710557148846686,-1.1086560061153314
3,9463,1.102315944,0.5983216681587397,0.5039942758412604
3,9465,1.36727434,0.5001350658907399,0.8671392741092602
3,9654,-1.039478588,-0.02583871563879854,-1.0136398723612015
3,9656,-1.089272823,-0.6358778913929545,-0.45339493160704547
3,9714,-1.276001203,-0.2504842023096322,-1.025517000690368
3,9715,-0.174303761,-0.38881475689716183,0.21451099589716183
3,10031,-0.861931034,-0.15866225734514486,-0.7032687766548552
3,10100,1.063144824,0.1474135123617858,0.9157313116382143
3,10101,-1.361788947,0.00933850872211071,-1.3711274557221107
3,10102,-1.014635768,0.18034408973860536,-1.1949798577386053
3,10103,-1.266636885,0.2588896013990723,-1.5255264863990723
3,10104,-1.897019564,0.2473909966745767,-2.1444105606745767
3,10130,-0.568230008,-0.0479143165006086,-0.5203156914993914
3,10131,-0.129377699,-0.06895544100806972,-0.060422257991930295
3,10132,0.549799509,-0.008201594189210596,0.5580011031892106
3,13649,-0.903884974,0.09009795273927247,-0.9939829267392725
3,13650,-0.360500381,-0.2116939441051341,-0.1488064368948659
3,13651,-0.955012901,-0.06661261863058242,-0.8884002823694176
3,13653,-1.045099017,-0.01344148639925682,-1.0316575306007432
3,13655,0.097636064,0.05883365471129184,0.03880240928870816
3,13659,0.775313726,0.19762024013193313,0.5776934858680669
3,13660,1.406878814,-0.17362161452699387,1.5805004285269937
3,13661,0.034222425,-0.01674294418561945,0.05096536918561945
3,13662,1.771887858,0.10491807333060234,1.6669697846693976
3,13663,1.251141719,0.08273718353348503,1.168404535466515
3,13665,1.657748843,0.15486403284125425,1.5028848101587458
3,13670,0.438684861,-0.17727838972274776,0.6159632507227477
3,13680,-0.230094626,-0.17982643843457477,-0.050268187565425226
3,13690,0.612926577,-0.21364329312445862,0.8265698701244586
3,13699,-0.630361972,0.05808838906273504,-0.688450361062735
3,13700,-0.35091979,-0.2268341018291394,-0.1240856881708606
3,13702,-0.471899487,0.015035001086223927,-0.4869344880862239
3,13703,-1.430260238,-0.059221027870342564,-1.3710392101296573
3,13705,-0.540002195,0.07456036087995292,-0.6145625558799529
3,13803,-0.894834808,-0.41303862517573886,-0.4817961828242612
3,13806,0.477611216,-0.134406764295373,0.612017980295373
3,13813,0.477611216,-0.0618203546936983,0.5394315706936983
3,13814,0.477611216,-0.20726543054005653,0.6848766465400565
3,13815,0.477611216,0.3694953509857033,0.10811586501429671
3,13819,0.477611216,-0.0894135253798184,0.5670247413798184
3,13832,-0.894834808,-0.4828035827630612,-0.41203122523693886
3,13836,-0.894834808,-0.35350916325021386,-0.5413256447497862
3,13837,-0.894834808,-0.4634815838040388,-0.4313532241959612
3,13838,-0.894834808,-0.3331334944549531,-0.5617013135450469
3,13839,-0.894834808,-0.4456077860745764,-0.44922702192542363
3,13842,-0.894834808,-0.2716248218747026,-0.6232099861252974
3,13843,-0.894834808,-0.4823231855666373,-0.41251162243336276
3,13844,-0.894834808,-0.4925701767808578,-0.40226463121914224
3,13845,-0.894834808,-0.4997722634696695,-0.3950625445303305
3,13846,-0.894834808,-0.528361797526541,-0.36647301047345904
3,13847,0.477611216,-0.49776256816563075,0.9753737841656307
3,13849,-0.894834808,-0.2655475457603524,-0.6292872622396477
3,13852,-0.894834808,0.15831767661414314,-1.0531524846141431
3,13853,0.477611216,0.14371543774071682,0.3338957782592832
3,13854,0.477611216,0.15597911491796362,0.3216321010820364
3,13856,-0.894834808,0.09696287164844472,-0.9917976796484448
3,13857,0.477611216,0.17322137416968414,0.30438984183031587
3,13859,-0.894834808,0.1387258592185709,-1.0335606672185709
3,13861,0.477611216,0.21790576409568463,0.2597054519043154
3,13863,0.477611216,0.1526521360662797,0.3249590799337203
3,13864,0.477611216,0.12650088894378436,0.35111032705621564
3,13865,1.85005724,0.4980775806645167,1.3519796593354831
3,13866,0.477611216,0.36923993636324615,0.10837127963675386
3,13868,0.477611216,0.7763701130993402,-0.2987588970993402
3,13869,-0.894834808,0.4493939136540155,-1.3442287216540154
3,13871,0.477611216,1.1628917729518604,-0.6852805569518604
3,13874,-0.894834808,-0.18990978296473537,-0.7049250250352647
3,13876,-0.894834808,-0.1877223520161203,-0.7071124559838797
3,13878,-0.894834808,-0.28672047400612866,-0.6081143339938714
3,13880,-0.894834808,-0.3448984218341773,-0.5499363861658227
3,13883,-0.894834808,-0.282071245491488,-0.612763562508512
3,13884,-0.894834808,-0.32345814900358166,-0.5713766589964184
3,13886,-0.894834808,-0.20969620095236008,-0.68513860704764
3,13888,-0.894834808,-0.2091010020818371,-0.6857338059181629
3,13889,-0.894834808,-0.32206523989973884,-0.5727695681002611
3,13890,-0.894834808,-0.32572502474750253,-0.5691097832524975
3,13892,-0.894834808,-0.1456775271535188,-0.7491572808464813
3,13893,-0.894834808,-0.31778446818099243,-0.5770503398190077
3,13894,-0.894834808,-0.27388590915420413,-0.6209488988457958
3,13898,-0.894834808,-0.20862970509438844,-0.6862051029056115
3,13899,-0.894834808,-0.302795144156484,-0.592039663843516
3,13915,1.85005724,0.46510594473667394,1.384951295263326
3,13942,-0.894834808,-0.25648128039178125,-0.6383535276082188
3,13953,0.477611216,-0.16896809574662905,0.6465793117466291
3,13954,0.477611216,-0.13679446656854552,0.6144056825685456
3,13956,-0.894834808,-0.13904958418572652,-0.7557852238142735
3,13963,0.477611216,-0.037407945802952515,0.5150191618029525
3,13964,0.477611216,-0.14364038240480254,0.6212515984048026
3,13965,1.85005724,0.44499367859480893,1.405063561405191
3,13969,-0.894834808,0.08856013066162728,-0.9833949386616273
3,13982,-0.894834808,-0.5119366800259326,-0.3828981279740674
3,13986,-0.894834808,-0.3544260828893791,-0.5404087251106209
3,13987,-0.894834808,-0.4283078482828234,-0.4665269597171766
3,13988,-0.894834808,-0.320982731112156,-0.5738520768878441
3,13989,-0.894834808,-0.40114060167955196,-0.4936942063204481
3,13992,-0.894834808,-0.30500488699912814,-0.589829921000872
3,13993,-0.894834808,-0.4667173296288855,-0.4281174783711145
3,13994,-0.894834808,-0.4670693924532098,-0.42776541554679026
3,13995,-0.894834808,-0.47723024203107317,-0.41760456596892687
3,13996,-0.894834808,-0.5234632265784391,-0.3713715814215609
3,13997,-0.894834808,-0.5146274739361197,-0.3802073340638803
3,13999,-0.894834808,-0.23779268059477573,-0.6570421274052243
3,14002,0.477611216,0.30409341386688116,0.17351780213311885
3,14003,0.477611216,0.3277508116676364,0.14986040433236358
3,14013,1.85005724,0.5461730304842208,1.303884209515779
3,14014,0.477611216,0.45482403697850676,0.022787179021493242
3,14016,0.477611216,0.6026978056510418,-0.1250865896510418
3,14019,0.477611216,0.4421062611683247,0.03550495483167532
3,14024,-0.894834808,-0.20811974199736383,-0.6867150660026362
3,14026,0.477611216,-0.14773186693542567,0.6253430829354256
3,14033,0.477611216,0.0868154020268955,0.3907958139731045
3,14036,-0.894834808,-0.13451944759546453,-0.7603153604045355
3,14037,-0.894834808,-0.03782295798352168,-0.8570118500164784
3,14038,-0.894834808,0.1866739290964268,-1.081508737096427
3,14039,-0.894834808,0.10158680836660497,-0.996421616366605
3,14042,-0.894834808,0.2456564584130705,-1.1404912664130706
3,14043,-0.894834808,-0.1699985742285836,-0.7248362337714165
3,14044,0.477611216,-0.21285349009952578,0.6904647060995258
3,14048,-0.894834808,0.14143348345782897,-1.036268291457829
3,14049,-0.894834808,-0.23805641017846738,-0.6567783978215327
3,14063,0.477611216,0.16763591022908206,0.3099753057709179
3,14065,1.85005724,0.4466541720917307,1.4034030679082692
3,14069,0.477611216,0.5215906710697175,-0.043979455069717455
3,14086,-0.894834808,-0.2274108439116904,-0.6674239640883096
3,14088,-0.894834808,-0.25168384013871864,-0.6431509678612815
3,14092,-0.894834808,-0.17639372438211198,-0.718441083617888
3,14093,-0.894834808,-0.3118605399121023,-0.5829742680878978
3,14094,0.477611216,-0.3210932691028929,0.7987044851028928
3,14099,-0.894834808,-0.350859294768437,-0.543975513231563
3,14115,0.477611216,0.8018348993066012,-0.32422368330660123
3,14119,0.477611216,0.6440419702779804,-0.16643075427798038
3,14136,-0.894834808,-0.043544143524110936,-0.8512906644758891
3,14138,-0.894834808,0.020630082900231505,-0.9154648909002315
3,14142,-0.894834808,0.3292423577160947,-1.2240771657160947
3,14152,0.477611216,0.124615856210207,0.352995359789793
3,14153,-0.894834808,0.11025144330483502,-1.005086251304835
3,14154,-0.894834808,0.1421353944713101,-1.03697020247131
3,14156,0.477611216,0.20335666325770363,0.2742545527422964
3,14163,0.477611216,0.27766403782063837,0.19994717817936164
3,14164,0.477611216,0.19555689210743576,0.28205432389256424
3,14165,0.477611216,0.5446007209016601,-0.06698950490166011
3,14166,0.477611216,0.6894470956805859,-0.21183587968058593
3,14169,0.477611216,0.6123334723234517,-0.1347222563234517
3,14176,-0.894834808,-0.2109332791651978,-0.6839015288348023
3,14183,-0.894834808,-0.2047230383863213,-0.6901117696136787
3,14186,-0.894834808,-0.17732526957960495,-0.7175095384203951
3,14187,-0.894834808,-0.2854317111345535,-0.6094030968654465
3,14188,-0.894834808,-0.17387418394532198,-0.7209606240546781
3,14189,-0.894834808,-0.26041066900758886,-0.6344241389924112
3,14190,-0.894834808,-0.3872701728298467,-0.5075646351701533
3,14192,-0.894834808,-0.08640143179500277,-0.8084333762049972
3,14193,-0.894834808,-0.23072425712862848,-0.6641105508713716
3,14194,0.477611216,-0.24039306950942277,0.7180042855094227
3,14198,-0.894834808,-0.17530416678107705,-0.719530641218923
3,14199,0.477611216,-0.2780219912428313,0.7556332072428313
3,14215,1.85005724,0.8071459547890284,1.0429112852109714
3,14219,0.477611216,0.6484397448414471,-0.17082852884144706
3,14236,1.85005724,0.33693217940216297,1.513125060597837
3,14238,1.85005724,0.2994240018144621,1.5506332381855379
3,14242,0.477611216,0.3130345383491898,0.1645766776508102
3,14252,0.477611216,0.3962105057193369,0.08140071028066309
3,14253,0.477611216,0.3798431502763935,0.09776806572360652
3,14254,1.85005724,0.5898165721863402,1.2602406678136597
3,14256,0.477611216,0.5841551709427739,-0.10654395494277391
3,14263,1.85005724,0.6980020214430612,1.1520552185569386
3,14264,1.85005724,0.7021558825092371,1.1479013574907628
3,14265,1.85005724,0.7954253186102844,1.0546319213897155
3,14266,0.477611216,0.7653139783960698,-0.28770276239606984
3,14269,1.85005724,0.6265937537252997,1.2234634862747003
3,14276,0.477611216,0.14929373579984162,0.3283174802001584
3,14283,1.85005724,0.3290973713280936,1.5209598686719064
3,14286,0.477611216,0.2881116890916056,0.1894995269083944
3,14287,1.85005724,0.3266528797049693,1.5234043602950307
3,14288,0.477611216,0.26514091881834406,0.21247029718165594
3,14289,1.85005724,0.3634059013477782,1.4866513386522218
3,14290,0.477611216,0.02887620377785415,0.44873501222214585
3,14292,0.477611216,0.26935860151261615,0.20825261448738386
3,14293,1.85005724,0.25429183384422743,1.5957654061557724
3,14294,0.477611216,0.18798206425011987,0.28962915174988013
3,14298,0.477611216,0.23603127751791794,0.24157993848208206
3,14299,-0.894834808,-0.06957411866689006,-0.82526068933311
4,19,1.231897253,-0.12742153514221807,1.3593187881422182
4,20,1.050713688,-0.12742153514221807,1.1781352231422182
4,21,1.020516428,-0.12742153514221807,1.1479379631422182
4,22,-1.100841142,-0.12742153514221807,-0.9734196068577818
4,23,1.186601361,-0.08607332007359361,1.2726746810735936
4,24,-1.478306901,-0.08607332007359361,-1.3922335809264064
4,25,-0.240219211,-0.08607332007359361,-0.15414589092640638
4,26,-1.312221967,-0.08607332007359361,-1.2261486469264062
4,31,0.914826015,-0.0453774513934342,0.9602034663934342
4,1383,1.474084304,-0.04630356510338436,1.5203878691033843
4,1384,1.336896756,-0.09024162175192446,1.4271383777519244
4,1386,-0.389787299,0.5582928616206874,-0.9480801606206873
4,1390,-0.650820343,-0.20527626035105326,-0.44554408264894674
4,1391,3.159151031,0.12080134377864298,3.038349687221357
4,1392,0.348322866,-0.017360188912088077,0.3656830549120881
4,1393,-1.250602574,-0.04630356510338436,-1.2042990088966157
4,1394,-1.300524633,-0.09024162175192446,-1.2102830112480756
4,1396,1.80329897,0.5582928616206874,1.2450061083793127
4,1400,-0.647189246,-0.20527626035105326,-0.44191298564894677
4,1401,-0.306168408,0.12080134377864298,-0.426969751778643
4,1402,-1.091537082,-0.017360188912088077,-1.074176893087912
4,1403,-0.978701031,-0.04630356510338436,-0.9323974658966157
4,1404,-1.326804479,-0.09024162175192446,-1.2365628572480756
4,1406,0.0274427,0.5582928616206874,-0.5308501616206873
4,1410,-0.826712884,-0.20527626035105326,-0.6214366236489467
4,1411,2.316975098,0.12080134377864298,2.196173754221357
4,1412,-0.865535517,-0.017360188912088077,-0.8481753280879119
4,1413,-1.054297987,-0.04630356510338436,-1.0079944218966157
4,1414,0.862216034,-0.09024162175192446,0.9524576557519244
4,1416,-1.011674016,0.5582928616206874,-1.5699668776206872
4,1420,-0.274330458,-0.20527626035105326,-0.06905419764894674
4,1421,-0.445092538,0.12080134377864298,-0.565893881778643
4,1422,-1.203882261,-0.017360188912088077,-1.186522072087912
4,1423,-0.103573651,-0.04630356510338436,-0.05727008589661564
4,1424,-1.281441554,-0.09024162175192446,-1.1911999322480755
4,1426,-0.486819549,0.5582928616206874,-1.0451124106206873
4,1430,0.344650143,-0.20527626035105326,0.5499264033510533
4,1431,-0.002697876,0.12080134377864298,-0.12349921977864298
4,1432,-0.839377282,-0.017360188912088077,-0.8220170930879118
4,1434,-1.312093408,-0.27326409407357055,-1.0388293139264295
4,1435,-0.387124484,-0.19423696234966126,-0.19288752165033873
4,1444,-0.798002521,-0.27326409407357055,-0.5247384269264295
4,1445,-0.636212968,-0.19423696234966126,-0.4419760056503388
4,1453,-1.305564973,-0.10541513578544164,-1.2001498372145585
4,1454,-1.354028833,-0.17326890776113943,-1.1807599252388608
4,1455,-1.31045235,-0.13277134191231268,-1.1776810080876874
4,1461,-0.805556452,0.07073098019613247,-0.8762874321961325
4,1462,-1.322322239,-0.06795609813917312,-1.2543661408608269
4,1609,-1.117493951,0.03380303185992333,-1.1512969828599233
4,1619,1.028096266,0.03380303185992333,0.9942932341400766
4,1644,-0.686104904,0.06538318543760768,-0.7514880894376077
4,1650,1.212824393,-0.47065163742805216,1.6834760304280523
4,1654,0.406618298,0.06538318543760768,0.3412351125623923
4,1660,-0.302604519,-0.47065163742805216,0.16804711842805214
4,1664,0.539994241,0.06538318543760768,0.47461105556239236
4,1670,-0.93177089,-0.47065163742805216,-0.46111925257194786
4,1674,0.366971034,0.06538318543760768,0.3015878485623923
4,1680,-0.963011182,-0.47065163742805216,-0.49235954457194786
4,1684,0.766143819,0.06538318543760768,0.7007606335623923
4,1690,-1.260382009,-0.47065163742805216,-0.7897303715719478
4,1695,-1.35642113,-0.23156141433962069,-1.1248597156603792
4,1696,-0.126012265,-0.1788296606249438,0.05281739562494378
4,1705,-0.44972736,-0.23156141433962069,-0.21816594566037933
4,1706,1.086655752,-0.1788296606249438,1.2654854126249437
4,1714,0.44778619,-0.09630536358831511,0.5440915535883151
4,1720,-1.109896215,-0.5108393508204404,-0.5990568641795596
4,1731,1.094582169,0.07415975874545133,1.0204224102545485
4,1739,1.115271007,0.17225665678427104,0.943014350215729
4,1741,0.156425526,0.07415975874545133,0.08226576725454868
4,1749,0.170469634,0.17225665678427104,-0.0017870227842710362
4,1751,1.066068325,0.07415975874545133,0.9919085662545487
4,1759,-0.183480728,0.17225665678427104,-0.3557373847842711
4,1761,-0.248160589,0.07415975874545133,-0.3223203477454513
4,1769,-0.40098683,0.17225665678427104,-0.5732434867842711
4,1771,0.455833283,0.07415975874545133,0.38167352425454865
4,1779,1.241034901,0.17225665678427104,1.068778244215729
4,1782,-1.263264262,-0.3077653241658484,-0.9554989378341516
4,1783,-0.476628474,-0.22567720979840794,-0.2509512642015921
4,1792,0.985999076,-0.3077653241658484,1.2937644001658484
4,1793,0.716040916,-0.22567720979840794,0.941718125798408
4,1801,0.805364945,-0.08349247273268698,0.888857417732687
4,1809,-1.101921168,0.0645788955723267,-1.1665000635723268
4,1810,-0.016674799,0.011376341696121235,-0.028051140696121236
4,1869,-1.256345884,-0.22432945417674877,-1.0320164298232513
4,1879,0.581980944,-0.22432945417674877,0.8063103981767488
4,1905,1.089453694,-0.0597751494949245,1.1492288434949245
4,1911,0.945498812,-0.4972949912919976,1.4427938032919976
4,1915,0.313174403,-0.0597751494949245,0.3729495524949245
4,1921,-1.09146715,-0.4972949912919976,-0.5941721587080023
4,1925,-0.228383862,-0.0597751494949245,-0.1686087125050755
4,1931,-0.787258848,-0.4972949912919976,-0.2899638567080024
4,1935,-0.449110504,-0.0597751494949245,-0.3893353545050755
4,1941,-1.119719448,-0.4972949912919976,-0.6224244567080023
4,1945,0.386265759,-0.0597751494949245,0.4460409084949245
4,1951,-1.095448418,-0.4972949912919976,-0.5981534267080023
4,1956,-1.079486337,-0.25769283810241367,-0.8217934988975863
4,1957,-0.397113902,-0.21445385400279957,-0.18266004799720045
4,1966,1.294045632,-0.25769283810241367,1.5517384701024137
4,1967,0.738486506,-0.21445385400279957,0.9529403600027996
4,1975,0.640068462,-0.17106835968348022,0.8111368216834802
4,1981,-1.014008316,-0.5324581849694351,-0.4815501310305649
4,2045,0.021194524,-0.25500487956139606,0.27619940356139605
4,2047,-0.624351457,-0.2490854851622527,-0.37526597183774735
4,2048,-1.293193925,-0.5382856624357438,-0.7549082625642561
4,2051,0.481286996,0.14769189323694487,0.33359510276305515
4,2055,-1.228482423,-0.25500487956139606,-0.9734775434386039
4,2057,0.018553789,-0.2490854851622527,0.2676392741622527
4,2058,-1.205701596,-0.5382856624357438,-0.6674159335642561
4,2061,-0.016674799,0.14769189323694487,-0.16436669223694486
4,2079,0.980335758,-0.10207740225813346,1.0824131602581335
4,2089,-0.111720544,-0.10207740225813346,-0.009643141741866548
4,2099,-0.576992587,-0.10207740225813346,-0.47491518474186656
4,2109,0.519610829,-0.10207740225813346,0.6216882312581334
4,2119,0.442241465,-0.10207740225813346,0.5443188672581335
4,2130,-1.333434536,-0.3159389153711833,-1.0174956206288166
4,2131,-1.168321089,-0.24778532669356734,-0.9205357623064326
4,2140,0.824391904,-0.3159389153711833,1.1403308193711832
4,2141,0.936448715,-0.24778532669356734,1.1842340416935673
4,2217,-1.326138539,-0.35849950857760277,-0.9676390304223972
4,2218,-1.073939353,-0.27033056679483897,-0.8036087862051611
4,2227,0.533581188,-0.35849950857760277,0.8920806965776027
4,2228,1.020815785,-0.27033056679483897,1.291146351794839
4,2305,0.521357533,-0.2980844458463827,0.8194419788463827
4,2315,1.457423034,-0.2980844458463827,1.7555074798463828
4,2348,0.320865971,0.11651290957880683,0.2043530614211932
4,2358,-0.728534847,0.11651290957880683,-0.8450477565788068
4,2368,-0.463574773,0.11651290957880683,-0.5800876825788068
4,2378,-0.296065311,0.11651290957880683,-0.41257822057880683
4,2388,0.252571605,0.11651290957880683,0.13605869542119314
4,2391,-1.278387796,-0.347946677193339,-0.930441118806661
4,2392,-0.969541721,-0.2384363385865707,-0.7311053824134293
4,2401,1.017536137,-0.347946677193339,1.365482814193339
4,2402,-0.085941398,-0.2384363385865707,0.1524949405865707
4,2410,0.654849373,-0.15005841538231493,0.8049077883823149
4,4497,0.545306703,0.11216680121759365,0.4331399017824063
4,4502,0.13267315,-0.6830813445122637,0.8157544945122637
4,4513,1.975769688,0.11216680121759365,1.8636028867824064
4,4518,1.563136135,-0.6830813445122637,2.2462174795122634
4,4529,1.343064906,0.11216680121759365,1.2308981047824064
4,4534,1.948260785,-0.6830813445122637,2.6313421295122637
4,4591,1.040466967,0.1362582488888059,0.9042087181111941
4,4593,-0.032380272,-0.028509198850364938,-0.003871073149635064
4,4595,1.040466967,0.2115500066587944,0.8289169603412055
4,4598,0.105164246,-0.565024416518577,0.670188662518577
4,4607,-0.059889175,0.1362582488888059,-0.1961474238888059
4,4609,-0.2524515,-0.028509198850364938,-0.22394230114963506
4,4611,-0.857647379,0.2115500066587944,-1.0691973856587944
4,4614,-0.857647379,-0.565024416518577,-0.29262296248142294
4,4625,-0.912665186,0.11216680121759365,-1.0248319872175937
4,4630,-1.737932293,-0.6830813445122637,-1.0548509484877364
4,4687,0.160182053,0.1362582488888059,0.023923804111194102
4,4689,0.105164246,-0.028509198850364938,0.13367344485036495
4,4691,0.792886835,0.2115500066587944,0.5813368283412056
4,4694,0.627833414,-0.565024416518577,1.192857830518577
4,4703,0.380253282,0.1362582488888059,0.24399503311119414
4,4705,0.105164246,-0.028509198850364938,0.13367344485036495
4,4707,-1.105227511,0.2115500066587944,-1.3167775176587944
4,4710,0.517797799,-0.565024416518577,1.082822215518577
4,4721,0.325235474,0.11216680121759365,0.21306867278240638
4,4726,0.270217667,-0.6830813445122637,0.9532990115122637
4,5181,-0.230706773,-0.08360900556741159,-0.1470977674325884
4,5191,-0.335537758,-0.020286756677197,-0.31525100132280304
4,5200,-0.254002547,-0.5319599447021701,0.2779573977021701
4,5201,0.718596037,0.390365411031122,0.328230625968878
4,5211,1.091328428,0.6190674730068396,0.47226095499316034
4,5214,1.638779128,0.7010486411388249,0.937730486861175
4,5220,-0.382129307,-0.32471972766551455,-0.05740957933448543
4,5231,-0.469488461,0.282998795011398,-0.752487256011398
4,5245,1.132096034,0.04707117373503271,1.0850248602649673
4,5255,-0.341361701,0.11432425613498144,-0.45568595713498145
4,5259,-0.755733528,0.09679033334950275,-0.8525238613495028
4,5280,0.129006075,-0.16400961951716167,0.2930156945171617
4,5283,0.009446669,0.004483338519851299,0.0049633304801487005
4,5285,-0.030406466,0.16218765430816254,-0.19259412030816253
4,5286,-0.420967191,-0.49785438137718413,0.07688719037718411
4,5289,-0.444879073,-0.3848312599840632,-0.06004781301593681
4,5297,0.798538747,0.1964451804542981,0.6020935665457019
4,5301,1.181128845,-0.2816392729715671,1.462768117971567
4,5304,0.647096833,-0.11134093511428086,0.7584377681142809
4,5307,0.830421255,0.030227721431281253,0.8001935335687187
4,5310,0.136976702,-0.40207484823568873,0.5390515502356887
4,5313,0.830421255,-0.3061541040365147,1.1365753590365146
4,5341,1.619513333,0.0489175849265113,1.5705957480734887
4,5343,-1.010793593,-0.08360900556741159,-0.9271845874325885
4,5353,-1.010793593,-0.020286756677197,-0.990506836322803
4,5362,-1.010793593,-0.5319599447021701,-0.47883364829782993
4,5363,-1.010793593,0.390365411031122,-1.401159004031122
4,5373,-1.010793593,0.6190674730068396,-1.6298610660068396
4,5376,0.822450628,0.7010486411388249,0.12140198686117509
4,5382,-0.213730888,-0.32471972766551455,0.11098883966551454
4,5393,-1.010793593,0.282998795011398,-1.293792388011398
4,5407,-1.010793593,0.04707117373503271,-1.0578647667350327
4,5417,-1.010793593,0.11432425613498144,-1.1251178491349816
4,5433,-1.471206763,0.09679033334950275,-1.567997096349503
4,5454,-0.824749022,-0.16400961951716167,-0.6607394024828384
4,5457,-0.912108176,0.004483338519851299,-0.9165915145198513
4,5459,-0.941227894,0.16218765430816254,-1.1034155483081625
4,5460,-1.226601131,-0.49785438137718413,-0.7287467496228159
4,5463,-1.244072962,-0.3848312599840632,-0.8592417020159367
4,5471,-0.335537758,0.1964451804542981,-0.5319829384542981
4,5475,-0.318065927,-0.2816392729715671,-0.036426654028432925
4,5478,-0.446192686,-0.11134093511428086,-0.33485175088571917
4,5481,-0.318065927,0.030227721431281253,-0.3482936484312813
4,5484,-0.818925078,-0.40207484823568873,-0.4168502297643113
4,5487,-0.318065927,-0.3061541040365147,-0.011911822963485308
4,5503,0.194441111,0.0489175849265113,0.1455235260734887
4,6294,1.370937379,0.038540393317282866,1.3323969856827171
4,6392,-0.596779256,-0.033716842412893376,-0.5630624135871066
4,6413,-0.312177803,-0.033716842412893376,-0.2784609605871066
4,6434,-0.312177803,-0.033716842412893376,-0.2784609605871066
4,6455,-0.596779256,-0.033716842412893376,-0.5630624135871066
4,6476,-0.596779256,-0.033716842412893376,-0.5630624135871066
4,6497,-0.596779256,-0.033716842412893376,-0.5630624135871066
4,6518,0.376279539,-0.033716842412893376,0.40999638141289335
4,6539,0.817508475,-0.033716842412893376,0.8512253174128934
4,6582,-0.596779256,-0.22881056615703513,-0.36796868984296494
4,6594,0.376279539,-0.1047411765802735,0.4810207155802735
4,6595,-0.312177803,-0.1047411765802735,-0.2074366264197265
4,6596,0.282552045,-0.1047411765802735,0.38729322158027346
4,6597,-0.596779256,-0.1047411765802735,-0.49203807941972655
4,6598,0.599806528,-0.1047411765802735,0.7045477045802735
4,6599,0.282552045,-0.1047411765802735,0.38729322158027346
4,6600,-0.596779256,-0.1047411765802735,-0.49203807941972655
4,6602,-0.312177803,-0.10629297265952292,-0.20588483034047705
4,6603,-0.596779256,0.04349380045470002,-0.6402730564547
4,6614,-0.596779256,-0.21468789822704398,-0.38209135777295605
4,6615,-0.596779256,-0.1047411765802735,-0.49203807941972655
4,6616,-0.312177803,-0.1047411765802735,-0.2074366264197265
4,6617,0.532907021,-0.1047411765802735,0.6376481975802735
4,6618,-1.083308655,-0.1047411765802735,-0.9785674784197265
4,6619,1.588639326,-0.1047411765802735,1.6933805025802735
4,6620,0.376279539,-0.1047411765802735,0.4810207155802735
4,6621,-0.596779256,-0.1047411765802735,-0.49203807941972655
4,6623,0.376279539,-0.10629297265952292,0.4825725116595229
4,6624,-0.596779256,0.04349380045470002,-0.6402730564547
4,6635,-0.312177803,-0.21468789822704398,-0.097489904772956
4,6636,-0.596779256,-0.1047411765802735,-0.49203807941972655
4,6637,-0.312177803,-0.1047411765802735,-0.2074366264197265
4,6638,1.523297897,-0.1047411765802735,1.6280390735802734
4,6639,-0.596779256,-0.1047411765802735,-0.49203807941972655
4,6640,0.532907021,-0.1047411765802735,0.6376481975802735
4,6641,-0.596779256,-0.1047411765802735,-0.49203807941972655
4,6642,1.304037873,-0.1047411765802735,1.4087790495802734
4,6644,0.862808938,-0.10629297265952292,0.9691019106595229
4,6645,-0.312177803,0.04349380045470002,-0.3556716034547
4,6656,-0.596779256,-0.21468789822704398,-0.38209135777295605
4,6657,0.817508475,-0.1047411765802735,0.9222496515802735
4,6658,1.802169411,-0.1047411765802735,1.9069105875802734
4,6659,1.304037873,-0.1047411765802735,1.4087790495802734
4,6660,-1.083308655,-0.1047411765802735,-0.9785674784197265
4,6661,-0.596779256,-0.1047411765802735,-0.49203807941972655
4,6662,-1.083308655,-0.1047411765802735,-0.9785674784197265
4,6663,-0.596779256,-0.1047411765802735,-0.49203807941972655
4,6665,-0.312177803,-0.10629297265952292,-0.20588483034047705
4,6666,0.376279539,0.04349380045470002,0.33278573854529997
4,6677,-0.596779256,-0.21468789822704398,-0.38209135777295605
4,6678,1.412238323,-0.1047411765802735,1.5169794995802734
4,6679,1.304037873,-0.1047411765802735,1.4087790495802734
4,6680,-0.596779256,-0.1047411765802735,-0.49203807941972655
4,6681,-0.596779256,-0.1047411765802735,-0.49203807941972655
4,6682,-0.596779256,-0.1047411765802735,-0.49203807941972655
4,6683,-0.596779256,-0.1047411765802735,-0.49203807941972655
4,6684,-1.083308655,-0.1047411765802735,-0.9785674784197265
4,6686,1.432011844,-0.10629297265952292,1.538304816659523
4,6687,3.597211104,0.04349380045470002,3.5537173035453
4,6698,-1.083308655,-0.21468789822704398,-0.868620756772956
4,6699,-0.312177803,0.057403287178536384,-0.36958109017853635
4,6700,-0.312177803,0.057403287178536384,-0.36958109017853635
4,6701,0.376279539,0.057403287178536384,0.3188762518214636
4,6702,0.862808938,0.057403287178536384,0.8054056508214636
4,6703,1.053682897,0.057403287178536384,0.9962796098214637
4,6704,-0.596779256,0.057403287178536384,-0.6541825431785364
4,6705,1.888668072,0.057403287178536384,1.8312647848214636
4,6706,-0.596779256,-0.03801291710225024,-0.5587663388977497
4,6707,-0.596779256,-0.015438965655040849,-0.5813402903449592
4,6709,0.282552045,0.12311141596196687,0.1594406290380331
4,6715,-1.083308655,0.07075848924417201,-1.154067144244172
4,6716,-0.596779256,0.07075848924417201,-0.6675377452441721
4,6717,-0.312177803,0.07075848924417201,-0.38293629224417197
4,6718,0.945482446,0.07075848924417201,0.8747239567558279
4,6719,-0.596779256,0.05105266654734225,-0.6478319225473423
4,6720,0.717064053,0.057403287178536384,0.6596607658214636
4,6721,0.769081444,0.057403287178536384,0.7116781568214636
4,6722,0.376279539,0.057403287178536384,0.3188762518214636
4,6723,1.255610841,0.057403287178536384,1.1982075538214636
4,6724,-0.596779256,0.057403287178536384,-0.6541825431785364
4,6725,-0.596779256,0.057403287178536384,-0.6541825431785364
4,6726,-0.596779256,0.057403287178536384,-0.6541825431785364
4,6727,1.304037873,-0.015438965655040849,1.3194768386550408
4,6729,-0.312177803,0.12311141596196687,-0.4352892189619668
4,6735,1.662593299,0.07075848924417201,1.5918348097558281
4,6736,0.945482446,0.07075848924417201,0.8747239567558279
4,6737,-0.596779256,0.07075848924417201,-0.6675377452441721
4,6738,-0.312177803,0.07075848924417201,-0.38293629224417197
4,6739,-0.596779256,0.05105266654734225,-0.6478319225473423
4,6777,0.49991228,-0.08403040960415761,0.5839426896041576
4,6779,-0.324369744,-0.09013516904510986,-0.23423457495489014
4,6823,-0.339289542,-0.08403040960415761,-0.2552591323958424
4,6825,-0.656689436,-0.027987811544652352,-0.6287016244553476
4,8783,1.188929838,0.15539721681285615,1.0335326211871438
4,8785,1.877993623,0.09208017482481005,1.78591344817519
4,8786,2.470309509,0.166699842210561,2.3036096667894386
4,8788,1.731307888,-0.04586731758268384,1.7771752055826837
4,8790,-0.614074969,-0.1608895266838103,-0.45318544231618973
4,8791,-0.963014643,-0.23940910408154153,-0.7236055389184584
4,8792,-0.670183649,-0.10544168816644332,-0.5647419608335568
4,8793,-0.059792497,-0.13448914232963108,0.07469664532963108
4,8794,-0.589066167,0.0199547861973034,-0.6090209531973034
4,8795,-0.614074969,-0.04880950073440675,-0.5652654682655933
4,8796,0.265809788,-0.2064037721689644,0.47221356016896443
4,8798,1.322508699,0.15091521245711131,1.1715934865428885
4,8800,0.567809768,0.09569208306207788,0.47211768493792217
4,8801,1.95078326,0.18137404696532713,1.7694092130346728
4,8803,1.176847183,-0.04354311516023185,1.220390298160232
4,8805,-0.71779568,-0.1677537009271895,-0.5500419790728106
4,8806,-0.446302949,-0.2560928865710283,-0.1902100624289717
4,8807,-0.734256126,-0.10502151990677089,-0.6292346060932291
4,8808,1.378859464,-0.12563763830230448,1.5044971023023046
4,8809,1.404859921,0.0321802707371667,1.3726796502628331
4,8810,-0.636091327,-0.060047393519947104,-0.5760439334800529
4,8811,0.352163296,-0.22996178955589666,0.5821250855558967
4,8842,0.187146726,-0.4261204243340079,0.6132671503340079
4,8843,1.245973439,0.1908910801637735,1.0550823588362264
4,8844,-0.614074969,-0.4261204243340079,-0.18795454466599215
4,8845,0.076781119,0.11949026210439795,-0.042709143104397954
4,8846,-0.845115107,0.19962596498288335,-1.0447410719828834
4,8847,-0.59259566,-0.4261204243340079,-0.1664752356659921
4,8848,1.298153822,-0.06414759568629226,1.3623014176862922
4,8849,-0.794418617,-0.4261204243340079,-0.3682981926659922
4,8850,-0.664409154,-0.18888220568968875,-0.4755269483103113
4,8851,-1.047753837,-0.24911636769161433,-0.7986374693083855
4,8852,-0.05531983,-0.09577967998851036,0.04045984998851036
4,8853,-0.447331001,-0.11992471377716402,-0.327406287222836
4,8854,-0.402444775,0.03255827111950169,-0.4350030461195017
4,8855,0.285161903,-0.07436469552014759,0.35952659852014757
4,8856,-0.011393018,-0.224257876078722,0.212864858078722
4,8857,-0.094052548,-0.4248350925995558,0.3307825445995558
4,8858,0.129262511,0.12078294379078076,0.008479567209219233
4,8859,1.192290953,-0.4248350925995558,1.617126045599556
4,8860,-0.232010235,0.07028963304350686,-0.30229986804350684
4,8861,-1.252505223,0.1405207217844577,-1.3930259447844577
4,8862,-0.398218105,-0.4248350925995558,0.02661698759955583
4,8863,0.680651389,-0.06980284434531803,0.750454233345318
4,8864,-0.835384535,-0.4248350925995558,-0.41054944240044416
4,8865,-0.122827149,-0.18097781758271383,0.05815066858271384
4,8866,-0.687737885,-0.2695197426893703,-0.4182181423106297
4,8867,1.290771097,-0.11907794175156726,1.4098490387515672
4,8868,-0.761244588,-0.12356314708431278,-0.6376814409156872
4,8869,0.29404085,0.0009494194387026356,0.2930914305612974
4,8870,-0.131008961,-0.08013888257463125,-0.05087007842536875
4,8871,0.11019267,-0.26073583384339527,0.37092850384339526
4,8872,0.554067887,-0.4315186415674887,0.9855865285674887
4,8873,-0.974398459,0.1053565132173954,-1.0797549722173954
4,8874,-0.270898679,-0.4315186415674887,0.16061996256748873
4,8875,-0.086256845,0.07579582585953437,-0.16205267085953437
4,8876,-0.187111924,0.10039715086530272,-0.28750907486530275
4,8877,-0.551147621,-0.4315186415674887,-0.11962897943251133
4,8878,1.219166839,-0.061338447083991395,1.2805052860839914
4,8879,-1.280574781,-0.4315186415674887,-0.8490561394325113
4,8880,-0.842401367,-0.13350708101963682,-0.7088942859803632
4,8881,-0.6416825,-0.2682732372879583,-0.3734092627120417
4,8882,0.484505377,-0.11062243780341746,0.5951278148034175
4,8883,0.272266312,-0.11234036030951491,0.38460667230951495
4,8884,-0.254538724,-0.04113421359745353,-0.21340451040254646
4,8885,0.27929381,-0.052090184828480296,0.33138399482848024
4,8886,1.151064884,-0.2252521276567648,1.3763170116567647
4,8888,0.047012653,0.05463509848867809,-0.00762244548867809
4,8890,0.24556503,0.023092298633876875,0.2224727313661231
4,8891,1.267479087,0.041619379518674005,1.2258597074813258
4,8893,1.291042541,-0.09261080811995821,1.383653349119958
4,8896,-0.705649174,-0.3066065366460414,-0.3990426373539586
4,8897,-0.3746817,-0.14375596669275972,-0.23092573330724028
4,8898,-0.030463164,-0.14092287810295104,0.11045971410295104
4,8899,1.281030143,-0.08004596144575263,1.3610761044457527
4,8900,0.232256666,-0.08397457074110076,0.31623123674110076
4,8901,0.231527838,-0.260971867203177,0.492499705203177
4,8932,-0.233420341,-0.5118687307482397,0.2784483897482397
4,8933,1.164459019,0.22365515917317813,0.9408038598268218
4,8934,-1.722721101,-0.5118687307482397,-1.2108523702517604
4,8935,1.40321136,0.14905845087322842,1.2541529091267716
4,8936,1.727524144,0.25693599650950527,1.4705881474904947
4,8937,-1.614756485,-0.5118687307482397,-1.1028877542517603
4,8938,1.414462931,-0.05204543207001837,1.4665083630700184
4,8939,-0.828423181,-0.5118687307482397,-0.3165544502517603
4,8940,-1.474184861,-0.2088466999320632,-1.2653381610679366
4,8941,-0.963014643,-0.24563017275552412,-0.7173844702444758
4,8942,1.472469759,-0.08965815374664052,1.5621279127466405
4,8943,-0.71779568,-0.1123272019841577,-0.6054684780158424
4,8944,0.052469574,0.07240178149572696,-0.01993220749572696
4,8945,1.155177172,-0.07901990784809451,1.2341970798480943
4,8946,-0.928683724,-0.21571312173615714,-0.7129706022638429
4,8947,-0.17870658,-0.2064037721689644,0.027697192168964407
4,8948,3.689869287,-0.2064037721689644,3.8962730591689643
4,8949,-1.363116381,-0.2064037721689644,-1.1567126088310355
4,8950,0.201472922,-0.2064037721689644,0.40787669416896444
4,8951,2.407680635,-0.2064037721689644,2.6140844071689644
4,8952,-0.915827917,-0.2064037721689644,-0.7094241448310356
4,8953,1.591864523,-0.2064037721689644,1.7982682951689644
4,8954,-0.571627793,-0.2064037721689644,-0.36522402083103556
4,8955,0.152783689,-0.2064037721689644,0.3591874611689644
4,8956,-0.264296831,-0.2064037721689644,-0.0578930588310356
4,8957,-0.476776884,-0.2064037721689644,-0.27037311183103563
4,8958,0.307503176,-0.2064037721689644,0.5139069481689644
4,8959,1.176305105,-0.2064037721689644,1.3827088771689644
4,8960,-0.452313953,-0.2064037721689644,-0.24591018083103558
4,8961,0.613925455,-0.2064037721689644,0.8203292271689644
4,9269,-0.210985309,0.3667791299866746,-0.5777644389866746
4,9270,0.407000533,0.3667791299866746,0.040221403013325385
4,9271,1.093103257,0.3667791299866746,0.7263241270133255
4,9272,1.92386031,0.3667791299866746,1.5570811800133253
4,9273,1.139060637,0.3667791299866746,0.7722815070133254
4,9353,-0.263815471,0.4299891172770119,-0.6938045882770119
4,9354,-0.661541962,0.4299891172770119,-1.0915310792770119
4,9355,0.450690922,0.4299891172770119,0.020701804722988104
4,9356,1.605840856,0.4299891172770119,1.175851738722988
4,9357,-0.009953397,0.4299891172770119,-0.43994251427701186
4,9374,0.762978824,0.2550754468263845,0.5079033771736156
4,9375,1.088705163,0.2550754468263845,0.8336297161736155
4,9376,2.692144758,0.2550754468263845,2.4370693111736155
4,9377,1.70999869,0.2550754468263845,1.4549232431736154
4,9378,0.474009329,0.2550754468263845,0.21893388217361548
4,9395,0.43096965,0.18620197317877552,0.24476767682122447
4,9396,0.691184159,0.18620197317877552,0.5049821858212244
4,9397,1.093396021,0.18620197317877552,0.9071940478212245
4,9398,-0.928247001,0.18620197317877552,-1.1144489741787755
4,9399,-1.400662658,0.18620197317877552,-1.5868646311787753
4,9416,0.426592547,0.18620197317877552,0.24039057382122447
4,9417,0.553524136,0.18620197317877552,0.36732216282122454
4,9418,0.413445769,0.18620197317877552,0.2272437958212245
4,9419,-1.112973594,0.18620197317877552,-1.2991755671787755
4,9420,-1.323162955,0.18620197317877552,-1.5093649281787753
4,9424,0.44355189,-0.3195605461643578,0.7631124361643578
4,9437,1.107235491,0.3245188352919963,0.7827166557080036
4,9438,1.784071393,0.3245188352919963,1.4595525577080037
4,9439,1.903378956,0.3245188352919963,1.5788601207080037
4,9440,2.060096283,0.3245188352919963,1.7355774477080037
4,9441,1.334215165,0.3245188352919963,1.0096963297080037
4,9445,-0.594725396,-0.3195605461643578,-0.27516484983564216
4,9458,0.419593821,0.3245188352919963,0.09507498570800366
4,9459,1.648947925,0.3245188352919963,1.3244290897080038
4,9460,1.739926943,0.3245188352919963,1.4154081077080036
4,9461,0.628659629,0.3245188352919963,0.30414079370800373
4,9462,-0.239532598,0.3245188352919963,-0.5640514332919964
4,9466,1.266470592,0.4530932438106223,0.8133773481893776
4,9469,1.297873715,0.5544948268113999,0.7433788881886
4,9471,1.103300296,0.5544948268113999,0.5488054691886001
4,9704,-1.388038231,-0.11715528678029723,-1.2708829442197027
4,9705,-0.267667951,0.02755020659871438,-0.2952181575987144
4,9706,-1.556093774,-0.09633553648649999,-1.4597582375135
4,9711,-1.238655527,0.04924588761435046,-1.2879014146143504
4,9712,-1.089272823,-0.08565253138528821,-1.0036202916147117
4,9713,-1.276001203,0.17476094760134828,-1.4507621506013484
4,9716,-1.238655527,-0.6275502886654244,-0.6111052383345755
4,9717,-0.529087683,0.15984732071456192,-0.6889350037145618
4,9718,0.47302129,0.087175142729666,0.38584614727033395
4,9719,-1.089272823,0.31174710519793225,-1.401019928197932
4,9721,-0.267667951,0.2775959805903386,-0.5452639315903386
4,9722,-0.821628812,0.5289130772241668,-1.350541889224167
4,9723,-0.024921057,-0.2619507492995956,0.2370296922995956
4,9744,-0.931278187,-0.5456650520661422,-0.38561313493385774
4,9747,0.201357446,-0.26859638754318943,0.4699538335431894
4,9749,0.201357446,-0.26859638754318943,0.4699538335431894
4,9754,-0.931278187,-0.11296685268915428,-0.8183113343108457
4,9755,-0.931278187,-0.009932474044120797,-0.9213457129558792
4,9756,0.201357446,0.0074451186506758835,0.19391232734932412
4,9757,0.201357446,0.0074451186506758835,0.19391232734932412
4,9758,0.201357446,0.0074451186506758835,0.19391232734932412
4,9759,-0.931278187,0.0074451186506758835,-0.9387233056506759
4,9760,-0.931278187,0.0074451186506758835,-0.9387233056506759
4,9761,1.333993079,0.0074451186506758835,1.3265479603493242
4,9772,-0.931278187,0.10195948857153653,-1.0332376755715365
4,9773,-0.931278187,0.1565197525425299,-1.08779793954253
4,9774,0.201357446,0.19529944548387013,0.006058000516129869
4,9775,1.333993079,0.19529944548387013,1.13869363351613
4,9776,1.333993079,0.19529944548387013,1.13869363351613
4,9777,1.333993079,0.19529944548387013,1.13869363351613
4,9778,0.201357446,0.19529944548387013,0.006058000516129869
4,9779,0.201357446,0.19529944548387013,0.006058000516129869
4,9790,-0.931278187,0.09048775333292122,-1.0217659403329211
4,9791,-0.931278187,0.13572219102095465,-1.0670003780209547
4,9792,-0.931278187,0.16622330546000022,-1.0975014924600002
4,9793,1.333993079,0.16622330546000022,1.16776977354
4,9794,2.466628713,0.16622330546000022,2.3004054075399996
4,9795,2.466628713,0.16622330546000022,2.3004054075399996
4,9796,1.333993079,0.16622330546000022,1.16776977354
4,9797,0.201357446,0.16622330546000022,0.035134140539999775
4,9808,-0.931278187,0.1199728582482754,-1.0512510452482753
4,9809,-0.931278187,0.1457958620475333,-1.0770740490475332
4,9810,0.201357446,0.16622330546000022,0.035134140539999775
4,9811,0.201357446,0.16622330546000022,0.035134140539999775
4,9812,2.466628713,0.16622330546000022,2.3004054075399996
4,9813,2.466628713,0.16622330546000022,2.3004054075399996
4,9814,1.333993079,0.16622330546000022,1.16776977354
4,9815,0.201357446,0.16622330546000022,0.035134140539999775
4,9826,-0.931278187,0.1199728582482754,-1.0512510452482753
4,9827,-0.931278187,0.1457958620475333,-1.0770740490475332
4,9828,0.201357446,0.16622330546000022,0.035134140539999775
4,9829,1.333993079,0.16622330546000022,1.16776977354
4,9830,2.466628713,0.16622330546000022,2.3004054075399996
4,9831,1.333993079,0.16622330546000022,1.16776977354
4,9832,1.333993079,0.16622330546000022,1.16776977354
4,9833,0.201357446,0.16622330546000022,0.035134140539999775
4,9844,-0.931278187,0.1199728582482754,-1.0512510452482753
4,9845,-0.931278187,0.1457958620475333,-1.0770740490475332
4,9846,1.333993079,0.16622330546000022,1.16776977354
4,9847,2.466628713,0.16622330546000022,2.3004054075399996
4,9848,1.333993079,0.16622330546000022,1.16776977354
4,9849,1.333993079,0.16622330546000022,1.16776977354
4,9850,0.201357446,0.16622330546000022,0.035134140539999775
4,9851,0.201357446,0.16622330546000022,0.035134140539999775
4,9862,-0.931278187,0.1199728582482754,-1.0512510452482753
4,9863,-0.931278187,0.1457958620475333,-1.0770740490475332
4,9864,0.201357446,0.16622330546000022,0.035134140539999775
4,9865,0.201357446,0.16622330546000022,0.035134140539999775
4,9866,1.333993079,0.16622330546000022,1.16776977354
4,9867,0.201357446,0.16622330546000022,0.035134140539999775
4,9868,-0.931278187,0.16622330546000022,-1.0975014924600002
4,9869,-0.931278187,0.16622330546000022,-1.0975014924600002
4,9880,-0.931278187,0.1199728582482754,-1.0512510452482753
4,9881,-0.931278187,0.1457958620475333,-1.0770740490475332
4,9882,0.201357446,0.16622330546000022,0.035134140539999775
4,9883,-0.931278187,0.16622330546000022,-1.0975014924600002
4,9884,0.201357446,0.16622330546000022,0.035134140539999775
4,9885,0.201357446,0.16622330546000022,0.035134140539999775
4,9886,-0.931278187,0.16622330546000022,-1.0975014924600002
4,9887,0.201357446,0.16622330546000022,0.035134140539999775
4,9898,-0.931278187,0.1199728582482754,-1.0512510452482753
4,9899,-0.931278187,0.1457958620475333,-1.0770740490475332
4,9900,-0.931278187,0.16622330546000022,-1.0975014924600002
4,9901,-0.931278187,0.16622330546000022,-1.0975014924600002
4,9902,-0.931278187,0.16622330546000022,-1.0975014924600002
4,9903,-0.931278187,0.16622330546000022,-1.0975014924600002
4,9904,-0.931278187,0.16622330546000022,-1.0975014924600002
4,9905,-0.931278187,0.16622330546000022,-1.0975014924600002
4,9916,-0.931278187,0.1199728582482754,-1.0512510452482753
4,9917,0.201357446,0.1457958620475333,0.05556158395246669
4,9918,-0.931278187,0.16622330546000022,-1.0975014924600002
4,9919,-0.931278187,0.16622330546000022,-1.0975014924600002
4,9920,-0.931278187,0.16622330546000022,-1.0975014924600002
4,9921,-0.931278187,0.16622330546000022,-1.0975014924600002
4,9922,-0.931278187,0.16622330546000022,-1.0975014924600002
4,9923,-0.931278187,0.16622330546000022,-1.0975014924600002
4,9924,-1.706110175,-0.4675795380044618,-1.2385306369955382
4,9954,-2.004950512,-0.4675795380044618,-1.5373709739955383
4,10003,-0.073177053,-0.09090955205111581,0.017732499051115805
4,10005,-0.095615921,-0.052952443582969626,-0.04266347741703038
4,10014,-0.688385022,-0.10218703943160384,-0.5861979825683961
4,10033,0.153877819,-0.03368696829870512,0.18756478729870513
4,10035,0.848879351,0.003451872968373997,0.845427478031626
4,10041,-0.651407957,0.13621035338483328,-0.7876183103848333
4,10618,0.547645979,0.040422830608302845,0.5072231483916971
4,10619,-0.352035202,0.040422830608302845,-0.3924580326083028
4,10630,-0.612002166,0.040422830608302845,-0.6524249966083029
4,10631,-0.778208262,0.040422830608302845,-0.8186310926083029
4,10642,-0.028093547,0.040422830608302845,-0.06851637760830284
4,10643,-1.568268473,0.040422830608302845,-1.6086913036083028
4,10654,-0.683104104,0.040422830608302845,-0.7235269346083029
4,10655,-0.763657235,0.040422830608302845,-0.8040800656083029
4,11818,0.74988257,0.040422830608302845,0.7094597393916972
4,11819,0.043854563,0.040422830608302845,0.0034317323916971537
4,11830,0.650829825,0.040422830608302845,0.6104069943916971
4,11831,0.729556229,0.040422830608302845,0.6891333983916971
4,11842,0.436637069,0.040422830608302845,0.3962142383916971
4,11843,0.456681855,0.040422830608302845,0.41625902439169715
4,11854,0.412048603,0.040422830608302845,0.37162577239169714
4,11855,0.535042168,0.040422830608302845,0.49461933739169717
4,13616,-0.355690453,-0.628012682935548,0.272322229935548
4,13623,0.370236454,-0.10059160464801924,0.47082805864801924
4,13624,1.020282227,0.07295652718904728,0.9473256998109527
4,13646,-0.767997545,0.045571836400830554,-0.8135693814008305
4,13647,-1.377718515,0.01519129154913106,-1.392909806549131
4,13648,-0.208289553,-0.029957280159024786,-0.1783322728409752
4,13652,-0.299773205,0.10690647956808305,-0.406679684568083
4,13656,1.859274648,0.26865127445649695,1.5906233735435031
4,13657,1.337825986,0.17463321039751223,1.1631927756024876
4,13658,2.159423753,0.1500633489074545,2.0093604040925457
4,13855,1.85005724,0.190634910236624,1.659422329763376
4,13858,-0.894834808,0.14531112214806402,-1.040145930148064
4,13860,-0.894834808,0.42304263587451413,-1.3178774438745142
4,13872,0.477611216,-0.313210836237803,0.790822052237803
4,13873,0.477611216,-0.39370905235705345,0.8713202683570535
4,13879,-0.894834808,-0.2783489322617043,-0.6164858757382957
4,13881,-0.894834808,-0.36891235166237907,-0.525922456337621
4,13882,-0.894834808,-0.4015238256941006,-0.4933109823058994
4,13885,-0.894834808,-0.1948258269957621,-0.7000089810042379
4,13891,-0.894834808,-0.363825727494725,-0.531009080505275
4,13895,-0.894834808,-0.41334225528985363,-0.4814925527101464
4,13896,-0.894834808,-0.4152442082453736,-0.4795905997546264
4,13897,-0.894834808,-0.39504696946374335,-0.4997878385362567
4,13900,-0.894834808,-0.43570055431657967,-0.45913425368342037
4,13901,0.477611216,-0.38363541345407,0.8612466294540699
4,14022,-0.894834808,-0.2941518450297514,-0.6006829629702486
4,14023,-0.894834808,-0.30618540780194936,-0.5886494001980507
4,14046,-0.894834808,0.04189116464971371,-0.9367259726497137
4,14047,0.477611216,0.03299193311124441,0.4446192828887556
4,14082,-0.894834808,-0.2734596439925281,-0.621375164007472
4,14095,-0.894834808,-0.26397357217102474,-0.6308612358289754
4,14096,-0.894834808,-0.31562641843216677,-0.5792083895678333
4,14097,-0.894834808,-0.30723428554068394,-0.5876005224593162
4,14173,-0.894834808,-0.41013124202906337,-0.48470356597093667
4,14179,-0.894834808,-0.24887701671167628,-0.6459577912883238
4,14182,-0.894834808,-0.2837751234255633,-0.6110596845744367
4,14191,-0.894834808,-0.3452860481768794,-0.5495487598231206
4,14195,0.477611216,-0.27212405007706186,0.7497352660770619
4,14196,-0.894834808,-0.30258620079221765,-0.5922486072077824
4,14197,-0.894834808,-0.31669438335526945,-0.5781404246447306
4,14279,1.85005724,0.4982017059227127,1.3518555340772873
4,14282,0.477611216,0.42383692156743497,0.05377429443256504
4,14291,0.477611216,0.388660686114255,0.08895052988574498
4,14295,1.85005724,0.4705384635809914,1.3795187764190087
4,14296,0.477611216,0.3246245163312706,0.1529866996687294
4,14297,0.477611216,0.38146959159642124,0.09614162440357876
4,14300,-0.894834808,0.08568044435245321,-0.9805152523524533
5,8,0.861980809,-0.023299107086097386,0.8852799160860974
5,9,1.179052047,-0.0034926506771528272,1.182544697677153
5,10,0.107049291,-0.0034926506771528272,0.11054194167715284
5,11,-0.262867154,-0.0034926506771528272,-0.25937450332284717
5,15,0.76383971,0.027001875590336587,0.7368378344096633
5,16,0.643050669,0.027001875590336587,0.6160487934096633
5,17,-1.425461694,0.027001875590336587,-1.4524635695903365
5,18,-0.179824687,0.027001875590336587,-0.2068265625903366
5,27,0.997868482,-0.19980340942294103,1.197671891422941
5,32,1.088460266,-0.27187722238931156,1.3603374883893116
5,42,0.054204084,0.000763212693889192,0.053440871306110804
5,46,1.179052047,-0.10559986600996064,1.2846519130099607
5,1232,0.022479006,-0.165420359160038,0.187899365160038
5,1233,0.022479006,-0.11940005984278516,0.14187906584278517
5,1234,1.640967437,-0.07257239454840907,1.7135398315484092
5,1235,-0.786765209,0.01223937692019795,-0.799004585920198
5,1236,0.022479006,0.000370772543849112,0.022108233456150886
5,1238,0.022479006,-0.1690715695324543,0.1915505755324543
5,1239,0.022479006,-0.12661117533351365,0.14909018133351365
5,1240,2.450211652,-0.07431170217071068,2.524523354170711
5,1241,0.831723221,0.007950002685281787,0.8237732183147182
5,1242,-0.786765209,-0.004598246152472205,-0.7821669628475278
5,1244,-0.786765209,-0.16292396870310866,-0.6238412402968914
5,1245,-0.786765209,-0.12661117533351365,-0.6601540336664864
5,1246,-0.786765209,-0.07928072086703199,-0.707484488132968
5,1247,0.022479006,0.009115707425066932,0.013363298574933067
5,1248,2.450211652,-0.0034325414126870762,2.4536441934126874
5,1250,-0.786765209,-0.16239945856375684,-0.6243657504362432
5,1251,-0.786765209,-0.12145598996388403,-0.665309219036116
5,1252,0.831723221,-0.08038839416334802,0.9121116151633479
5,1253,0.022479006,0.000815766945795886,0.021663239054204114
5,1254,1.640967437,-0.01173248189195812,1.6526999188919582
5,1256,0.831723221,-0.1575589792777383,0.9892822002777383
5,1257,-0.786765209,-0.11997237556971733,-0.6667928334302827
5,1258,-0.786765209,-0.08229821803197783,-0.7044669909680222
5,1259,0.022479006,0.000815766945795886,0.021663239054204114
5,1260,2.450211652,-0.01173248189195812,2.4619441338919583
5,1262,0.022479006,-0.15607536488357157,0.17855437088357157
5,1263,-0.786765209,-0.11997237556971733,-0.6667928334302827
5,1264,0.831723221,-0.08773208524867938,0.9194553062486793
5,1265,-0.786765209,-0.007563549807974006,-0.779201659192026
5,1266,1.640967437,-0.015456906514776539,1.6564243435147765
5,1341,4.463215259,1.168920268661998,3.294294990338002
5,1344,3.15785114,0.8706430668020412,2.287208073197959
5,1353,3.635545379,1.1851074226620832,2.4504379563379164
5,1355,1.726660714,1.6199960290287394,0.10666468497126069
5,1356,3.844042837,0.84372459895165,3.00031823804835
5,1357,2.001818663,0.5760040090299068,1.425814653970093
5,1362,-0.088669003,0.21468620236400943,-0.3033552053640094
5,1379,0.749568192,0.8597905194613031,-0.11022232746130312
5,1380,1.480471016,0.20846865474197215,1.272002361258028
5,1381,0.177443084,0.04737351121910795,0.13006957278089204
5,1387,1.856763869,0.41844308415207476,1.4383207848479251
5,1388,3.323535609,0.34148816162837026,2.9820474473716296
5,1389,-0.93426936,-0.022384155858660704,-0.9118852041413393
5,1397,1.429955949,0.41844308415207476,1.0115128648479252
5,1398,-0.355911315,0.34148816162837026,-0.6973994766283702
5,1399,-0.742906755,-0.022384155858660704,-0.7205225991413393
5,1407,1.619136637,0.41844308415207476,1.2006935528479252
5,1408,1.409193479,0.34148816162837026,1.0677053173716298
5,1409,-0.711599526,-0.022384155858660704,-0.6892153701413393
5,1417,-0.877806405,0.41844308415207476,-1.2962494891520748
5,1418,-0.505408359,0.34148816162837026,-0.8468965206283703
5,1419,-0.662476421,-0.022384155858660704,-0.6400922651413393
5,1427,-0.693538513,0.41844308415207476,-1.1119815971520748
5,1428,-0.400341463,0.34148816162837026,-0.7418296246283702
5,1429,-0.93426936,-0.022384155858660704,-0.9118852041413393
5,1433,1.050534513,-0.43543645139359227,1.485970964393592
5,1439,-1.176822153,-0.2390491221584853,-0.9377730308415148
5,1441,-0.803142312,-0.05832009344773843,-0.7448222185522615
5,1443,0.014302889,-0.43543645139359227,0.44973934039359226
5,1449,0.141484998,-0.2390491221584853,0.3805341201584853
5,1451,-1.157246598,-0.05832009344773843,-1.0989265045522616
5,1456,-0.558542709,0.3709783774958161,-0.9295210864958161
5,1457,-0.924077082,0.37987278925220813,-1.3039498712522082
5,1458,-1.048791436,0.30124804444050196,-1.3500394804405018
5,1459,0.109480064,-0.03071303733923524,0.14019310133923524
5,1460,-0.387124484,-0.16508998006801662,-0.22203450393198337
5,1466,3.552371007,1.271844785885609,2.280526221114391
5,1467,2.621275799,0.28826755954925204,2.333008239450748
5,1468,0.410494115,0.17632863160891382,0.23416548339108617
5,1474,2.092888747,0.7530905719171304,1.3397981750828696
5,1475,2.268611049,0.7350141038150588,1.5335969451849412
5,1476,-1.155846111,0.08125104732226159,-1.2370971583222616
5,1478,-0.058100067,0.2684642496241805,-0.32656431662418045
5,1484,1.733870673,0.7530905719171304,0.9807801010828696
5,1485,-0.492054398,0.7350141038150588,-1.2270685018150589
5,1486,-1.012092184,0.08125104732226159,-1.0933432313222615
5,1488,-0.709473682,0.2684642496241805,-0.9779379316241805
5,1494,0.85919991,0.7530905719171304,0.1061093380828696
5,1495,0.464552618,0.7350141038150588,-0.27046148581505886
5,1496,-0.359128333,0.08125104732226159,-0.4403793803222616
5,1498,0.021481358,0.2684642496241805,-0.24698289162418047
5,1504,0.869037194,0.7530905719171304,0.11594662208286965
5,1505,-0.367062234,0.7350141038150588,-1.1020763378150589
5,1506,-0.687588201,0.08125104732226159,-0.7688392483222616
5,1508,-0.331391352,0.2684642496241805,-0.5998556016241805
5,1514,-0.574647693,0.7530905719171304,-1.3277382649171303
5,1515,2.268611049,0.7350141038150588,1.5335969451849412
5,1516,-1.155846111,0.08125104732226159,-1.2370971583222616
5,1518,1.18404995,0.2684642496241805,0.9155857003758194
5,1520,0.366203226,-0.26829705914148616,0.6345002851414862
5,1526,-1.269433476,-0.12265407633439625,-1.1467793996656037
5,1528,-0.724367367,-0.0906292625751346,-0.6337381044248654
5,1529,0.102518251,-0.08411312260766758,0.18663137360766757
5,1530,1.561655425,-0.26829705914148616,1.8299524841414863
5,1536,-0.233681648,-0.12265407633439625,-0.11102757166560374
5,1538,-0.88839575,-0.0906292625751346,-0.7977664874248654
5,1539,-0.680317071,-0.08411312260766758,-0.5962039483923325
5,1544,-0.72406397,0.6686810215352796,-1.3927449915352796
5,1545,0.351545841,0.646908189990347,-0.295362348990347
5,1546,-1.105938009,0.06172360380774138,-1.1676616128077413
5,1547,-0.779394104,-0.03351438347745344,-0.7458797205225466
5,1548,-0.293950294,0.16763803352581555,-0.4615883275258156
5,1557,0.242912957,0.5070694959709704,-0.26415653897097036
5,1563,2.293248401,0.13660627157295627,2.156642129427044
5,1566,-0.140579654,0.35767528610776983,-0.49825494010776983
5,1567,0.696869992,0.5070694959709704,0.1898004960290296
5,1573,-0.894303297,0.13660627157295627,-1.0309095685729563
5,1576,-0.580998954,0.35767528610776983,-0.9386742401077699
5,1577,0.459702704,0.5070694959709704,-0.04736679197097038
5,1583,-0.045766652,0.13660627157295627,-0.18237292357295626
5,1586,-0.960805391,0.35767528610776983,-1.3184806771077697
5,1587,0.304648899,0.5070694959709704,-0.20242059697097042
5,1593,-0.862029672,0.13660627157295627,-0.9986359435729563
5,1596,0.916042616,0.35767528610776983,0.5583673298922303
5,1597,0.009120754,0.5070694959709704,-0.4979487419709704
5,1603,-1.034896737,0.13660627157295627,-1.1715030085729563
5,1606,0.43488277,0.35767528610776983,0.07720748389223014
5,1613,-1.299059793,-0.05791793273430684,-1.2411418602656932
5,1615,1.151626167,0.06621045675548175,1.0854157102445183
5,1623,0.255897013,-0.05791793273430684,0.31381494573430685
5,1625,-2.325658245,0.06621045675548175,-2.391868701755482
5,1627,-0.266269649,0.38193854020698387,-0.6482081892069839
5,1632,0.276861674,0.3567533705125184,-0.07989169651251837
5,1633,-0.068040655,0.0685522076806809,-0.1365928626806809
5,1652,0.352317007,0.025930864543185994,0.326386142456814
5,1662,-0.783374016,0.025930864543185994,-0.809304880543186
5,1672,0.853793175,0.025930864543185994,0.8278623104568139
5,1682,0.526960902,0.025930864543185994,0.501030037456814
5,1692,1.071447856,0.025930864543185994,1.045516991456814
5,1700,-1.163429922,-0.37191256791659344,-0.7915173540834065
5,1702,-0.283933579,-0.0676308048783127,-0.2163027741216873
5,1710,-0.516901442,-0.37191256791659344,-0.14498887408340655
5,1712,-0.271260835,-0.0676308048783127,-0.2036300301216873
5,1722,-0.840294202,-0.09958249415941191,-0.7407117078405882
5,1728,0.397957151,0.4052333358457156,-0.007276184845715572
5,1734,1.23971148,1.1256199523851003,0.11409152761489971
5,1735,2.266314079,1.1136376765360365,1.1526764024639633
5,1736,1.241034901,1.0303410580653831,0.2106938429346168
5,1737,1.202230986,0.15058616801929675,1.0516448179807032
5,1738,-0.766036523,0.1930137317955941,-0.9590502547955941
5,1744,1.882976993,1.1256199523851003,0.7573570406148997
5,1745,3.828025825,1.1136376765360365,2.7143881484639634
5,1746,2.364753202,1.0303410580653831,1.334412143934617
5,1747,-0.137212192,0.15058616801929675,-0.28779836001929676
5,1748,-0.745605005,0.1930137317955941,-0.9386187367955942
5,1754,2.535266072,1.1256199523851003,1.4096461196149
5,1755,1.123631891,1.1136376765360365,0.009994214463963536
5,1756,1.800207723,1.0303410580653831,0.7698666649346169
5,1757,-0.591068339,0.15058616801929675,-0.7416545070192968
5,1758,-0.510354591,0.1930137317955941,-0.7033683227955941
5,1764,-0.27647522,1.1256199523851003,-1.4020951723851003
5,1765,1.006189362,1.1136376765360365,-0.10744831453603654
5,1766,-0.779278535,1.0303410580653831,-1.8096195930653831
5,1767,-1.174975547,0.15058616801929675,-1.3255617150192969
5,1768,-0.757411939,0.1930137317955941,-0.9504256707955941
5,1774,-0.508579364,1.1256199523851003,-1.6341993163851003
5,1775,0.140321625,1.1136376765360365,-0.9733160515360365
5,1776,1.59514628,1.0303410580653831,0.5648052219346169
5,1777,-1.257546994,0.15058616801929675,-1.4081331620192967
5,1778,-0.567412789,0.1930137317955941,-0.7604265207955941
5,1786,-1.139253422,-0.08278652128203912,-1.0564669007179608
5,1787,-1.13587796,-0.2070961747840455,-0.9287817852159544
5,1789,-1.359322258,-0.09196462051051721,-1.2673576374894828
5,1796,-0.663799753,-0.08278652128203912,-0.5810132317179609
5,1797,0.897083734,-0.2070961747840455,1.1041799087840454
5,1799,-0.908248111,-0.09196462051051721,-0.8162834904894828
5,1804,-1.314278598,1.033908728494838,-2.348187326494838
5,1805,0.343670306,1.037314545441476,-0.6936442394414761
5,1806,-1.054811211,0.9511160538408922,-2.005927264840892
5,1807,-1.19572424,0.14472512416615357,-1.3404493641661537
5,1808,-0.476628474,0.1807720797713986,-0.6574005537713986
5,1874,-1.388948185,-0.33368779739617443,-1.0552603876038256
5,1876,-0.900358938,-0.11190058087313666,-0.7884583571268633
5,1884,-1.599357826,-0.33368779739617443,-1.2656700286038256
5,1886,-0.421177643,-0.11190058087313666,-0.30927706212686334
5,1913,-1.135277283,-0.0011743834253606239,-1.1341028995746394
5,1923,-1.198550945,-0.0011743834253606239,-1.1973765615746395
5,1933,-0.014377136,-0.0011743834253606239,-0.013202752574639376
5,1943,-0.602186448,-0.0011743834253606239,-0.6010120645746394
5,1953,1.116472758,-0.0011743834253606239,1.1176471414253606
5,1961,-1.277922459,-0.3892857350495201,-0.88863672395048
5,1963,-0.481894896,-0.0412887903444576,-0.4406061056555424
5,1971,-0.880418705,-0.3892857350495201,-0.4911329699504799
5,1973,-0.516915849,-0.0412887903444576,-0.4756270586555424
5,1983,-0.501231077,-0.0997453155700501,-0.4014857614299499
5,1985,0.486354271,0.28191701885802845,0.20443725214197156
5,1991,-0.708595685,0.18656824762802846,-0.8951639326280285
5,2000,-0.701825512,0.09433027001738356,-0.7961557820173836
5,2010,-0.602074861,0.09433027001738356,-0.6964051310173835
5,2020,-0.570158606,0.09433027001738356,-0.6644888760173836
5,2030,-1.139129551,0.09433027001738356,-1.2334598210173835
5,2040,0.936428061,0.09433027001738356,0.8420977909826164
5,2042,-1.338583409,-0.2249536019273584,-1.1136298070726416
5,2050,-0.775595992,-0.07296801231309764,-0.7026279796869023
5,2052,1.203192678,-0.2249536019273584,1.4281462799273583
5,2060,0.171607545,-0.07296801231309764,0.24457555731309766
5,2070,-0.490824118,0.009868854932126657,-0.5006929729321267
5,2085,0.487488189,-0.3175148509057158,0.8050030399057158
5,2087,-0.650998045,0.12363722941389481,-0.7746352744138948
5,2088,0.12508563,-0.10329700860375747,0.22838263860375746
5,2095,-0.946460561,-0.3175148509057158,-0.6289457100942841
5,2097,-0.73796035,0.12363722941389481,-0.8615975794138948
5,2098,0.122761445,-0.10329700860375747,0.22605845360375748
5,2105,-0.480055885,-0.3175148509057158,-0.16254103409428422
5,2107,0.24716314,0.12363722941389481,0.1235259105861052
5,2108,0.790953222,-0.10329700860375747,0.8942502306037574
5,2115,-1.229370352,-0.3175148509057158,-0.9118555010942844
5,2117,-1.277589857,0.12363722941389481,-1.4012270864138947
5,2118,-0.092679135,-0.10329700860375747,0.010617873603757474
5,2125,-1.132456615,-0.3175148509057158,-0.8149417640942842
5,2127,1.053038101,0.12363722941389481,0.9294008715861053
5,2128,-0.093432998,-0.10329700860375747,0.009864010603757467
5,2134,-1.086878613,-0.40925591987581833,-0.6776226931241818
5,2135,-1.207867356,-0.404826941843201,-0.8030404141567989
5,2137,-0.950336352,-0.06539382102211429,-0.8849425309778857
5,2144,-0.772601424,-0.40925591987581833,-0.36334550412418165
5,2145,-1.099465602,-0.404826941843201,-0.694638660156799
5,2147,-0.327804087,-0.06539382102211429,-0.26241026597788575
5,2149,0.494540472,-0.05506219815149552,0.5496026701514956
5,2155,-1.136180435,-0.3731886775129987,-0.7629917574870013
5,2157,-0.695128227,0.06108503884397192,-0.7562132658439719
5,2158,0.847947964,-0.132205297502815,0.980153261502815
5,2166,-1.140263842,0.07948834011368598,-1.2197521821136859
5,2172,0.279979518,-0.4667903417176327,0.7467698597176327
5,2174,-0.808339111,-0.04009670528198145,-0.7682424057180186
5,2175,-0.74756639,0.0434942192345778,-0.7910606092345778
5,2176,-0.421794903,0.07948834011368598,-0.501283243113686
5,2182,-0.91879167,-0.4667903417176327,-0.4520013282823673
5,2184,-0.728448649,-0.04009670528198145,-0.6883519437180186
5,2185,-0.390073021,0.0434942192345778,-0.4335672402345778
5,2186,-0.511713504,0.07948834011368598,-0.591201844113686
5,2192,-0.283020901,-0.4667903417176327,0.18376944071763268
5,2194,-0.787962088,-0.04009670528198145,-0.7478653827180186
5,2195,-0.596181535,0.0434942192345778,-0.6396757542345779
5,2196,-0.995111756,0.07948834011368598,-1.074600096113686
5,2202,-0.22497571,-0.4667903417176327,0.24181463171763268
5,2204,-0.913083446,-0.04009670528198145,-0.8729867407180185
5,2205,-1.014962012,0.0434942192345778,-1.0584562312345778
5,2206,-0.13434746,0.07948834011368598,-0.21383580011368597
5,2212,-0.860392087,-0.4667903417176327,-0.39360174528236735
5,2214,0.925203845,-0.04009670528198145,0.9653005502819814
5,2215,-0.089199012,0.0434942192345778,-0.1326932312345778
5,2222,-1.2424281,-0.443266320423576,-0.7991617795764239
5,2224,-0.775863048,-0.15496539905318954,-0.6208976489468105
5,2232,-0.112182956,-0.443266320423576,0.331083364423576
5,2234,0.175123901,-0.15496539905318954,0.33008930005318954
5,2236,-1.314015439,-0.032457248690309214,-1.2815581903096909
5,2242,-0.819840221,-0.5037067231555237,-0.3161334978444763
5,2244,-0.695123672,-0.1292774565586651,-0.565846215441335
5,2245,-1.343813738,0.0028505308306138837,-1.3466642688306139
5,2253,0.309214359,0.165764939008726,0.143449419991274
5,2259,-0.709306252,-0.3800713258332479,-0.3292349261667521
5,2261,-0.576737432,0.0041215085306302215,-0.5808589405306303
5,2262,0.713626497,0.09201128436106237,0.6216152126389376
5,2263,0.295520148,0.165764939008726,0.129755208991274
5,2269,-0.612402558,-0.3800713258332479,-0.2323312321667521
5,2271,-0.873733084,0.0041215085306302215,-0.8778545925306303
5,2272,0.06659807,0.09201128436106237,-0.025413214361062378
5,2273,-0.045743915,0.165764939008726,-0.211508854008726
5,2279,-1.125353308,-0.3800713258332479,-0.7452819821667521
5,2281,-0.839496926,0.0041215085306302215,-0.8436184345306302
5,2282,-0.774812395,0.09201128436106237,-0.8668236793610624
5,2283,-1.110277164,0.165764939008726,-1.276042103008726
5,2289,-0.834314666,-0.3800713258332479,-0.45424334016675216
5,2291,-1.190575398,0.0041215085306302215,-1.1946969065306303
5,2292,0.430059577,0.09201128436106237,0.33804829263893765
5,2293,-0.145752165,0.165764939008726,-0.311517104008726
5,2299,-1.046547395,-0.3800713258332479,-0.6664760691667521
5,2301,0.160338675,0.0041215085306302215,0.15621716646936978
5,2302,-0.435712265,0.09201128436106237,-0.5277235493610624
5,2309,-1.385594344,-0.4449170717543184,-0.9406772722456817
5,2311,-1.359322258,-0.12403518227012933,-1.2352870757298706
5,2319,0.011516972,-0.4449170717543184,0.4564340437543184
5,2321,-0.92740589,-0.12403518227012933,-0.8033707077298706
5,2323,-1.345204606,0.050219224298438635,-1.3954238302984387
5,2328,-1.07567779,-0.31162160989866,-0.7640561801013401
5,2329,-1.261451655,-0.42959767839792506,-0.8318539766020748
5,2332,-1.353633281,0.0612849258249634,-1.4149182068249635
5,2337,0.568376817,0.4162821073319185,0.15209470966808147
5,2343,1.312852851,1.206120070595932,0.10673278040406786
5,2344,1.253664288,1.1831871369203442,0.0704771510796558
5,2345,0.252571605,1.0992014707385525,-0.8466298657385525
5,2346,0.070159054,0.16615339106000487,-0.09599433706000488
5,2347,-0.614484004,0.22345711178364203,-0.837941115783642
5,2353,1.688036469,1.206120070595932,0.48191639840406797
5,2354,1.58131433,1.1831871369203442,0.39812719307965594
5,2355,-0.825621473,1.0992014707385525,-1.9248229437385524
5,2356,-0.484313694,0.16615339106000487,-0.650467085060005
5,2357,-0.118180704,0.22345711178364203,-0.34163781578364205
5,2363,0.55367417,1.206120070595932,-0.6524459005959321
5,2364,-0.386889764,1.1831871369203442,-1.5700769009203441
5,2365,-0.55928092,1.0992014707385525,-1.6584823907385524
5,2366,-0.97262308,0.16615339106000487,-1.1387764710600048
5,2367,-0.254393953,0.22345711178364203,-0.47785106478364203
5,2373,0.688785024,1.206120070595932,-0.5173350465959321
5,2374,-0.184057535,1.1831871369203442,-1.3672446719203442
5,2375,-1.359322258,1.0992014707385525,-2.4585237287385526
5,2376,-0.070787682,0.16615339106000487,-0.2369410730600049
5,2377,-0.60579576,0.22345711178364203,-0.829252871783642
5,2383,0.178190487,1.206120070595932,-1.0279295835959321
5,2384,-0.273458907,1.1831871369203442,-1.4566460439203441
5,2385,0.24893284,1.0992014707385525,-0.8502686307385525
5,2386,-1.246232311,0.16615339106000487,-1.4123857020600048
5,2387,-0.562192689,0.22345711178364203,-0.785649800783642
5,2395,-0.1991486,-0.11715423515766328,-0.08199436484233673
5,2396,-1.359322258,-0.23832258737724757,-1.1209996706227523
5,2398,-0.638432812,-0.10020054264894117,-0.5382322693510588
5,2405,-0.376342004,-0.11715423515766328,-0.25918776884233674
5,2406,-0.891305304,-0.23832258737724757,-0.6529827166227524
5,2408,-0.760310688,-0.10020054264894117,-0.6601101453510588
5,2413,-1.337741353,1.10607939724915,-2.44382075024915
5,2414,-0.379317739,1.101202807736939,-1.480520546736939
5,2415,0.582120483,1.010484822915133,-0.4283643399151331
5,2416,-0.440669686,0.14599873980862288,-0.5866684258086229
5,2417,-0.969541721,0.21513231544071165,-1.1846740364407116
5,2418,-0.836072905,0.08488758565678597,-0.920960490656786
5,2421,2.054706751,1.168920268661998,0.885786482338002
5,2424,-0.118421706,0.8706430668020412,-0.9890647728020412
5,2433,1.709269864,1.1851074226620832,0.5241624413379167
5,2435,1.071909769,1.6199960290287394,-0.5480862600287395
5,2436,0.6476599,0.84372459895165,-0.19606469895165002
5,2437,0.441638521,0.5760040090299068,-0.13436548802990678
5,2442,-0.290599539,0.21468620236400943,-0.5052857413640095
5,2457,1.576348926,1.168920268661998,0.40742865733800215
5,2460,0.111974111,0.8706430668020412,-0.7586689558020412
5,3673,-0.412001814,-0.24261873858373703,-0.169383075416263
5,4504,-0.857647379,0.01398111979976126,-0.8716284987997612
5,4507,-0.445013825,-0.047216685321685464,-0.39779713967831454
5,4520,-0.032380272,0.01398111979976126,-0.04636139179976126
5,4523,-0.059889175,-0.047216685321685464,-0.012672489678314539
5,4536,0.352744378,0.01398111979976126,0.3387632582002388
5,4539,-0.087398079,-0.047216685321685464,-0.04018139367831454
5,4632,-0.445013825,0.01398111979976126,-0.4589949447997612
5,4635,-1.902985714,-0.047216685321685464,-1.8557690286783144
5,4728,0.517797799,0.01398111979976126,0.5038166792002388
5,4731,-0.417504922,-0.047216685321685464,-0.37028823667831456
5,5198,-0.568495502,-0.38811718593763983,-0.18037831606236016
5,5199,0.107081957,-0.3800090967950874,0.4870910537950874
5,5217,-0.719918036,-0.019328881194092814,-0.7005891548059072
5,5218,0.229384773,0.030092373726632538,0.19929239927336745
5,5219,0.176969281,0.04256558730838821,0.1344036936916118
5,5236,-0.609263108,-0.5242822752884425,-0.08498083271155754
5,5239,0.025546747,-0.407613634470629,0.43316038147062896
5,5241,-0.061812408,-0.1565055943428372,0.0946931863428372
5,5244,0.986497443,0.07377096169133213,0.9127264813086678
5,5270,0.017417296,-0.5022945930913207,0.5197118890913207
5,5272,-0.931087323,-0.33827950911570576,-0.5928078138842943
5,5273,-0.173877753,-0.2749717127212256,0.10109395972122562
5,5274,-1.002822966,-0.8015292376358134,-0.20129372836418669
5,5277,-1.058617355,-0.7590274795684777,-0.29958987543152227
5,5279,-0.277495905,-0.7476744048162072,0.4701784998162072
5,5340,1.603572079,0.18781691930665756,1.4157551596933424
5,5360,-1.010793593,-0.38811718593763983,-0.6226764070623603
5,5361,-1.010793593,-0.3800090967950874,-0.6307844962049127
5,5379,-1.010793593,-0.019328881194092814,-0.9914647118059072
5,5380,-1.010793593,0.030092373726632538,-1.0408859667266326
5,5381,-1.010793593,0.04256558730838821,-1.0533591803083882
5,5398,-1.010793593,-0.5242822752884425,-0.48651131771155753
5,5401,-1.010793593,-0.407613634470629,-0.6031799585293711
5,5403,-1.010793593,-0.1565055943428372,-0.8542879986571629
5,5406,-1.010793593,0.07377096169133213,-1.0845645546913323
5,5444,-0.906284232,-0.5022945930913207,-0.4039896389086792
5,5446,-1.599333523,-0.33827950911570576,-1.2610540138842943
5,5447,-1.046058879,-0.2749717127212256,-0.7710871662787744
5,5448,-1.651749015,-0.8015292376358134,-0.8502197773641866
5,5451,-1.69251662,-0.7590274795684777,-0.9334891404315222
5,5453,-1.121770146,-0.7476744048162072,-0.37409574118379285
5,5502,0.124553788,0.18781691930665756,-0.06326313130665756
5,6293,-0.596779256,-0.23757622488079028,-0.35920303111920976
5,6841,0.581214361,-0.08657096575745078,0.6677853267574508
5,6842,-1.3706713,-0.09509253285134425,-1.2755787671486556
5,6843,1.663900938,0.266899044546093,1.397001893453907
5,6844,-1.431667727,-0.23838961908761466,-1.1932781079123853
5,6845,0.3296041,-0.07370106709580809,0.4033051670958081
5,6846,0.764203641,-0.09512054928055053,0.8593241902805506
5,6847,0.46684606,-0.04054858516618961,0.5073946451661896
5,6848,0.611712574,-0.21346930689049828,0.8251818808904983
5,6849,-0.059248122,-0.10674745064741781,0.04749932864741781
5,6850,1.015813902,0.04244556243484072,0.9733683395651593
5,6851,1.877388432,0.17430883834867053,1.7030795936513294
5,6852,0.947192922,0.061039107518255684,0.8861538144817444
5,6853,0.390600527,-0.12662703845028245,0.5172275654502825
5,6854,0.527842487,-0.01930032726995595,0.5471428142699559
5,6855,1.19117863,0.0276222286220576,1.1635564013779425
5,6856,1.793518345,0.13774050757464104,1.6557778374253591
5,6857,0.070369285,0.07642666391047094,-0.006057378910470937
5,6858,1.763020132,0.24717856747081896,1.5158415645291812
5,6859,0.039871072,-0.04292772989827595,0.08279880189827596
5,6860,0.26098312,0.13178507325582445,0.12919804674417557
5,8997,0.099225408,-0.31455664341852235,0.41378205141852237
5,9002,-1.171742759,-0.352842485821799,-0.818900273178201
5,9004,0.192573352,-0.4325965488702612,0.6251699008702613
5,9027,0.522881463,0.014033702393093182,0.5088477606069068
5,9029,0.788564074,-0.01713520339423815,0.8056992773942381
5,9032,-1.071214203,-0.28894675757912464,-0.7822674454208753
5,9034,0.027419297,-0.15993321418524237,0.18735251118524238
5,9139,0.192573352,0.24443913992226815,-0.05186578792226815
5,9144,-2.054957926,-0.009747514973832623,-2.0452104110261677
5,9147,-0.202360259,-0.024050893451552896,-0.1783093655484471
5,9149,-0.783989759,-0.008696600154942566,-0.7752931588450575
5,9152,-0.202360259,-0.13321024851444552,-0.06915001048555447
5,9199,1.334290519,0.468212734001215,0.8660777849987851
5,9204,1.549708852,0.490289923212126,1.059418928787874
5,9206,1.506625185,0.5196925321316654,0.9869326528683346
5,9207,1.750765963,0.44938065623507306,1.301385306764927
5,9209,1.750765963,0.4671199053216537,1.2836460576783464
5,9211,1.111691574,0.4259974568736935,0.6856941171263065
5,9212,0.924995685,0.28102303939033724,0.6439726456096627
5,9213,0.580326352,0.4273532125461069,0.15297313945389313
5,9214,2.145699573,0.3877995885276071,1.7578999844723928
5,9232,-1.624762194,-0.7591867405081744,-0.8655754534918257
5,9235,-0.431538529,-0.7078526533658344,0.27631412436583436
5,9238,0.243866695,-0.7417424543220202,0.9856091493220203
5,9240,0.173833035,-0.7417424543220202,0.9155754893220203
5,9253,-1.33330144,-0.4253253162058912,-0.9079761237941089
5,9254,-0.686993682,-0.5022579389692463,-0.18473574303075369
5,9256,-0.334824643,-0.40239891140247264,0.06757426840247266
5,9257,0.629754457,-0.5022579389692463,1.1320123959692463
5,9258,0.610721458,-0.5022579389692463,1.1129793969692463
5,9259,0.612086955,-0.41164368082598574,1.0237306358259857
5,9260,1.163736807,-0.5022579389692463,1.6659947459692463
5,9261,1.08903328,-0.41164368082598574,1.5006769608259858
5,9262,1.070096395,-0.5022579389692463,1.5723543339692463
5,9263,0.460927733,-0.5022579389692463,0.9631856719692463
5,9274,-0.918026762,-0.8880411200214542,-0.029985641978545807
5,9277,-1.261542128,-0.8336716916505,-0.42787043634950006
5,9280,0.404170109,-0.8718227252073721,1.275992834207372
5,9282,0.4373486,-0.8718227252073721,1.3091713252073722
5,9295,0.477771075,-0.7439311785462709,1.221702253546271
5,9298,-1.064656423,-0.7002879047796723,-0.3643685182203277
5,9301,1.452975866,-0.718845873971129,2.1718217399711293
5,9303,0.445838767,-0.718845873971129,1.164684640971129
5,9316,-1.573854334,-0.508893467838202,-1.064960866161798
5,9317,0.600270322,-0.5728098657433236,1.1730801877433237
5,9319,-0.737932475,-0.47222753629485853,-0.2657049387051415
5,9320,-0.767798862,-0.5728098657433236,-0.19498899625667643
5,9321,-1.210972328,-0.5728098657433236,-0.6381624622566764
5,9322,0.50271681,-0.510001046765579,1.012717856765579
5,9323,-1.483937002,-0.5728098657433236,-0.9111271362566764
5,9324,0.419628069,-0.510001046765579,0.9296291157655789
5,9325,-1.546091433,-0.5728098657433236,-0.9732815672566764
5,9326,-1.1209633,-0.5728098657433236,-0.5481534342566765
5,9337,0.446416562,-0.217147646114461,0.663564208114461
5,9338,0.666822848,-0.2637298724815799,0.93055272048158
5,9340,0.706047751,-0.2034923265503839,0.9095400775503839
5,9341,1.071746924,-0.2637298724815799,1.33547679648158
5,9342,1.092477956,-0.2637298724815799,1.35620782848158
5,9343,1.086047083,-0.22502088768332384,1.311067970683324
5,9344,1.172380538,-0.2637298724815799,1.43611041048158
5,9345,1.210931531,-0.22502088768332384,1.435952418683324
5,9346,1.105597115,-0.2637298724815799,1.3693269874815799
5,9347,0.458257501,-0.2637298724815799,0.7219873734815799
5,9358,-1.303040651,-0.27401847675102636,-1.0290221742489738
5,9359,-1.140286854,-0.32843401665998034,-0.8118528373400196
5,9361,1.099563959,-0.2714363236971307,1.3710002826971306
5,9362,0.492907546,-0.32843401665998034,0.8213415626599803
5,9363,1.294104235,-0.32843401665998034,1.6225382516599804
5,9364,1.259221083,-0.2807416685352144,1.5399627515352143
5,9365,0.523380452,-0.32843401665998034,0.8518144686599805
5,9366,1.069852241,-0.2807416685352144,1.3505939095352144
5,9367,0.813530947,-0.32843401665998034,1.1419649636599802
5,9368,1.1792025,-0.32843401665998034,1.5076365166599803
5,9379,1.756864191,-0.6033973312338472,2.360261522233847
5,9380,0.588901121,-0.6893288171670429,1.2782299381670428
5,9382,0.470392308,-0.5504117411142868,1.020804049114287
5,9383,0.04077328,-0.6893288171670429,0.7301020971670429
5,9384,-0.074576992,-0.6893288171670429,0.6147518251670429
5,9385,0.476912668,-0.594686788270309,1.071599456270309
5,9386,-0.582337596,-0.6893288171670429,0.10699122116704285
5,9387,0.436198533,-0.594686788270309,1.030885321270309
5,9388,-0.449073458,-0.6893288171670429,0.24025535916704288
5,9389,-0.54759475,-0.6893288171670429,0.14173406716704284
5,9400,0.464973405,-0.6033973312338472,1.0683707362338473
5,9401,-0.124361299,-0.6893288171670429,0.5649675181670428
5,9403,-1.468961827,-0.5504117411142868,-0.9185500858857132
5,9404,0.484042862,-0.6893288171670429,1.173371679167043
5,9405,0.462326373,-0.6893288171670429,1.1516551901670429
5,9406,0.465529105,-0.594686788270309,1.060215893270309
5,9407,-0.206459061,-0.6893288171670429,0.48286975616704286
5,9408,0.399095895,-0.594686788270309,0.9937826832703089
5,9409,0.43338689,-0.6893288171670429,1.1227157071670428
5,9410,0.47214558,-0.6893288171670429,1.161474397167043
5,9421,-0.7419671,0.09105258163488116,-0.8330196816348812
5,9422,1.526887273,0.11846278208048953,1.4084244909195105
5,9425,-0.886080092,0.11846278208048953,-1.0045428740804896
5,9426,-0.964359764,0.11846278208048953,-1.0828225460804894
5,9427,-0.901812034,0.1268609682531685,-1.0286730022531685
5,9428,-0.880948429,0.11846278208048953,-0.9994112110804896
5,9429,-0.923624638,0.1268609682531685,-1.0504856062531687
5,9430,0.510017139,0.11846278208048953,0.39155435691951046
5,9431,0.612172023,0.11846278208048953,0.4937092409195104
5,9442,-0.408413457,0.09105258163488116,-0.49946603863488115
5,9443,0.419314314,0.11846278208048953,0.3008515319195105
5,9446,-0.99260987,0.11846278208048953,-1.1110726520804894
5,9447,-1.619348815,0.11846278208048953,-1.7378115970804895
5,9448,-1.583786228,0.1268609682531685,-1.7106471962531684
5,9449,-1.450062505,0.11846278208048953,-1.5685252870804895
5,9450,-1.400808488,0.1268609682531685,-1.5276694562531685
5,9451,0.416543547,0.11846278208048953,0.29808076491951047
5,9452,0.445689623,0.11846278208048953,0.32722684091951043
5,9464,1.091151126,0.4224303247575481,0.6687208012424519
5,9467,1.596050373,0.4224303247575481,1.173620048242452
5,9468,0.74362986,0.4224303247575481,0.3211995352424519
5,9470,0.799345684,0.4224303247575481,0.37691535924245184
5,9472,1.105597115,0.4224303247575481,0.6831667902424519
5,9473,1.067570888,0.4224303247575481,0.6451405632424521
5,9479,1.079710115,0.9831200521700445,0.09659006282995541
5,9480,1.088730572,0.9831200521700445,0.10561051982995551
5,9481,1.097039557,0.9831200521700445,0.1139195048299555
5,9482,0.795733082,0.9831200521700445,-0.18738697017004446
5,9483,0.696280468,0.9831200521700445,-0.2868395841700445
5,9707,0.080891692,-0.328135119604384,0.40902681160438403
5,9708,-0.641124711,-0.23419255174785722,-0.40693215925214277
5,9709,-0.890095884,-0.09654396741174445,-0.7935519165882555
5,9984,-0.354126148,-0.2989681886734195,-0.055157959326580464
5,9985,-0.010183513,-0.3041461061203567,0.2939625931203567
5,9986,-0.669632331,-0.371423861819471,-0.29820846918052896
5,9987,1.129768186,-0.2985861697069156,1.4283543557069156
5,9988,0.213179387,-0.2936613370218506,0.5068407240218507
5,9989,-0.599626528,-0.42240064396898563,-0.1772258840310144
5,9990,-0.707697576,-0.31529870447527364,-0.3923988715247264
5,9991,-0.310250185,-0.3622678063361502,0.05201762133615018
5,9992,-0.111019565,-0.341295105614233,0.230275540614233
5,9993,-0.599626528,-0.3245956433805299,-0.2750308846194702
5,9994,0.857657267,-0.3188576776680141,1.176514944668014
5,9995,-0.003548353,-0.2596742928798551,0.2561259398798551
5,9996,-0.707697576,-0.32295902916572367,-0.3847385468342764
5,9997,-0.599626528,-0.3482478222124953,-0.25137870578750476
5,9998,-0.769355876,-0.3749115980607141,-0.3944442779392859
5,9999,-0.941245236,-0.3242628738804446,-0.6169823621195554
5,10000,-0.791287553,-0.31733055703436136,-0.4739569959656386
5,10001,-0.688385022,-0.31743160710176455,-0.3709534148982354
5,10002,-0.331816265,-0.30263196160626504,-0.029184303393734956
5,10004,0.644849905,-0.3160423839733654,0.9608922889733653
5,10006,2.357458435,-0.20694991116399733,2.5644083461639973
5,10007,1.562535597,-0.2058156714857066,1.7683512684857068
5,10008,-0.310250185,-0.13257245615512522,-0.1776777288448748
5,10009,2.176195456,-0.18421130327052887,2.360406759270529
5,10010,-0.521589566,-0.1635712031174486,-0.35801836288255134
5,10011,-0.791287553,-0.12748379402877796,-0.663803758971222
5,10012,1.425179142,-0.13433459141586643,1.5595137334158664
5,10013,-0.970002081,-0.1594217699683628,-0.8105803110316372
5,10015,0.132837836,-0.329758170397059,0.462596006397059
5,10016,-0.43889128,-0.36447033838969567,-0.07442094161030433
5,10017,2.497233129,-0.30893075604276926,2.8061638850427695
5,10018,-0.567273661,-0.3007696982308555,-0.2665039627691445
5,10019,-0.599626528,-0.4304681085790176,-0.16915841942098242
5,10020,-0.748143402,-0.3078610898890794,-0.44028231211092056
5,10021,-0.239972507,-0.3789189421855812,0.1389464351855812
5,10022,0.293038214,-0.34956836968818733,0.6426065836881873
5,10023,-0.707697576,-0.32485323365823077,-0.3828443423417693
5,10024,3.565285689,-0.31537705472704985,3.88066274372705
5,10025,0.367841982,-0.24065280350530321,0.6084947855053032
5,10026,-0.583247867,-0.32839134261757086,-0.2548565243824291
5,10027,-0.27919194,-0.33586348491054624,0.05667154491054621
5,10028,-0.669632331,-0.35866420342664174,-0.31096812757335823
5,10029,-0.521589566,-0.33047415546764825,-0.1911154105323517
5,10030,-0.813988917,-0.32226076558580075,-0.49172815141419923
5,10032,-0.633682944,-0.30724156241466694,-0.3264413815853331
5,10034,0.164146646,-0.30833609678185375,0.47248274278185376
5,10036,2.067897218,-0.20032727393723695,2.268224491937237
5,10037,0.448156394,-0.2296519191083517,0.6778083131083517
5,10038,-0.134835354,-0.1647667177626297,0.029931363762629698
5,10039,3.416282483,-0.2105726155520185,3.6268550985520185
5,10040,-0.521589566,-0.1986691546473822,-0.32292041135261773
5,10042,0.702752797,-0.10124971352498886,0.804002510524989
5,10043,-0.861931034,-0.16349362690553382,-0.6984374070944662
5,10044,-0.551684412,-0.3289770506674578,-0.22270736133254215
5,10045,0.86631767,-0.3340673656935888,1.2003850356935888
5,10046,-0.073177053,-0.355689593761474,0.28251254076147403
5,10047,1.219436165,-0.32328527888531716,1.5427214438853172
5,10048,-0.567273661,-0.30645658559402467,-0.2608170754059753
5,10049,-0.861931034,-0.4440957643727586,-0.41783526962724143
5,10050,-0.567273661,-0.30806147637516884,-0.25921218462483114
5,10051,-0.426080516,-0.3773855391512098,-0.048694976848790206
5,10052,0.467565526,-0.33138147597921425,0.7989470019792142
5,10053,-0.194072233,-0.29228545413551205,0.09821322113551204
5,10054,0.965057303,-0.2952629827326691,1.2603202857326692
5,10055,-0.616430654,-0.1673797711159449,-0.44905088288405504
5,10056,-1.000096926,-0.2659485308037092,-0.7341483951962908
5,10057,-0.913712463,-0.20860922392026243,-0.7051032390797376
5,10058,-0.837515966,-0.3490625450185085,-0.4884534209814915
5,10059,-0.551684412,-0.30467040286898345,-0.2470140091310165
5,10060,-0.913712463,-0.169110812142294,-0.744601650857706
5,10061,-0.331816265,-0.18805070734207768,-0.14376555765792232
5,10062,-0.616430654,-0.29989830920243027,-0.3165323447975697
5,10063,0.236369058,-0.23527808576690637,0.47164714376690636
5,10064,0.19400991,-0.30542404586060495,0.49943395586060496
5,10065,2.684550049,-0.10614411343890473,2.7906941624389043
5,10066,1.079797131,-0.1816603979732252,1.2614575289732253
5,10067,0.071179533,-0.16410320320085578,0.23528273620085577
5,10068,-0.269161932,-0.09066232832323731,-0.17849960367676268
5,10069,1.026984092,-0.09819303563732414,1.1251771276373241
5,10070,-0.813988917,-0.11430218492430576,-0.6996867320756942
5,10071,-0.633682944,-0.02869739103508099,-0.6049855529649191
5,10072,-0.616430654,0.017167431017760634,-0.6335980850177606
5,10073,-1.000096926,-0.0830030019947163,-0.9170939240052838
5,10075,1.373764787,0.1838328917336433,1.1899318952663567
5,10078,1.124896721,0.15135936031262368,0.9735373606873764
5,10096,-1.545204265,0.1523425995867613,-1.6975468645867613
5,10098,-1.991610026,0.06182979544547424,-2.0534398214454743
5,13887,-0.894834808,-0.4524689707549292,-0.44236583724507084
